OrderID,Num_Traffic_Lights
OD5641095040,11.0
OD0277345011,19.0
OD4917557307,10.0
OD5389201855,21.0
OD1985308402,11.0
OD4998236973,11.0
OD6378650779,18.0
OD4631628621,11.0
OD8680585972,22.0
OD2394990058,17.0
OD3300828994,18.0
OD5433260636,4.0
OD3311620449,5.0
OD2451672583,22.0
OD2709961176,9.0
OD2337418125,11.0
OD1117836554,5.0
OD1716356287,11.0
OD5531736635,14.0
OD3781937414,22.0
OD3144457292,22.0
OD8721128906,11.0
OD4785130435,17.0
OD8603956339,8.0
OD2594751925,10.0
OD1219407934,6.0
OD4964164641,14.0
OD8537229126,11.0
OD6808181799,19.0
OD5001534924,4.0
OD6839635993,12.0
OD7463645804,23.0
OD3805146494,6.0
OD3478094089,20.0
OD1208499000,7.0
OD6124438527,17.0
OD4196764782,23.0
OD0169343696,8.0
OD3101674228,15.0
OD1417884663,4.0
OD6075394311,10.0
OD3736784511,18.0
OD8223900137,9.0
OD0537205694,5.0
OD0142475495,14.0
OD5680760777,8.0
OD2088819197,14.0
OD7069686154,8.0
OD2855753210,20.0
OD8024212338,13.0
OD9601680663,8.0
OD8666533346,20.0
OD0729060016,19.0
OD3785148069,4.0
OD7762652444,18.0
OD2802786135,21.0
OD4911259625,12.0
OD8969574226,13.0
OD3207776481,16.0
OD4369543686,20.0
OD7738259321,6.0
OD0402288517,7.0
OD1428855153,15.0
OD0248645524,9.0
OD8048086345,16.0
OD6249463416,17.0
OD9602531940,18.0
OD7399547659,8.0
OD1635913281,13.0
OD7993970537,7.0
OD4840045219,11.0
OD5400929113,11.0
OD3496625693,4.0
OD0566566620,7.0
OD1109504789,23.0
OD6501968379,7.0
OD8165205150,11.0
OD0711409427,20.0
OD6464417257,8.0
OD3937003623,12.0
OD1464646301,11.0
OD6670042272,21.0
OD1768830456,12.0
OD8374278530,19.0
OD2863913629,8.0
OD5937310442,9.0
OD6290849954,7.0
OD9646591195,18.0
OD0390076188,7.0
OD4689428338,10.0
OD5352428906,7.0
OD2044206618,7.0
OD4056457547,10.0
OD3060863759,15.0
OD2157699678,14.0
OD1194989606,18.0
OD0416398878,12.0
OD6354270999,15.0
OD5380402126,10.0
OD0170592071,14.0
OD5829339142,10.0
OD2652364139,6.0
OD0042380218,17.0
OD7881893715,21.0
OD6124109433,15.0
OD0610035174,15.0
OD1831079444,6.0
OD1355923351,7.0
OD1050401801,4.0
OD6774743017,5.0
OD7880708417,23.0
OD1711538141,10.0
OD9121744933,14.0
OD1164529284,18.0
OD8027933798,7.0
OD2239798952,4.0
OD1524151824,6.0
OD5929166040,9.0
OD5981179259,12.0
OD4548332930,4.0
OD1892572231,14.0
OD1050107570,18.0
OD8449226381,7.0
OD6379685696,21.0
OD7786905554,23.0
OD0242825747,13.0
OD3913473416,20.0
OD9423032040,6.0
OD8236816824,7.0
OD1927320967,22.0
OD6667022629,19.0
OD4725477546,10.0
OD4402905938,22.0
OD0281346947,23.0
OD4832226465,15.0
OD3186644610,8.0
OD1634269045,23.0
OD2053925488,15.0
OD4057290062,9.0
OD7927161806,20.0
OD5185209888,13.0
OD6917829674,8.0
OD2738994249,20.0
OD9929585681,18.0
OD4792316685,5.0
OD6719889823,7.0
OD5502919911,12.0
OD2842843141,17.0
OD6852005322,15.0
OD5758855158,15.0
OD8530438665,17.0
OD3617149581,15.0
OD8916399592,20.0
OD7942361318,19.0
OD8213743136,9.0
OD0728719894,5.0
OD4504139988,8.0
OD4786413740,10.0
OD6612482097,9.0
OD8829026657,15.0
OD0592549429,18.0
OD9988877510,5.0
OD8933800504,19.0
OD1775519015,22.0
OD5763287359,23.0
OD1078315866,16.0
OD9788666209,
OD5287770972,13.0
OD8837234997,11.0
OD2383539071,9.0
OD6118940089,8.0
OD0499420941,14.0
OD4716389035,14.0
OD1092547896,20.0
OD0307385528,17.0
OD5203103493,11.0
OD7935305366,22.0
OD7578707096,21.0
OD0514598739,13.0
OD5278167991,19.0
OD2557647244,15.0
OD1811730952,4.0
OD1081875721,13.0
OD2667977791,19.0
OD7459008137,8.0
OD7158693071,4.0
OD6490060415,6.0
OD1002827999,19.0
OD6775891129,14.0
OD8132050679,7.0
OD2724327915,6.0
OD8220258846,4.0
OD3692346201,20.0
OD3027396214,7.0
OD6233247531,23.0
OD5442403018,12.0
OD9664146158,5.0
OD8002176919,16.0
OD2683154702,6.0
OD5471225723,7.0
OD2480359144,18.0
OD0813424286,17.0
OD6203669278,10.0
OD5814546794,20.0
OD1948341471,22.0
OD9796567655,6.0
OD3429090420,8.0
OD5137567654,23.0
OD7451589440,16.0
OD8142883435,16.0
OD8516248425,23.0
OD4966217595,4.0
OD2970853265,7.0
OD7901124345,20.0
OD0064198910,23.0
OD6443479020,20.0
OD1874140299,5.0
OD0758774209,13.0
OD0453965603,7.0
OD1286578957,12.0
OD7914919696,14.0
OD3918919338,18.0
OD2819830781,14.0
OD8774481063,11.0
OD1257909036,8.0
OD4391604014,5.0
OD9866380225,13.0
OD5949326556,8.0
OD4472040658,22.0
OD1897996941,14.0
OD1664128598,9.0
OD3176806499,15.0
OD1432152187,7.0
OD7957668153,13.0
OD0547785144,13.0
OD3526418267,10.0
OD0109021587,10.0
OD0014945913,4.0
OD2330123346,10.0
OD6803882429,12.0
OD4075631702,11.0
OD8921589197,9.0
OD8101562141,13.0
OD4280860514,14.0
OD4792209877,23.0
OD3745963507,20.0
OD4330893104,7.0
OD1180422798,7.0
OD8383136862,14.0
OD2046783909,18.0
OD9240412624,8.0
OD7175415343,13.0
OD6382968007,21.0
OD9012411488,19.0
OD0810540750,6.0
OD5354510341,20.0
OD6629606165,6.0
OD3326572577,16.0
OD4334188345,6.0
OD7032416139,8.0
OD1063861223,14.0
OD8682136952,22.0
OD9689827871,5.0
OD3582687066,20.0
OD6538221814,18.0
OD9085804910,13.0
OD2708713543,22.0
OD6091420282,23.0
OD6973696918,16.0
OD5227939053,5.0
OD5130900890,18.0
OD6725017937,15.0
OD8469322465,13.0
OD7809336773,22.0
OD9571466457,8.0
OD9109964906,6.0
OD4501877442,4.0
OD1580601979,10.0
OD5288670900,19.0
OD0177238028,12.0
OD8361115408,9.0
OD9519589382,12.0
OD8677369203,6.0
OD9372241252,14.0
OD1258438480,5.0
OD9206169106,9.0
OD9782335834,23.0
OD2104118638,4.0
OD2714678297,13.0
OD5700116510,18.0
OD5376279499,13.0
OD2130059403,23.0
OD3615200798,15.0
OD2219761995,16.0
OD2601536688,12.0
OD8719684412,22.0
OD5669335095,14.0
OD2575730810,21.0
OD7032049052,20.0
OD9547372810,21.0
OD5957217234,17.0
OD1055853499,15.0
OD2309762420,21.0
OD3363924732,6.0
OD6121603697,18.0
OD1709681176,14.0
OD9254440757,18.0
OD0904139190,12.0
OD5082271018,7.0
OD8934205929,9.0
OD0209007465,7.0
OD9924903529,11.0
OD7688674669,16.0
OD2687070989,21.0
OD6719755267,23.0
OD8700912145,5.0
OD5964510465,23.0
OD0474573484,5.0
OD8932884125,8.0
OD7688678452,20.0
OD0100256609,21.0
OD9384475236,21.0
OD9041124205,20.0
OD3970238975,23.0
OD8385096511,22.0
OD1905737203,11.0
OD1130213651,4.0
OD9302362314,8.0
OD6055550863,6.0
OD3945314099,17.0
OD5770961702,5.0
OD0753133141,17.0
OD8007758180,10.0
OD9872070871,11.0
OD0710639519,4.0
OD6762871269,15.0
OD1887422035,23.0
OD0861044985,4.0
OD8566657008,8.0
OD6400056991,13.0
OD3708768597,18.0
OD2731865899,11.0
OD0700955975,14.0
OD2362522056,16.0
OD4108005096,22.0
OD8335459753,12.0
OD4371845512,12.0
OD4103313436,21.0
OD0664588493,8.0
OD4221594400,7.0
OD6857980547,12.0
OD9400738167,19.0
OD1693315175,16.0
OD3141408184,20.0
OD7787139927,14.0
OD7084605750,10.0
OD0354578568,21.0
OD9124643171,12.0
OD6624578322,22.0
OD6615984184,11.0
OD2409098439,5.0
OD1054380285,14.0
OD2256279907,7.0
OD3663393503,11.0
OD7422650892,14.0
OD8495006567,7.0
OD1415808971,21.0
OD1513136852,9.0
OD5266753560,17.0
OD3598741295,18.0
OD1707277662,9.0
OD3869727911,9.0
OD0007261697,5.0
OD3236890597,13.0
OD7059543899,10.0
OD2853987604,23.0
OD9446653489,10.0
OD3829395873,19.0
OD6258375562,9.0
OD8289893751,9.0
OD5073967503,17.0
OD8823575167,16.0
OD8456680868,23.0
OD9250434104,5.0
OD3136953784,7.0
OD7670504410,11.0
OD5734690168,14.0
OD8804886212,16.0
OD7222470156,21.0
OD4937080650,13.0
OD4060966604,13.0
OD2051322211,23.0
OD0754596957,20.0
OD2581943379,19.0
OD4010651588,9.0
OD9722969565,7.0
OD2204434822,14.0
OD4213399676,21.0
OD9844653422,6.0
OD4726306233,15.0
OD3165454519,5.0
OD7792967914,5.0
OD0710577168,8.0
OD1190594698,16.0
OD5771350933,17.0
OD6426706472,19.0
OD2906901460,22.0
OD5122859246,17.0
OD3896662859,21.0
OD1481357851,9.0
OD0474225288,9.0
OD8325117509,5.0
OD0341150178,18.0
OD7761616729,18.0
OD9304166489,10.0
OD4741811918,18.0
OD1752187126,11.0
OD5456766823,17.0
OD9377810596,18.0
OD6545164617,16.0
OD9277684636,17.0
OD3875289111,16.0
OD9767344170,6.0
OD2859840537,9.0
OD1306834371,16.0
OD0164097695,22.0
OD5213378416,16.0
OD1858204066,9.0
OD5842587666,17.0
OD9835561182,14.0
OD8366649609,14.0
OD0214007782,12.0
OD7691970873,11.0
OD1985671351,14.0
OD0178075228,8.0
OD4069185836,20.0
OD1080115131,16.0
OD4958814441,15.0
OD0470745220,20.0
OD6121682262,11.0
OD4939240747,17.0
OD2421073534,19.0
OD2952808071,4.0
OD8399876878,10.0
OD3758953095,15.0
OD6059389881,15.0
OD2222054353,5.0
OD2686161223,8.0
OD9053315973,19.0
OD1664791555,8.0
OD1385919444,13.0
OD3077195389,16.0
OD9929780733,20.0
OD4118064591,14.0
OD9851502707,22.0
OD2835169124,6.0
OD5222535386,5.0
OD6513197566,18.0
OD0786949033,19.0
OD8489903392,13.0
OD7398329563,7.0
OD2243335685,23.0
OD1283756216,14.0
OD5469739942,4.0
OD6007123946,20.0
OD2584017011,14.0
OD3417509160,10.0
OD1349146712,15.0
OD1158822737,5.0
OD9866287274,13.0
OD0669399036,18.0
OD9968206781,6.0
OD4416782470,17.0
OD2037596396,12.0
OD6616525388,21.0
OD5524460874,20.0
OD4739656498,14.0
OD0646061561,8.0
OD2620244213,5.0
OD1966622215,17.0
OD8075305934,12.0
OD0775034545,11.0
OD8931950664,13.0
OD8781633687,6.0
OD5724721998,19.0
OD8410172953,23.0
OD1775079160,22.0
OD2321541019,18.0
OD2608443511,9.0
OD5172199837,12.0
OD3473469439,12.0
OD7058635369,15.0
OD2645998436,12.0
OD3386993416,9.0
OD7858683330,9.0
OD6427391729,5.0
OD7272346213,16.0
OD7193530339,5.0
OD7373879676,17.0
OD4164322021,14.0
OD4414344839,5.0
OD2842480893,23.0
OD0642170418,14.0
OD0627141154,11.0
OD7602415562,16.0
OD1902453245,19.0
OD9098386939,5.0
OD1207917200,7.0
OD6901277043,8.0
OD5840112811,8.0
OD9186114546,13.0
OD1811188311,11.0
OD4421335412,6.0
OD1236859794,5.0
OD4251406784,22.0
OD4982502283,21.0
OD6316133387,8.0
OD9724830783,6.0
OD3673291221,9.0
OD1351041663,6.0
OD4952492580,12.0
OD6677733744,15.0
OD1737656702,21.0
OD5715627661,8.0
OD4482828957,18.0
OD8790372311,5.0
OD2416725148,21.0
OD9880121392,12.0
OD4623379375,7.0
OD3851817186,11.0
OD0785468886,18.0
OD4669369780,19.0
OD7543246022,15.0
OD1616536906,13.0
OD3292145229,15.0
OD5574871471,14.0
OD9653077171,14.0
OD5970357596,15.0
OD4335132786,6.0
OD4777116847,18.0
OD1938135362,23.0
OD7885951953,13.0
OD4484635348,14.0
OD4804700580,20.0
OD6220686971,10.0
OD1202325502,17.0
OD0414027970,15.0
OD1335066783,11.0
OD6100319322,9.0
OD4183095522,23.0
OD1591085912,19.0
OD5923882755,17.0
OD6173194103,6.0
OD7959701410,7.0
OD7031872355,4.0
OD5870010868,18.0
OD8479177761,12.0
OD9917142068,23.0
OD0549845908,12.0
OD8763177540,19.0
OD0249206310,14.0
OD5910125205,15.0
OD0338702422,21.0
OD3927555148,6.0
OD4993238283,22.0
OD5342365667,19.0
OD5454461721,11.0
OD9753221393,8.0
OD0501153256,18.0
OD6797948751,17.0
OD0582029838,12.0
OD7728452839,23.0
OD1609369789,20.0
OD5477665353,16.0
OD4493256434,4.0
OD1737059815,9.0
OD3403737406,20.0
OD6639445713,9.0
OD9909709963,5.0
OD6351166894,18.0
OD4772751833,21.0
OD6166220279,14.0
OD9355406392,11.0
OD7401009767,23.0
OD9477240052,4.0
OD9306704372,20.0
OD6925885881,20.0
OD2271059634,19.0
OD1184082238,14.0
OD1861076239,7.0
OD2794322982,20.0
OD1765646759,17.0
OD8405035029,10.0
OD8905660334,21.0
OD9749923271,14.0
OD4600221584,6.0
OD3371417952,5.0
OD6596325210,17.0
OD1508773748,10.0
OD0255293888,21.0
OD7371554471,20.0
OD9432551774,4.0
OD4902188982,5.0
OD8323429231,20.0
OD5331834640,19.0
OD0030935616,16.0
OD6227013261,9.0
OD7114903751,17.0
OD7019454269,22.0
OD4827642072,7.0
OD2179192790,6.0
OD3681212073,21.0
OD6378650675,10.0
OD9203106725,17.0
OD7889614933,5.0
OD6768149360,16.0
OD3289873930,22.0
OD9633696773,6.0
OD0813050728,13.0
OD7882123511,18.0
OD6963584723,8.0
OD0479077079,19.0
OD3980220524,22.0
OD4881495805,22.0
OD8258254292,17.0
OD3844768155,21.0
OD3528140340,12.0
OD4207647262,11.0
OD5354711573,14.0
OD0866972480,11.0
OD8939658167,14.0
OD5968048329,23.0
OD0993459289,10.0
OD6289854783,16.0
OD3023435485,17.0
OD2685341767,13.0
OD8154279902,10.0
OD1014144968,14.0
OD2483221826,20.0
OD7526575597,6.0
OD9590316323,22.0
OD7792250398,14.0
OD6520768166,15.0
OD2158992326,7.0
OD1435511498,18.0
OD9064482549,10.0
OD8832377770,16.0
OD3048781910,20.0
OD1135183015,18.0
OD7072914396,18.0
OD4680244788,16.0
OD6087516497,4.0
OD4227299422,7.0
OD7338833820,8.0
OD1699883397,13.0
OD6692078310,10.0
OD7439996223,17.0
OD8285577048,6.0
OD9294478609,18.0
OD0159565621,13.0
OD5337309170,4.0
OD7879583092,20.0
OD4997151142,12.0
OD0949543799,9.0
OD6749453903,8.0
OD2467540583,17.0
OD5724625190,18.0
OD8910018090,19.0
OD6375152593,17.0
OD2509140420,11.0
OD0651607086,9.0
OD5018786001,22.0
OD6197292349,7.0
OD3109639024,22.0
OD3940436548,20.0
OD8699147498,16.0
OD1933944652,7.0
OD1196006263,8.0
OD9747821606,23.0
OD6384167435,14.0
OD4868616659,22.0
OD3795382417,9.0
OD4157672128,13.0
OD4435679350,15.0
OD7942824805,23.0
OD2138158532,11.0
OD1626380533,6.0
OD3688409820,4.0
OD8477156914,14.0
OD3704729165,8.0
OD8680249509,6.0
OD7566468582,16.0
OD1272395551,8.0
OD6012953423,13.0
OD0871348918,13.0
OD2069877269,8.0
OD0173848317,16.0
OD2915786869,17.0
OD3537140315,5.0
OD4718779387,11.0
OD1743054977,8.0
OD0939430310,6.0
OD1585854655,7.0
OD8500099444,8.0
OD1471714141,4.0
OD2621609111,13.0
OD4430217705,12.0
OD9167796541,22.0
OD3370644959,14.0
OD5836945807,19.0
OD1724025733,7.0
OD3422322550,5.0
OD4846413499,14.0
OD0927209284,9.0
OD8751685120,6.0
OD2360912544,19.0
OD4619312518,23.0
OD1470175525,15.0
OD7150362382,11.0
OD5617580875,11.0
OD5202952796,9.0
OD3983657997,4.0
OD5736573715,18.0
OD5515853022,8.0
OD2081067279,5.0
OD8836611138,22.0
OD7256205414,22.0
OD6785357522,23.0
OD2270926601,10.0
OD9755259004,6.0
OD1416987849,8.0
OD3053944705,6.0
OD5982303614,17.0
OD5178880774,22.0
OD3004085384,12.0
OD9834025399,12.0
OD1626745898,21.0
OD4119111370,10.0
OD5571504756,11.0
OD2016975626,14.0
OD4071366745,12.0
OD8959871827,19.0
OD4268193285,12.0
OD4954331319,13.0
OD8691750670,20.0
OD9237075979,21.0
OD7614121882,18.0
OD2473056960,14.0
OD0853763905,11.0
OD7304584538,19.0
OD6791440700,5.0
OD0181507866,7.0
OD3881207891,15.0
OD7329191098,6.0
OD9556154638,14.0
OD7351724261,10.0
OD8550160403,5.0
OD5277310901,8.0
OD8925824804,15.0
OD1139691667,16.0
OD2697098707,17.0
OD2479882146,6.0
OD8855046045,4.0
OD4832357781,11.0
OD5388106556,10.0
OD1856952033,9.0
OD7680309179,13.0
OD2405697147,14.0
OD3129483051,19.0
OD7497122786,4.0
OD0444838286,13.0
OD4389234080,7.0
OD6594747815,13.0
OD6832229403,18.0
OD1089601633,10.0
OD3834631591,7.0
OD7766158719,9.0
OD1836896439,6.0
OD1854822597,23.0
OD0734359478,7.0
OD8546648255,11.0
OD3444013878,18.0
OD6986598059,21.0
OD6472662478,21.0
OD0780189150,8.0
OD0323972497,4.0
OD0863851720,5.0
OD5256823069,5.0
OD4760873941,20.0
OD6387616365,4.0
OD7624557568,15.0
OD1591068590,11.0
OD2583581920,8.0
OD1132463131,
OD2623084763,10.0
OD2074372441,17.0
OD1002612449,12.0
OD5216827413,12.0
OD4326952578,7.0
OD2037560098,14.0
OD0368246713,13.0
OD3143976799,10.0
OD0949588582,10.0
OD5389394775,16.0
OD5753294095,16.0
OD5440687480,11.0
OD2678619579,7.0
OD1435403084,20.0
OD2687039364,5.0
OD7787804539,18.0
OD9721928805,6.0
OD2982513166,9.0
OD6329698032,20.0
OD5889294193,15.0
OD3703424455,23.0
OD0755863629,16.0
OD4716478963,15.0
OD0120970759,13.0
OD7887127182,15.0
OD6855988596,19.0
OD6032110823,10.0
OD2811090059,17.0
OD3307376121,23.0
OD5366617450,19.0
OD7793269090,21.0
OD1567760434,12.0
OD3535043964,15.0
OD5335140218,19.0
OD6552407987,4.0
OD3422183953,17.0
OD7074010959,11.0
OD3040432239,15.0
OD0404451112,8.0
OD9115664056,10.0
OD7661855117,22.0
OD9160388363,20.0
OD3614186604,23.0
OD8095396439,18.0
OD7728752484,21.0
OD4340407130,14.0
OD5414038656,14.0
OD4705826584,7.0
OD6267586446,18.0
OD6264106805,13.0
OD2998422747,9.0
OD2202322113,13.0
OD5025617758,9.0
OD5152162173,10.0
OD7142954423,13.0
OD4089158492,12.0
OD9092697002,18.0
OD4140612470,4.0
OD8596671752,14.0
OD0648176242,8.0
OD8531194784,8.0
OD2082767533,10.0
OD5308783932,15.0
OD2766695720,22.0
OD5302698272,12.0
OD2749097951,16.0
OD9161486040,20.0
OD9528457948,6.0
OD7996281853,19.0
OD2227700974,21.0
OD5582476808,14.0
OD3640975759,22.0
OD7427988204,22.0
OD8026941464,10.0
OD8554013839,12.0
OD2586564169,13.0
OD7893716270,12.0
OD8644176732,15.0
OD9549028597,8.0
OD0586155063,9.0
OD8366052521,14.0
OD9439712771,7.0
OD7990781101,11.0
OD9042762293,15.0
OD3842758448,15.0
OD7502396019,23.0
OD4930192616,15.0
OD4165869222,14.0
OD4425673163,6.0
OD9108048047,22.0
OD9937506002,9.0
OD5068632031,15.0
OD7579719489,9.0
OD3273534392,23.0
OD4637574111,17.0
OD9667452222,19.0
OD8687012250,23.0
OD2429660759,20.0
OD1814019016,23.0
OD4161287103,11.0
OD1008334757,23.0
OD4111231796,6.0
OD3445232838,13.0
OD9334418454,20.0
OD1205410589,7.0
OD8428848226,9.0
OD1824188386,9.0
OD0320694725,21.0
OD1179950704,11.0
OD3706904539,17.0
OD1294365951,4.0
OD7404641788,8.0
OD3643951803,7.0
OD2457696808,10.0
OD4751111222,7.0
OD0544896375,5.0
OD1323178408,20.0
OD3042627698,10.0
OD2079680485,11.0
OD1609390032,7.0
OD8159547716,11.0
OD3172385014,9.0
OD7722907665,20.0
OD6755898104,19.0
OD5559298660,19.0
OD6658490485,20.0
OD2854489595,14.0
OD0670582620,13.0
OD8301102700,4.0
OD3040698135,6.0
OD8520796056,20.0
OD8137825343,14.0
OD3405626427,16.0
OD8380678842,12.0
OD7628263811,7.0
OD5165239755,12.0
OD3282549207,22.0
OD2581910555,7.0
OD6027195883,19.0
OD5140133169,4.0
OD0603669833,19.0
OD9698844936,21.0
OD7919291668,6.0
OD0357522694,13.0
OD7825857507,16.0
OD9459881999,12.0
OD5488203120,23.0
OD8600451698,4.0
OD6190542721,13.0
OD0958521852,6.0
OD6686616791,18.0
OD0882784109,13.0
OD5152898580,7.0
OD3328241234,14.0
OD7245940801,12.0
OD4222229643,22.0
OD3984455217,16.0
OD9435744793,4.0
OD7433352285,18.0
OD9451451409,16.0
OD2749959505,21.0
OD5949831090,14.0
OD5792435825,6.0
OD8217614523,9.0
OD9907845499,20.0
OD4702842591,23.0
OD6729936338,22.0
OD1190436926,12.0
OD8383916000,10.0
OD3266530931,14.0
OD7103674705,6.0
OD8718530892,19.0
OD3586666372,14.0
OD1822917810,17.0
OD9652234729,5.0
OD0261966727,12.0
OD2757639308,12.0
OD1555773768,12.0
OD1417430329,17.0
OD0244705815,11.0
OD8889287796,20.0
OD8943500244,12.0
OD3032083982,18.0
OD7511604166,15.0
OD6333386740,20.0
OD7802401208,22.0
OD2530937500,5.0
OD2286588202,14.0
OD8027247632,4.0
OD8313405309,20.0
OD8748058287,14.0
OD3765238653,21.0
OD0743048820,21.0
OD1310125482,14.0
OD1192800435,22.0
OD2512911916,21.0
OD4631349440,11.0
OD2372240630,20.0
OD4959469025,14.0
OD4256465664,19.0
OD0124856037,22.0
OD9538788387,13.0
OD0636280077,21.0
OD9293902026,10.0
OD9842627917,14.0
OD8480341563,5.0
OD4900430041,17.0
OD1072840108,9.0
OD3308088878,7.0
OD5260794630,17.0
OD1475997647,10.0
OD7556765687,23.0
OD3792052222,7.0
OD1184849885,12.0
OD8874999957,17.0
OD2342362690,13.0
OD6587806354,22.0
OD5049063328,15.0
OD1611233577,21.0
OD1702616672,22.0
OD7401319404,20.0
OD1408833825,14.0
OD6758046297,14.0
OD9070819250,5.0
OD5239423801,5.0
OD5520982486,23.0
OD2443746222,19.0
OD8573997996,13.0
OD7484777425,18.0
OD5271482524,13.0
OD1823872497,11.0
OD3375991205,18.0
OD6037558272,20.0
OD8654775322,4.0
OD1938015046,23.0
OD4911200652,13.0
OD4335536300,18.0
OD1044421377,9.0
OD5005179531,21.0
OD8435010986,7.0
OD4836217898,23.0
OD7221253491,20.0
OD6834752865,18.0
OD9909771909,11.0
OD6585709281,14.0
OD9519205367,4.0
OD2674328486,23.0
OD2038765963,20.0
OD1728132193,11.0
OD9829702650,8.0
OD0697197982,4.0
OD1817369821,11.0
OD7762393020,19.0
OD0278363043,13.0
OD3772187889,15.0
OD5461409981,4.0
OD9871264234,18.0
OD3611345619,8.0
OD1158175387,4.0
OD5307327256,16.0
OD5885551638,22.0
OD2354330677,14.0
OD8704982354,19.0
OD0846784654,16.0
OD2782824039,16.0
OD3781194415,4.0
OD1204179168,7.0
OD6311265989,5.0
OD2812957754,13.0
OD5992145248,23.0
OD8440330252,5.0
OD3653756768,13.0
OD1923379741,7.0
OD5320988474,6.0
OD0980016799,16.0
OD2969931583,23.0
OD7915946246,6.0
OD7439036789,23.0
OD9217647352,12.0
OD1942988782,19.0
OD4398065267,4.0
OD7438639929,23.0
OD0871389201,9.0
OD7171998413,5.0
OD5978084416,22.0
OD0665594585,5.0
OD0966523263,16.0
OD2006910762,6.0
OD5670158444,18.0
OD7948400161,22.0
OD2636928003,15.0
OD5142785381,5.0
OD2134627023,10.0
OD5547634021,15.0
OD4062464704,22.0
OD6889411054,10.0
OD5329953120,5.0
OD5992692955,8.0
OD2630888185,9.0
OD9707866668,19.0
OD9427615709,8.0
OD0596408054,23.0
OD8954066470,14.0
OD1668980360,6.0
OD4998437693,13.0
OD2504935604,15.0
OD9700876161,14.0
OD1956148853,5.0
OD5357914788,23.0
OD2507963601,20.0
OD2278344496,23.0
OD9215413941,4.0
OD6512136986,4.0
OD2935136983,16.0
OD9534901188,19.0
OD8987962204,13.0
OD6455135948,11.0
OD5797586652,16.0
OD5079466917,4.0
OD1419722013,10.0
OD0188878211,20.0
OD5441373700,20.0
OD6544726542,15.0
OD5573156592,19.0
OD2958382039,4.0
OD6217058065,11.0
OD1762474158,8.0
OD3084506074,4.0
OD3304683031,9.0
OD8199350660,19.0
OD9654398087,9.0
OD5411567266,7.0
OD0219582167,6.0
OD6693217972,23.0
OD5410654214,16.0
OD6086998456,21.0
OD3596694123,12.0
OD9123372717,20.0
OD0713718066,22.0
OD0232513156,15.0
OD4965873495,13.0
OD1470208680,9.0
OD3690806692,14.0
OD0480384929,12.0
OD5385202479,14.0
OD2088483386,6.0
OD2232672494,13.0
OD3655528508,23.0
OD2972574708,23.0
OD1003435349,21.0
OD0366617306,16.0
OD2471497432,9.0
OD0411553673,15.0
OD2311355962,9.0
OD5015850151,13.0
OD4086104483,11.0
OD9086716403,14.0
OD7760228018,10.0
OD3396073551,22.0
OD2676070209,22.0
OD9627200089,10.0
OD5658098206,7.0
OD5687326290,22.0
OD5671313422,16.0
OD3871437823,5.0
OD6747160099,5.0
OD6999142213,19.0
OD2986015432,23.0
OD1999026638,4.0
OD9573166462,5.0
OD1534932725,9.0
OD1019860765,19.0
OD7730263366,10.0
OD0596562965,20.0
OD4106753510,20.0
OD5694499621,15.0
OD3833420995,23.0
OD8887100964,4.0
OD2160349701,12.0
OD6789567442,10.0
OD5305101998,5.0
OD6738820972,16.0
OD4719083813,20.0
OD2605617403,7.0
OD5777738291,15.0
OD2445741414,8.0
OD3161828231,5.0
OD8250889267,10.0
OD6699865427,11.0
OD3111197366,8.0
OD3108146092,15.0
OD5634739171,20.0
OD0818712495,7.0
OD4472026484,19.0
OD2614370796,20.0
OD3457780855,18.0
OD0618250190,22.0
OD5256528747,10.0
OD4484721542,10.0
OD0146769085,23.0
OD4580574579,15.0
OD8897200583,5.0
OD5951603369,19.0
OD9103876628,17.0
OD6471779847,11.0
OD3526656180,10.0
OD1387496249,20.0
OD3071247692,7.0
OD0052435490,7.0
OD0099057902,22.0
OD5965089827,19.0
OD1713560275,4.0
OD7724000300,9.0
OD5860135478,12.0
OD2661612694,4.0
OD2180152913,8.0
OD2715839525,20.0
OD1669772215,4.0
OD2895048390,18.0
OD8506686768,13.0
OD3450567332,4.0
OD0947109292,9.0
OD8449993246,5.0
OD0681573058,19.0
OD5270371310,8.0
OD8839773164,18.0
OD0296345556,4.0
OD5051438393,11.0
OD7688699556,19.0
OD0370658151,11.0
OD1174116134,13.0
OD8413899866,10.0
OD6484809663,8.0
OD5838834447,23.0
OD3039808466,16.0
OD1981192374,20.0
OD8639503283,5.0
OD7510687980,6.0
OD5694470758,10.0
OD7518787857,6.0
OD0431131885,22.0
OD0290647314,21.0
OD2405075030,17.0
OD9400331693,17.0
OD8538386819,19.0
OD1992037342,5.0
OD4459223646,13.0
OD2546736146,17.0
OD6824729788,19.0
OD8090280177,15.0
OD0798221066,13.0
OD0681047556,7.0
OD3631989393,5.0
OD8274751878,18.0
OD9568130331,20.0
OD1667688723,20.0
OD4794203326,21.0
OD1324390249,7.0
OD9686874581,14.0
OD7284664200,12.0
OD1273242434,18.0
OD4101562907,5.0
OD6873793380,15.0
OD1560068731,9.0
OD7899960334,7.0
OD8867732329,8.0
OD0128642660,22.0
OD9757340534,16.0
OD8134176895,22.0
OD7670068873,22.0
OD0467228921,4.0
OD7065864611,6.0
OD7766286448,14.0
OD2405413128,15.0
OD1828317645,16.0
OD3375683166,7.0
OD3354378976,10.0
OD2225051626,17.0
OD7388248056,19.0
OD4007828958,4.0
OD7934025717,22.0
OD2366450736,15.0
OD7499822399,19.0
OD7050918312,18.0
OD6501623073,13.0
OD2446384931,15.0
OD0935770621,18.0
OD6765585128,20.0
OD1036192142,21.0
OD5563583456,20.0
OD5639247960,20.0
OD2243676662,9.0
OD9593714234,15.0
OD9224044302,14.0
OD1525987837,10.0
OD4514502861,12.0
OD4171846199,22.0
OD5793814904,12.0
OD4682242255,18.0
OD7292389345,10.0
OD0203816663,18.0
OD9781771524,7.0
OD4846044846,7.0
OD8142721539,18.0
OD7004985022,22.0
OD8057885150,11.0
OD7081393237,23.0
OD6683290534,15.0
OD2837399246,18.0
OD3698139680,8.0
OD4835070078,20.0
OD4615443829,5.0
OD6049696077,13.0
OD7863646153,20.0
OD7291468836,22.0
OD2222935185,20.0
OD8523115933,5.0
OD8628713312,10.0
OD0306458822,7.0
OD6079517652,7.0
OD1395176212,12.0
OD7222546744,4.0
OD7502147246,21.0
OD9565011685,10.0
OD8006644293,12.0
OD1463009611,18.0
OD1031957080,22.0
OD0734900429,8.0
OD0568807750,9.0
OD9129912536,23.0
OD8926865622,13.0
OD6327781784,14.0
OD9223577119,15.0
OD2612937691,6.0
OD9562428178,10.0
OD9720314045,6.0
OD6820270262,16.0
OD4694093252,17.0
OD7448450660,4.0
OD3613781974,20.0
OD6213287942,16.0
OD3432145404,17.0
OD3428617506,8.0
OD9038265036,11.0
OD0334827019,20.0
OD5050933681,12.0
OD0188676017,18.0
OD4712551991,14.0
OD7665226036,4.0
OD0005687832,6.0
OD2953912457,18.0
OD4541700825,14.0
OD7447801614,20.0
OD3269634263,11.0
OD0402070319,22.0
OD6418707714,10.0
OD6344789661,19.0
OD9308530747,19.0
OD8980749137,15.0
OD7366707462,7.0
OD0723785193,21.0
OD5225914583,16.0
OD8074375911,17.0
OD8005615706,15.0
OD0832231167,17.0
OD7228586032,9.0
OD3953943444,21.0
OD5321249743,5.0
OD3632949801,23.0
OD7163102583,6.0
OD6755053980,16.0
OD1821296328,6.0
OD7542443940,9.0
OD2773874020,22.0
OD3866681285,4.0
OD6820992689,23.0
OD7245796238,15.0
OD6074302058,14.0
OD7556808330,12.0
OD7065063054,15.0
OD6908468208,19.0
OD1448831791,18.0
OD8169888381,13.0
OD3291331229,16.0
OD3064115147,16.0
OD6792667096,10.0
OD2178605960,15.0
OD2084932872,5.0
OD1308109710,9.0
OD2857581642,21.0
OD7552785382,6.0
OD9043519519,11.0
OD8610889138,15.0
OD7204986245,7.0
OD6132431494,20.0
OD5653776156,17.0
OD7781702318,15.0
OD0591106479,5.0
OD9157978922,4.0
OD5780646219,23.0
OD5182461728,8.0
OD2896769560,7.0
OD4043268278,11.0
OD3640413864,21.0
OD4037828666,16.0
OD1378758795,4.0
OD9188083781,22.0
OD3106682241,16.0
OD6078063655,19.0
OD1207408997,10.0
OD7882587175,9.0
OD4308133933,21.0
OD4000908581,6.0
OD6196868085,4.0
OD4499380080,15.0
OD6178936901,18.0
OD0066837303,22.0
OD9157019228,23.0
OD5194781363,8.0
OD5066415208,9.0
OD0736199099,21.0
OD5351124107,10.0
OD5797615476,5.0
OD1592727377,18.0
OD0582468922,11.0
OD8443231950,12.0
OD1612139691,16.0
OD1853544523,6.0
OD3936432115,7.0
OD1614124176,16.0
OD1672544171,6.0
OD2209878023,10.0
OD1580869285,15.0
OD9361377190,10.0
OD9633863933,17.0
OD3976745147,16.0
OD6799024580,5.0
OD5711680095,17.0
OD7990519740,22.0
OD5934941834,12.0
OD1502361258,19.0
OD1930793971,12.0
OD7265811490,9.0
OD2263617650,17.0
OD4927764539,11.0
OD7411050849,19.0
OD6543060413,15.0
OD2989899412,13.0
OD9005310427,15.0
OD3842666381,17.0
OD9902544084,22.0
OD7297138863,15.0
OD2860977597,5.0
OD6071627515,9.0
OD7467919183,21.0
OD0834295337,6.0
OD0990370411,11.0
OD4890233762,11.0
OD8007011258,7.0
OD3010281198,10.0
OD8345928994,14.0
OD8530114196,19.0
OD7568786151,18.0
OD1478258602,12.0
OD0690017920,20.0
OD5074447484,12.0
OD1495473737,5.0
OD8524563659,20.0
OD1046801537,9.0
OD2654139367,20.0
OD5373085151,15.0
OD9973679447,18.0
OD8796290162,5.0
OD7747018988,22.0
OD7268561280,14.0
OD8560631047,5.0
OD1196374133,19.0
OD7719928473,20.0
OD9569856256,21.0
OD4651861049,18.0
OD5309644310,8.0
OD2274598808,20.0
OD0015106704,17.0
OD8407000977,23.0
OD0026118909,19.0
OD8941434266,23.0
OD9821286091,20.0
OD9335140409,7.0
OD3401091646,15.0
OD3832420659,10.0
OD5860490498,7.0
OD4563626530,9.0
OD4405779616,20.0
OD8222053755,15.0
OD8626285199,19.0
OD9642467725,5.0
OD7622780852,21.0
OD6150902274,7.0
OD5150652568,12.0
OD9066298307,19.0
OD6495111373,13.0
OD1437600753,19.0
OD3472465610,9.0
OD4829417280,5.0
OD3348943221,14.0
OD4478289902,20.0
OD3273978310,14.0
OD1552288949,11.0
OD8409042843,16.0
OD7302762545,22.0
OD4804596668,10.0
OD7328535384,16.0
OD7871990106,12.0
OD6245928671,20.0
OD7247098160,10.0
OD3541309678,6.0
OD4494196214,6.0
OD9753047206,10.0
OD7081983993,10.0
OD1298755422,15.0
OD3697854990,14.0
OD0797272145,17.0
OD1370774071,14.0
OD0925181492,5.0
OD6545861434,21.0
OD4564100134,20.0
OD5287554028,15.0
OD0920807936,22.0
OD0176466685,4.0
OD6314456756,16.0
OD9061167212,23.0
OD4821363452,12.0
OD5232851749,7.0
OD1330570066,19.0
OD1262116204,14.0
OD8633717572,19.0
OD6086759614,15.0
OD8208675049,23.0
OD6487753391,14.0
OD4907813505,5.0
OD0274927656,11.0
OD7557117086,7.0
OD0122694398,14.0
OD9573478675,22.0
OD1657707403,21.0
OD6043205294,13.0
OD0206452644,14.0
OD2239358599,14.0
OD8383698188,20.0
OD8795633883,20.0
OD1607228057,15.0
OD0748399642,6.0
OD4295056359,11.0
OD0834609873,21.0
OD2926523069,6.0
OD3662308443,23.0
OD1057933566,9.0
OD1214030648,9.0
OD9002964152,19.0
OD0124097665,23.0
OD2481466829,18.0
OD0693337090,20.0
OD3614382728,15.0
OD6848236878,10.0
OD9977544880,19.0
OD6261060239,8.0
OD1589335972,10.0
OD0680933533,4.0
OD1618617945,22.0
OD1382682317,8.0
OD1354554531,10.0
OD2149806331,5.0
OD5736573404,20.0
OD0516241184,15.0
OD7569935345,8.0
OD0900579080,21.0
OD0108638598,17.0
OD4371355469,5.0
OD7703160240,16.0
OD7400624812,14.0
OD6570233915,10.0
OD5420806527,12.0
OD9050920167,19.0
OD5240324044,9.0
OD9594952755,22.0
OD4890732431,7.0
OD8826808643,4.0
OD4748985341,9.0
OD5233704081,21.0
OD0630934535,15.0
OD1799601974,19.0
OD0161544041,12.0
OD3079129258,23.0
OD4971925041,10.0
OD8831280840,22.0
OD2474616032,22.0
OD0625463223,9.0
OD4441825419,11.0
OD0060768090,23.0
OD2751122347,14.0
OD1254252186,5.0
OD8944971874,15.0
OD3348213857,7.0
OD7171612060,13.0
OD0250819619,21.0
OD7333336546,11.0
OD2052919950,18.0
OD8693118047,5.0
OD9921612981,7.0
OD4619663780,16.0
OD3209181240,17.0
OD8201828661,23.0
OD4953597983,4.0
OD2791674532,10.0
OD0556058822,18.0
OD1384187544,22.0
OD9303019946,14.0
OD5536946506,14.0
OD2033835546,23.0
OD1356563304,4.0
OD7328483324,17.0
OD6380149944,15.0
OD8109482042,22.0
OD8898197241,20.0
OD0088876310,8.0
OD1027790268,10.0
OD6656169092,5.0
OD6176212970,8.0
OD8651413345,7.0
OD9114729880,4.0
OD4183648413,14.0
OD1252459730,21.0
OD4944256774,11.0
OD5932225385,18.0
OD1259836013,10.0
OD0382600203,21.0
OD4944366249,7.0
OD0065978827,5.0
OD2672087084,13.0
OD8507548075,19.0
OD5242466738,4.0
OD9414565397,15.0
OD3953351286,19.0
OD5361331011,14.0
OD4770279918,7.0
OD6729635849,22.0
OD8927437188,5.0
OD4688670174,14.0
OD1239963061,17.0
OD2121174522,20.0
OD7752735914,21.0
OD0167038893,21.0
OD5563030992,13.0
OD4987348604,15.0
OD5015675568,10.0
OD2186505687,23.0
OD4691317213,9.0
OD1641802274,11.0
OD6950936516,22.0
OD2443022632,15.0
OD6355240075,21.0
OD0233760521,20.0
OD2283063918,15.0
OD3554719188,23.0
OD6363593930,19.0
OD8658911901,9.0
OD4384182915,13.0
OD8950793896,10.0
OD6771775654,14.0
OD9439742670,19.0
OD3828341812,5.0
OD8042049570,5.0
OD7481534281,13.0
OD4463712803,5.0
OD1516400607,4.0
OD1516096789,4.0
OD3282619453,17.0
OD4013390080,20.0
OD3686859545,19.0
OD6478754604,5.0
OD7188521847,21.0
OD0048608481,5.0
OD1752695809,21.0
OD6386932591,22.0
OD5486519515,10.0
OD3465085598,4.0
OD9008753207,15.0
OD7104587539,19.0
OD6359824033,20.0
OD8199721350,21.0
OD7140687736,11.0
OD2757494004,21.0
OD3416190589,11.0
OD4980859867,13.0
OD8214172709,18.0
OD5817308593,6.0
OD8793135164,17.0
OD0080199416,17.0
OD4737901402,13.0
OD7675235952,7.0
OD9473529539,18.0
OD4299713272,12.0
OD9034931786,8.0
OD7431279296,20.0
OD4613600787,4.0
OD9495136433,14.0
OD2595276118,19.0
OD5955154625,19.0
OD6991424319,10.0
OD5738706594,21.0
OD0300962940,16.0
OD0294922858,15.0
OD2445375987,13.0
OD9151488677,8.0
OD1877623117,10.0
OD5142548285,6.0
OD0053873615,8.0
OD5920554905,18.0
OD4438802525,15.0
OD1367026350,19.0
OD3470872136,18.0
OD0798802595,11.0
OD6489508015,11.0
OD3179730191,10.0
OD4956866410,10.0
OD0065229121,7.0
OD0444468184,18.0
OD4825995459,11.0
OD7637520284,17.0
OD4615642138,19.0
OD5609966215,19.0
OD7793710216,20.0
OD5351457300,16.0
OD0198629265,20.0
OD0280562245,14.0
OD9503687194,23.0
OD1918401529,11.0
OD7602204309,9.0
OD6755685892,13.0
OD8548102723,9.0
OD4264250680,11.0
OD2915700780,16.0
OD8156188049,7.0
OD2211388700,18.0
OD4653141146,23.0
OD4938653045,9.0
OD8579826564,17.0
OD7321668882,14.0
OD1553843045,20.0
OD2562473353,17.0
OD1350729808,13.0
OD1166325136,17.0
OD5652733080,9.0
OD8601721527,7.0
OD9297240901,13.0
OD1200654269,10.0
OD0873909962,4.0
OD8020885385,13.0
OD0656727176,4.0
OD2326928630,14.0
OD7136088223,4.0
OD8368119468,20.0
OD1302161189,14.0
OD7935847883,5.0
OD5095235194,14.0
OD1536675771,10.0
OD6863172887,7.0
OD2263268727,6.0
OD4314231445,17.0
OD8968410656,9.0
OD8842561985,8.0
OD3196138317,5.0
OD0545688189,17.0
OD2160356323,7.0
OD7236277833,14.0
OD3714184542,8.0
OD2078855853,23.0
OD2521076857,5.0
OD9220261425,23.0
OD7456506954,8.0
OD6311855344,4.0
OD6851149598,4.0
OD8916361415,11.0
OD9755581690,21.0
OD7061097328,23.0
OD3589486343,7.0
OD4939225128,17.0
OD8534813572,11.0
OD1004173716,19.0
OD2875803775,11.0
OD6729777941,21.0
OD5526720752,23.0
OD1862623498,20.0
OD2082239441,19.0
OD9393854932,22.0
OD7446540616,7.0
OD3026521095,13.0
OD4132716223,10.0
OD2098076541,9.0
OD3251795074,23.0
OD7805594810,17.0
OD0738919509,14.0
OD5450289620,18.0
OD7128736905,13.0
OD8453242272,19.0
OD9058564365,21.0
OD8607861572,6.0
OD7848695778,17.0
OD2977040081,18.0
OD4346838892,14.0
OD1255960079,11.0
OD4342122650,4.0
OD2977249881,10.0
OD7463682177,9.0
OD9070854115,7.0
OD1904138534,15.0
OD0564119118,15.0
OD4967860549,19.0
OD1060012485,15.0
OD7816450392,4.0
OD8712911272,11.0
OD1178648109,5.0
OD4110171324,10.0
OD0658356302,18.0
OD9891039452,16.0
OD6298620800,19.0
OD6303948368,23.0
OD9501431537,11.0
OD4202563931,22.0
OD7281604192,7.0
OD2173926295,18.0
OD5861904314,8.0
OD3564416248,14.0
OD3310230827,22.0
OD9364081231,7.0
OD5228686117,4.0
OD5622143573,8.0
OD0772280727,11.0
OD8454830567,10.0
OD3743924981,6.0
OD8198204546,19.0
OD5402930448,17.0
OD1918577543,22.0
OD5308166747,23.0
OD9718967472,19.0
OD6092652729,13.0
OD1812144157,14.0
OD0166571218,9.0
OD5284433162,5.0
OD9644104160,11.0
OD3257852485,9.0
OD2322622426,6.0
OD2966802166,10.0
OD4856849315,9.0
OD8671354846,9.0
OD6417211255,21.0
OD2211496605,5.0
OD6441997568,6.0
OD7901129113,23.0
OD2738467708,15.0
OD1630826104,9.0
OD8029037434,8.0
OD5444535155,23.0
OD2082802797,18.0
OD5470423299,16.0
OD8167333318,7.0
OD2281140631,6.0
OD4687776337,12.0
OD5808535074,7.0
OD8787572038,5.0
OD2917129832,10.0
OD5308587094,5.0
OD0088308916,16.0
OD7941512352,6.0
OD4919620447,16.0
OD2613073740,14.0
OD3507649257,7.0
OD8580672045,18.0
OD2585730418,10.0
OD9954757206,22.0
OD7219506983,4.0
OD2256930141,23.0
OD4558694812,6.0
OD6059243290,19.0
OD0592220370,6.0
OD3136484396,19.0
OD8558455614,5.0
OD1785767775,13.0
OD2416639185,22.0
OD7316474445,16.0
OD9215472661,10.0
OD3060094113,5.0
OD2729955700,12.0
OD3866921666,12.0
OD7158765882,12.0
OD9846785813,9.0
OD7196633545,12.0
OD0479956701,9.0
OD2927122875,16.0
OD5048262189,9.0
OD5154809353,9.0
OD0777615617,15.0
OD9720273748,8.0
OD7916519518,9.0
OD0196350626,6.0
OD9016360505,14.0
OD8181314032,17.0
OD3318898753,18.0
OD3225055414,20.0
OD2646266929,8.0
OD8169651340,13.0
OD7608404463,12.0
OD1933782701,19.0
OD1770619464,14.0
OD0861448585,8.0
OD1241498258,5.0
OD1253149882,23.0
OD5218095238,12.0
OD9650616364,21.0
OD3587475655,23.0
OD1865993095,10.0
OD8921421002,10.0
OD1191694388,19.0
OD9698760732,10.0
OD1840538904,9.0
OD1923109008,17.0
OD9279196288,13.0
OD8211023388,15.0
OD2587902057,15.0
OD7618974268,14.0
OD0106669565,17.0
OD0285973903,9.0
OD3012006469,23.0
OD8569484771,21.0
OD7131075273,10.0
OD9574859809,5.0
OD0395663173,5.0
OD0268374766,6.0
OD0007380135,10.0
OD0514598354,10.0
OD4972047991,17.0
OD0269060426,7.0
OD5505898242,20.0
OD3257691319,22.0
OD1603852889,15.0
OD7778993099,16.0
OD8030048335,17.0
OD5372148712,10.0
OD9060257924,19.0
OD4932732120,8.0
OD3305630689,16.0
OD6195749379,15.0
OD6431638348,20.0
OD4328606952,7.0
OD3669731870,21.0
OD7284317032,9.0
OD7401823079,23.0
OD5294942704,21.0
OD2867715886,6.0
OD3535042622,22.0
OD5920155876,6.0
OD0582825620,13.0
OD6876510840,7.0
OD1026101161,20.0
OD3280849570,14.0
OD8906558355,13.0
OD2351489238,23.0
OD6693973773,22.0
OD6262043437,9.0
OD6478435294,20.0
OD9950255700,13.0
OD5794169505,14.0
OD9769555020,11.0
OD6768232057,15.0
OD3298822150,23.0
OD4358778334,22.0
OD9785396589,11.0
OD8571094655,6.0
OD4043012387,10.0
OD0951031664,21.0
OD1130805553,8.0
OD3984167504,12.0
OD5962349072,17.0
OD1626030114,12.0
OD9940354212,5.0
OD6634686542,9.0
OD2255056368,19.0
OD0747889649,22.0
OD4574292539,20.0
OD6621633648,5.0
OD0698701593,12.0
OD6382316656,9.0
OD7917507631,12.0
OD2422719639,14.0
OD3250404586,17.0
OD1326392683,21.0
OD2426130826,13.0
OD0407549651,7.0
OD7201213047,11.0
OD8438333958,4.0
OD8684567878,
OD3841724485,14.0
OD8155310735,18.0
OD8415783333,19.0
OD4969654417,5.0
OD1683479397,19.0
OD6498587250,21.0
OD6042419789,18.0
OD6522235026,21.0
OD7848168136,14.0
OD6025405558,14.0
OD1548855157,20.0
OD9382718413,6.0
OD0553960507,4.0
OD3704130618,8.0
OD8360078607,14.0
OD9672234435,19.0
OD9509157564,9.0
OD6256625631,13.0
OD5821866270,7.0
OD5543244585,22.0
OD8182132787,18.0
OD3330078995,12.0
OD7634893307,12.0
OD3871169656,10.0
OD6164984748,12.0
OD2773272477,17.0
OD1928958659,13.0
OD2436039349,5.0
OD0502245957,12.0
OD5033732798,23.0
OD4841730179,4.0
OD5531519377,19.0
OD4215120036,18.0
OD9277943887,13.0
OD9543048561,17.0
OD3940644620,21.0
OD1104362319,20.0
OD7541466346,4.0
OD7283120511,20.0
OD4331853036,23.0
OD9077174976,11.0
OD8520090819,19.0
OD7012832508,10.0
OD9474747582,11.0
OD2413086358,18.0
OD4081501593,16.0
OD6712540167,15.0
OD4696427700,19.0
OD6977303256,9.0
OD6519912811,20.0
OD7666136616,11.0
OD2633940761,21.0
OD7604700859,18.0
OD7521185869,22.0
OD8940708055,14.0
OD5993303219,8.0
OD1563513499,23.0
OD9899504235,15.0
OD3227228264,15.0
OD2752729603,11.0
OD2160349075,6.0
OD5340898755,16.0
OD5488790609,22.0
OD6961010906,5.0
OD1037115175,9.0
OD0001700679,21.0
OD7185106196,15.0
OD4262717022,11.0
OD2518440050,15.0
OD6832747454,11.0
OD4919447042,5.0
OD5704531680,17.0
OD6572865516,20.0
OD0483448105,5.0
OD1128766894,9.0
OD4719889854,17.0
OD8762398142,4.0
OD1374975234,16.0
OD2844722464,13.0
OD0625103446,11.0
OD6277670377,9.0
OD3726847704,13.0
OD0701333245,11.0
OD0223951109,7.0
OD4433591091,18.0
OD1496835747,19.0
OD7978116944,20.0
OD2302744581,12.0
OD1917041261,21.0
OD4831838689,12.0
OD6925122824,13.0
OD0147494587,13.0
OD7978018667,21.0
OD3125020322,5.0
OD5999518114,17.0
OD6130142543,4.0
OD5737712004,9.0
OD8297120907,21.0
OD3940234096,9.0
OD3907683676,10.0
OD1752152247,23.0
OD5704179937,16.0
OD3443908932,12.0
OD1193225325,20.0
OD9213446923,17.0
OD8187033402,20.0
OD8926681126,14.0
OD0270343072,14.0
OD9448201601,15.0
OD0426706161,20.0
OD4223035938,7.0
OD6846604178,9.0
OD4299585964,22.0
OD1980964426,18.0
OD1916251519,
OD8743345363,19.0
OD4232156428,21.0
OD3329111818,9.0
OD5181238181,17.0
OD6282186715,22.0
OD5991562615,16.0
OD4535200219,7.0
OD9629380311,14.0
OD6922806473,5.0
OD3392092564,10.0
OD7413389832,22.0
OD2537498767,10.0
OD8078522362,9.0
OD7898669713,17.0
OD5290323631,6.0
OD5798249901,12.0
OD8458282693,18.0
OD4409516667,13.0
OD4262657639,14.0
OD1174201090,14.0
OD4574360056,11.0
OD0398186230,17.0
OD1006034596,5.0
OD5162975143,10.0
OD8516436776,8.0
OD9760896612,5.0
OD5569713025,20.0
OD1881354741,19.0
OD9828302792,20.0
OD5285792868,14.0
OD8254106786,10.0
OD2587980771,4.0
OD3768967075,20.0
OD0066490134,21.0
OD8193459274,4.0
OD1255552626,14.0
OD4755759724,11.0
OD5608094280,14.0
OD5335288561,13.0
OD2871979250,21.0
OD3197496893,13.0
OD5696778264,20.0
OD3799572652,13.0
OD5520845950,20.0
OD3468157008,17.0
OD6385980143,21.0
OD0787140463,4.0
OD0506174258,18.0
OD8019836090,13.0
OD5414530974,9.0
OD6148755782,10.0
OD9861900244,22.0
OD5060045579,4.0
OD9329207198,21.0
OD3224088610,17.0
OD0090195170,22.0
OD8362587034,14.0
OD5070432716,10.0
OD1816279559,20.0
OD5125182708,19.0
OD3829365191,16.0
OD2763661208,16.0
OD2199244280,16.0
OD6904943735,14.0
OD0404005878,16.0
OD5558634448,10.0
OD1378395322,14.0
OD0662559290,9.0
OD6036229962,11.0
OD1791338048,12.0
OD0628107732,19.0
OD7777187046,22.0
OD4852430924,9.0
OD3821891509,20.0
OD4162163188,18.0
OD0983489421,21.0
OD2950182102,14.0
OD0502541016,18.0
OD3846305065,17.0
OD9733835347,21.0
OD6418622092,18.0
OD2751397144,19.0
OD5281144669,11.0
OD1866640479,20.0
OD5821082826,13.0
OD3864209786,7.0
OD2182650858,19.0
OD6947783414,4.0
OD9449679184,9.0
OD3988913141,15.0
OD1342773925,15.0
OD7894200691,6.0
OD3815881740,15.0
OD5753989961,18.0
OD5088129016,9.0
OD4196935106,15.0
OD5216650201,20.0
OD7241611975,12.0
OD0514521120,8.0
OD7459436897,17.0
OD8489934937,15.0
OD7817763370,13.0
OD0476086982,14.0
OD0878148316,11.0
OD6843611973,16.0
OD5494159499,4.0
OD2756241495,8.0
OD6748307792,14.0
OD4068303624,20.0
OD3326886371,23.0
OD5583105787,22.0
OD3480502593,5.0
OD0628284563,10.0
OD9757436254,13.0
OD3480085957,10.0
OD7268644127,19.0
OD5317102108,12.0
OD3794921199,6.0
OD8700350870,14.0
OD1096240928,12.0
OD8019309126,11.0
OD8501124681,7.0
OD3060410532,18.0
OD1723241784,9.0
OD8929208504,23.0
OD7339812787,5.0
OD0469165533,8.0
OD6731161486,9.0
OD8116978320,7.0
OD1621132795,15.0
OD9616427379,8.0
OD1062588368,5.0
OD6509623882,23.0
OD9719771601,11.0
OD4230739575,23.0
OD0401985319,15.0
OD3130118914,17.0
OD5931846830,14.0
OD3719821020,9.0
OD7703481793,6.0
OD1517209747,13.0
OD4359386748,18.0
OD8548832277,14.0
OD1017271081,14.0
OD8101310441,16.0
OD2513292711,5.0
OD4977942604,13.0
OD0839238696,6.0
OD8968160929,7.0
OD4270454889,15.0
OD9481290868,18.0
OD0976562874,18.0
OD6896905828,23.0
OD1938414682,8.0
OD6282293628,23.0
OD6058610271,7.0
OD8738679277,4.0
OD9291973423,19.0
OD2387051371,20.0
OD2409600937,13.0
OD7082536750,21.0
OD8704423726,19.0
OD4684354367,21.0
OD8648895967,5.0
OD5677799712,15.0
OD2668658702,23.0
OD3794732319,4.0
OD7837807587,4.0
OD2427164876,19.0
OD3801618383,14.0
OD9719835042,4.0
OD4301042413,17.0
OD9101632243,8.0
OD4544013587,20.0
OD3680527979,10.0
OD8871359778,4.0
OD6611563941,13.0
OD0095358121,6.0
OD1877077042,7.0
OD6905179400,22.0
OD8025764338,16.0
OD2792030419,21.0
OD5904674138,23.0
OD5728005081,19.0
OD0099045491,17.0
OD8392317638,11.0
OD3222212299,23.0
OD8495276339,20.0
OD7006417470,6.0
OD6749971604,6.0
OD6687009355,4.0
OD5360609815,8.0
OD8309701168,11.0
OD7883758794,16.0
OD0632141906,23.0
OD6745211441,20.0
OD9299348158,4.0
OD8588743455,23.0
OD3176987706,18.0
OD1574574470,22.0
OD0610664177,12.0
OD7706736524,20.0
OD8435010884,7.0
OD5361915026,14.0
OD0699063361,19.0
OD4516630695,17.0
OD9042886027,4.0
OD1429068019,22.0
OD9728574723,10.0
OD3163068483,5.0
OD1290354877,6.0
OD2954298903,9.0
OD9252721537,14.0
OD1613747128,10.0
OD7357006683,15.0
OD5365666432,23.0
OD4305999516,18.0
OD7980986022,18.0
OD8904158540,11.0
OD9463036014,22.0
OD3595881804,16.0
OD4826866056,9.0
OD6545695632,5.0
OD4114486501,11.0
OD3122521257,19.0
OD1995183009,9.0
OD7882645273,8.0
OD3617591671,20.0
OD3662476658,17.0
OD3381315392,9.0
OD9936796581,23.0
OD6830618738,7.0
OD8668002877,4.0
OD4530553297,13.0
OD7383192552,4.0
OD8807296250,19.0
OD9161911007,17.0
OD0356446274,6.0
OD6136237788,8.0
OD1153289492,10.0
OD5503729968,19.0
OD2738930583,6.0
OD0713617279,5.0
OD9108972232,13.0
OD8747559473,22.0
OD0841245623,8.0
OD4412260922,7.0
OD9090512875,13.0
OD6026739659,21.0
OD8135496260,16.0
OD0526208283,5.0
OD5992664544,21.0
OD1710005193,23.0
OD4736707511,18.0
OD0136575082,13.0
OD5455744152,11.0
OD0520249526,19.0
OD3929422961,20.0
OD7958285183,20.0
OD5314073893,14.0
OD2782512433,12.0
OD0709691625,12.0
OD8163519316,13.0
OD5477971462,6.0
OD9800457077,12.0
OD7407888797,15.0
OD7826137585,4.0
OD7174451713,11.0
OD9068519958,5.0
OD8971224916,22.0
OD9990985039,4.0
OD9788904061,21.0
OD8381155223,11.0
OD8740217284,5.0
OD5815962488,16.0
OD5454179129,13.0
OD6868076579,5.0
OD3806990753,20.0
OD9942327002,17.0
OD5850978475,19.0
OD3994813562,22.0
OD8783871109,17.0
OD4406758507,20.0
OD2898263084,15.0
OD5379500180,7.0
OD1772061982,11.0
OD0862632144,17.0
OD3426493646,11.0
OD2097102882,6.0
OD9211717748,22.0
OD1014436957,17.0
OD3271624509,18.0
OD3293627216,13.0
OD1334438639,21.0
OD2536595950,5.0
OD0029191298,15.0
OD4011392775,15.0
OD9429071221,15.0
OD6578524311,14.0
OD4359672892,21.0
OD8545475665,18.0
OD4806041285,19.0
OD6798749837,6.0
OD2467551588,22.0
OD0333395051,23.0
OD2078064833,8.0
OD1746487805,9.0
OD3499606614,14.0
OD5545207852,14.0
OD5132578112,15.0
OD0759195681,19.0
OD3359229331,4.0
OD2144099976,22.0
OD0785280210,23.0
OD2844473054,13.0
OD5379023345,9.0
OD1268184632,22.0
OD7854181628,20.0
OD1135074739,23.0
OD3462560661,12.0
OD3725560961,16.0
OD2167866341,13.0
OD4760675984,10.0
OD5120537283,13.0
OD8855946268,7.0
OD8630801439,9.0
OD5293224332,19.0
OD7090147524,21.0
OD0350220827,11.0
OD7959263986,6.0
OD9112437619,18.0
OD9503604079,8.0
OD8566197413,9.0
OD6427560204,19.0
OD2827938936,12.0
OD7903687811,23.0
OD5696019603,14.0
OD6297488723,10.0
OD6441396527,13.0
OD4679099374,11.0
OD5337691726,5.0
OD4943985240,9.0
OD9299351358,22.0
OD5719044765,4.0
OD5997951663,11.0
OD3733693491,23.0
OD4410894466,22.0
OD7550896999,18.0
OD0703168070,12.0
OD6820959012,11.0
OD8357323794,23.0
OD5775429611,9.0
OD6252049415,16.0
OD3648101263,9.0
OD7342853944,5.0
OD5734732541,13.0
OD8836534876,15.0
OD0584164069,22.0
OD8437402707,12.0
OD4136624727,6.0
OD4088777834,21.0
OD4177781178,21.0
OD5323497999,13.0
OD5196697950,13.0
OD1259355954,19.0
OD0693453704,21.0
OD0149159621,15.0
OD1090105607,20.0
OD6721701097,16.0
OD7536958658,22.0
OD4524095482,11.0
OD8298217528,12.0
OD4739659738,14.0
OD1763539456,17.0
OD7093250319,6.0
OD2357727983,19.0
OD1621485762,9.0
OD4533236912,7.0
OD2745665172,16.0
OD1209629668,16.0
OD1774732890,21.0
OD3763362533,14.0
OD9657296618,13.0
OD4682114294,23.0
OD2111062882,23.0
OD7096117580,9.0
OD5351316375,17.0
OD9124388250,11.0
OD5280907980,16.0
OD8899794967,19.0
OD3420216814,21.0
OD0116201522,8.0
OD4209657151,19.0
OD3409432406,5.0
OD4010564104,22.0
OD1915286253,22.0
OD7270055478,5.0
OD4431234231,23.0
OD8655998245,13.0
OD2246932097,19.0
OD7837814722,8.0
OD7174913843,11.0
OD3507863951,20.0
OD5562650417,14.0
OD8634064124,17.0
OD3172467068,20.0
OD9551602909,14.0
OD9714333455,10.0
OD2457046230,23.0
OD3433953837,12.0
OD7954728753,23.0
OD1436006566,21.0
OD8690095804,22.0
OD6658345680,7.0
OD2967438661,10.0
OD3138785404,6.0
OD0335977386,8.0
OD1665683603,12.0
OD4734256555,12.0
OD7630272590,10.0
OD3379298088,13.0
OD6342099141,12.0
OD0475540254,22.0
OD7255819790,4.0
OD0441060513,8.0
OD1645488122,11.0
OD2741277395,16.0
OD5885649322,21.0
OD7085730469,12.0
OD7849352705,20.0
OD3687095109,21.0
OD4849074204,6.0
OD2434902361,4.0
OD8198350799,15.0
OD9963353595,6.0
OD9011545581,4.0
OD2291330173,19.0
OD4318079406,17.0
OD6560014948,15.0
OD8457443863,14.0
OD8466372476,17.0
OD5397978611,4.0
OD1059590565,13.0
OD6779552035,9.0
OD6156737140,10.0
OD5781929934,16.0
OD4873366200,12.0
OD8793461981,22.0
OD4904236318,9.0
OD8129372665,23.0
OD9097120742,8.0
OD4137246543,10.0
OD1181111702,21.0
OD7648685736,21.0
OD8978062678,12.0
OD1988942223,7.0
OD1938808500,5.0
OD5273700212,7.0
OD3112987517,4.0
OD0912988657,16.0
OD9480225648,8.0
OD3440406071,8.0
OD6965894849,19.0
OD5027178757,16.0
OD3466915190,6.0
OD8471393751,4.0
OD6346335333,6.0
OD6100878352,10.0
OD7589871886,9.0
OD5109059979,20.0
OD3960870634,21.0
OD1469146961,23.0
OD1205532146,15.0
OD1482317912,12.0
OD7219590289,20.0
OD8417285314,18.0
OD1534572348,6.0
OD1669138280,9.0
OD2126586634,22.0
OD5823651679,7.0
OD3217641646,18.0
OD3880053406,17.0
OD6636697553,16.0
OD9014966578,8.0
OD8279789731,17.0
OD8657204101,22.0
OD8799011433,11.0
OD5852729341,7.0
OD1227028326,20.0
OD5097211745,6.0
OD8634523471,8.0
OD8592787560,8.0
OD6994676040,5.0
OD6800816071,8.0
OD7396398012,14.0
OD9209601709,14.0
OD8246363630,23.0
OD8171949115,9.0
OD2532748076,10.0
OD0762648916,8.0
OD8595571323,21.0
OD2697357729,16.0
OD1965512393,14.0
OD3323705782,21.0
OD1735367144,15.0
OD7487897962,22.0
OD9953101438,17.0
OD2654256426,18.0
OD7351957068,9.0
OD8203351384,11.0
OD8793041671,8.0
OD4799321959,18.0
OD5988999914,6.0
OD7892496665,21.0
OD0080366535,5.0
OD1629430036,15.0
OD2150689282,15.0
OD3080181862,5.0
OD4497279568,18.0
OD1416296375,20.0
OD2126716267,10.0
OD9346159743,10.0
OD5571443873,4.0
OD8920514012,4.0
OD8880817699,21.0
OD3990456545,6.0
OD1790983702,13.0
OD8900338440,8.0
OD8782114033,12.0
OD6110405729,9.0
OD4845365018,21.0
OD7309957399,12.0
OD0853491725,19.0
OD6660111033,7.0
OD8807264880,7.0
OD6319822111,14.0
OD3392891362,15.0
OD4072017756,5.0
OD8819508754,20.0
OD4460798858,22.0
OD6706235042,8.0
OD7453752909,4.0
OD1186940530,19.0
OD1489384348,5.0
OD7265036445,12.0
OD2674459093,18.0
OD4367551737,15.0
OD9627998470,11.0
OD2928238009,19.0
OD2983474006,23.0
OD2697864583,22.0
OD2097190995,12.0
OD9763031546,4.0
OD5166165266,5.0
OD8841773511,6.0
OD0520024549,20.0
OD6068234839,16.0
OD4875869100,20.0
OD7420837976,19.0
OD4847628106,16.0
OD2027344206,22.0
OD7075909332,17.0
OD2173873344,16.0
OD6622316767,4.0
OD0783950626,16.0
OD9965860217,22.0
OD8771045009,16.0
OD6560538148,22.0
OD5675348272,17.0
OD3313598907,15.0
OD8609083174,6.0
OD2521692063,5.0
OD0302912751,5.0
OD0398724710,7.0
OD9598125153,19.0
OD7487397853,15.0
OD6745575082,11.0
OD2018733027,17.0
OD1056304654,18.0
OD8796729967,6.0
OD2674196832,22.0
OD1076925021,8.0
OD7913429049,20.0
OD1113432724,15.0
OD2822507111,13.0
OD4650126012,15.0
OD2240429773,11.0
OD1051441417,7.0
OD1574644344,15.0
OD9876177912,6.0
OD1223164364,18.0
OD4568059923,14.0
OD6060285075,12.0
OD4750659185,17.0
OD0114372833,22.0
OD7870697401,16.0
OD3409838290,13.0
OD8893383203,5.0
OD1059862748,7.0
OD1578605040,14.0
OD2663632685,7.0
OD2734901897,10.0
OD7967605257,23.0
OD6525171659,15.0
OD7163735773,18.0
OD8381143576,19.0
OD6310785160,9.0
OD8926117473,8.0
OD0192639129,6.0
OD2601540787,10.0
OD2627334169,12.0
OD8841137026,9.0
OD1106180646,7.0
OD0606784595,8.0
OD8067840194,20.0
OD0636637982,18.0
OD0905562357,8.0
OD0580123313,22.0
OD3015989295,20.0
OD6532445245,4.0
OD0615414681,19.0
OD5937528626,18.0
OD0894306404,23.0
OD0822053197,19.0
OD6934807150,13.0
OD0398172497,5.0
OD5050454668,6.0
OD8165458528,13.0
OD7083380834,19.0
OD4811782372,12.0
OD5185340578,20.0
OD1595076161,11.0
OD3067694414,11.0
OD1249046029,19.0
OD2276582441,12.0
OD8802373043,10.0
OD5155431111,18.0
OD9135524584,10.0
OD3818929742,4.0
OD8235806996,7.0
OD6399579816,7.0
OD1557060012,7.0
OD8799327595,4.0
OD8375856274,19.0
OD0445182147,9.0
OD4126108630,17.0
OD8973210394,17.0
OD9606790132,13.0
OD0905149217,10.0
OD1153472083,4.0
OD5887499701,9.0
OD5950113758,22.0
OD4814431608,8.0
OD1263129112,23.0
OD8265408304,5.0
OD1634355812,5.0
OD2436356533,20.0
OD3688556372,4.0
OD7388333956,9.0
OD0840742630,13.0
OD8513032060,15.0
OD9792810940,12.0
OD1242540541,7.0
OD5431886801,14.0
OD4876227640,10.0
OD0502626813,14.0
OD1036829191,13.0
OD7698538414,5.0
OD9313111977,16.0
OD1281469205,7.0
OD8184240796,12.0
OD4974765031,6.0
OD3905254430,8.0
OD4940698256,19.0
OD4163784691,15.0
OD8481400154,23.0
OD2445806543,8.0
OD3362075038,19.0
OD4375205824,22.0
OD0844986497,11.0
OD2251564257,10.0
OD2287472798,10.0
OD4323782440,5.0
OD8578352197,17.0
OD6322598376,12.0
OD2588370912,16.0
OD7386647745,6.0
OD0665618855,9.0
OD5474230857,10.0
OD7819197250,9.0
OD6403877364,22.0
OD4944919471,9.0
OD1407516264,7.0
OD2157483581,10.0
OD4958171096,7.0
OD1297382338,20.0
OD9323815961,9.0
OD4191679863,13.0
OD6096033042,10.0
OD7630511292,23.0
OD5672679281,7.0
OD1598194199,15.0
OD4336341368,9.0
OD0702382774,11.0
OD9188810015,10.0
OD6227189470,22.0
OD0465485877,6.0
OD2564435087,13.0
OD6839719785,22.0
OD4011265988,13.0
OD5788041033,19.0
OD6107155025,20.0
OD9365584190,11.0
OD9056667179,21.0
OD5221785249,18.0
OD5174587095,7.0
OD2136261479,6.0
OD7241034853,14.0
OD2398483773,16.0
OD2353968656,9.0
OD5015508584,6.0
OD3490458451,14.0
OD4438042455,5.0
OD3289969122,11.0
OD1534413646,13.0
OD0420219142,11.0
OD1508425334,7.0
OD7715386113,23.0
OD4472622160,7.0
OD0415970418,21.0
OD6232734022,13.0
OD1710110899,4.0
OD7502644656,5.0
OD8695395578,12.0
OD1204823257,18.0
OD6425191666,23.0
OD3370690003,8.0
OD4439486358,5.0
OD8399903962,12.0
OD5156832451,8.0
OD3814598465,10.0
OD0563596392,5.0
OD2656029909,16.0
OD3369681273,21.0
OD2567156718,22.0
OD4829342699,13.0
OD6047018281,21.0
OD3985963516,17.0
OD2072881854,14.0
OD9056264124,8.0
OD1733108933,11.0
OD1742315390,9.0
OD3055942542,10.0
OD2522630009,20.0
OD2404294157,22.0
OD9573353061,11.0
OD7663010907,7.0
OD3056340056,20.0
OD9210902593,20.0
OD3193627971,13.0
OD4386159101,17.0
OD9241396121,17.0
OD5501866734,22.0
OD9483349564,4.0
OD7423634254,9.0
OD4737314961,22.0
OD1324523557,15.0
OD3569063295,12.0
OD9228820138,21.0
OD0377670904,17.0
OD7473985736,23.0
OD1947476727,14.0
OD6820383039,20.0
OD6176470849,15.0
OD9708998552,18.0
OD6676264454,11.0
OD6919871531,14.0
OD1285584408,15.0
OD1659930083,13.0
OD3688771818,12.0
OD7885418767,23.0
OD7482354326,17.0
OD3616477028,13.0
OD7752288291,12.0
OD4749053546,8.0
OD2758136509,16.0
OD3434176987,22.0
OD3416609658,10.0
OD4407671831,23.0
OD7276806780,9.0
OD8760935615,9.0
OD2328614930,11.0
OD5459618969,7.0
OD1840235950,15.0
OD6667723511,20.0
OD2999057851,11.0
OD5914558688,17.0
OD0123865898,5.0
OD8064859131,8.0
OD0356473952,10.0
OD5215255723,6.0
OD8057442935,9.0
OD5666352692,18.0
OD9230225407,13.0
OD2264296414,22.0
OD7237447439,17.0
OD0341114943,20.0
OD2218144027,14.0
OD3943032204,19.0
OD1834948210,16.0
OD1359010584,20.0
OD3251912082,10.0
OD7765009192,6.0
OD8886056509,19.0
OD2024152528,22.0
OD5721524503,20.0
OD7268391899,7.0
OD1108525785,21.0
OD1793627422,17.0
OD2884234816,22.0
OD5321810593,9.0
OD2429086702,11.0
OD3010602730,22.0
OD3035579621,21.0
OD1141325182,13.0
OD3625399954,13.0
OD1873269237,13.0
OD4306083982,8.0
OD5888688979,20.0
OD5410830372,21.0
OD1981642329,16.0
OD9606368941,7.0
OD4053410068,16.0
OD9360902114,14.0
OD6482903463,23.0
OD5485726835,12.0
OD5962570892,13.0
OD5331378123,10.0
OD2098641020,21.0
OD3062881475,22.0
OD2844643789,16.0
OD4395052558,17.0
OD7810157895,10.0
OD0494656518,7.0
OD4089850285,22.0
OD5819540164,15.0
OD6232647349,17.0
OD5907180815,4.0
OD3794337463,12.0
OD7088361689,6.0
OD5589981422,22.0
OD9970360318,13.0
OD8397400428,14.0
OD8141119987,21.0
OD8893077939,11.0
OD5859876045,15.0
OD4777008576,4.0
OD0705895932,19.0
OD6792728336,6.0
OD8294647995,18.0
OD4758177269,7.0
OD8330741372,4.0
OD0109088193,9.0
OD1772868001,21.0
OD9366444003,15.0
OD8632676694,21.0
OD5367254968,23.0
OD3394754768,12.0
OD2804509549,21.0
OD0737797690,8.0
OD3870132671,22.0
OD8904005034,14.0
OD9111784389,10.0
OD1999971534,5.0
OD8648383144,19.0
OD7561839933,23.0
OD9726542227,9.0
OD0601408337,11.0
OD6875616847,9.0
OD3887335054,4.0
OD0363010329,6.0
OD4043420405,14.0
OD3820930987,5.0
OD1623846383,5.0
OD3417712908,6.0
OD5004751685,12.0
OD8434510822,12.0
OD3954595979,5.0
OD8372173616,11.0
OD6813617565,18.0
OD9106097728,15.0
OD1970037007,9.0
OD6981838129,18.0
OD1151154862,13.0
OD5164930822,14.0
OD2503203747,15.0
OD2624382030,15.0
OD6037488187,14.0
OD9467171664,4.0
OD1339650091,22.0
OD4772075939,22.0
OD0985760467,11.0
OD3882188972,14.0
OD0633305293,8.0
OD7814779023,16.0
OD7187184365,13.0
OD3109781950,17.0
OD0946715478,11.0
OD2933805291,5.0
OD9123729170,18.0
OD5728653095,7.0
OD4443335891,22.0
OD6032495711,20.0
OD0350604826,10.0
OD9023207115,14.0
OD9506354847,16.0
OD8551122580,17.0
OD2640281521,23.0
OD9608531592,17.0
OD2582072800,11.0
OD1421724250,15.0
OD9097937099,17.0
OD1129221192,11.0
OD0723025727,17.0
OD4149227401,7.0
OD4747425633,18.0
OD5944305186,16.0
OD0433580924,18.0
OD7679379290,23.0
OD0059371721,22.0
OD1028867005,13.0
OD9288374198,19.0
OD2172167826,20.0
OD6268142747,16.0
OD4626809076,20.0
OD4945694134,21.0
OD7594178179,18.0
OD4898554892,15.0
OD1642381307,19.0
OD8441282450,17.0
OD6687104381,4.0
OD8619080181,18.0
OD1318835087,14.0
OD3500357926,5.0
OD6191782602,22.0
OD8740340663,16.0
OD0533708882,11.0
OD8224824674,8.0
OD0092271799,10.0
OD5576310648,17.0
OD7966354068,17.0
OD2933622637,9.0
OD1450963097,5.0
OD2197003938,13.0
OD5973223644,6.0
OD5704519842,18.0
OD2388981571,4.0
OD7164614247,21.0
OD7442936361,22.0
OD2182227169,18.0
OD3489591240,10.0
OD3991047797,17.0
OD3544453341,4.0
OD9356686149,22.0
OD3473654904,12.0
OD5495543143,16.0
OD5230307787,23.0
OD5399090594,21.0
OD5648109668,9.0
OD5685093584,20.0
OD1184688360,6.0
OD1392403065,13.0
OD5149201714,11.0
OD1425408526,22.0
OD6846664300,9.0
OD4621181952,9.0
OD6556782141,5.0
OD8942764484,9.0
OD5716769636,18.0
OD5588659296,8.0
OD6036710408,10.0
OD6543165204,10.0
OD0499607868,20.0
OD5931292328,23.0
OD4831072277,15.0
OD6352452054,12.0
OD5166997477,8.0
OD0208193620,18.0
OD3387721888,5.0
OD9161881035,15.0
OD5453108695,21.0
OD3916072380,8.0
OD2012077106,15.0
OD8684984867,4.0
OD3574447385,19.0
OD2268843875,17.0
OD4951763762,13.0
OD3632390754,12.0
OD9251523063,17.0
OD8924748959,10.0
OD3930653838,21.0
OD1358981534,18.0
OD2656874144,8.0
OD0459924991,22.0
OD8792188103,9.0
OD0039958598,19.0
OD4101122458,7.0
OD9776941847,12.0
OD4835376234,18.0
OD5031468418,12.0
OD2140379440,10.0
OD2572271930,23.0
OD4129498817,14.0
OD6434585442,6.0
OD1873713640,22.0
OD5308616885,14.0
OD8945871169,16.0
OD5420904916,19.0
OD5990072488,8.0
OD5929549753,8.0
OD2934860890,4.0
OD2394043284,4.0
OD7744725953,14.0
OD3173259832,22.0
OD4327277319,23.0
OD3058038791,6.0
OD1240595901,5.0
OD3195859560,18.0
OD8989706589,12.0
OD6541859199,8.0
OD6786352839,14.0
OD7168254693,13.0
OD2035745514,9.0
OD3354253769,8.0
OD5646552253,20.0
OD5927027929,9.0
OD4494383036,12.0
OD3288463032,10.0
OD2743213177,20.0
OD9317269190,23.0
OD0723924395,13.0
OD4460003268,19.0
OD2462062208,8.0
OD7235785169,7.0
OD4925750023,19.0
OD6607198660,14.0
OD5891587080,13.0
OD6629945471,11.0
OD1465622493,13.0
OD3079006818,17.0
OD4109331362,8.0
OD5828965053,10.0
OD4236308565,14.0
OD8366688320,20.0
OD4080965440,11.0
OD4501520271,7.0
OD1213117850,12.0
OD7217676093,18.0
OD8811048470,11.0
OD2311637416,10.0
OD3169050570,12.0
OD5058248573,12.0
OD7727235748,16.0
OD6242451190,22.0
OD9768907943,12.0
OD8212225630,18.0
OD4247759452,13.0
OD0341952654,8.0
OD0002183407,21.0
OD3834371254,8.0
OD3415645668,16.0
OD8572407729,13.0
OD0669416309,16.0
OD0037128919,11.0
OD7124051344,23.0
OD1787347524,23.0
OD5997631234,5.0
OD2560630880,16.0
OD9366080081,21.0
OD1712427330,17.0
OD1376177578,14.0
OD7677866197,15.0
OD2924941836,19.0
OD3267714826,19.0
OD7820267334,14.0
OD7000125681,22.0
OD6989165823,6.0
OD7200965660,10.0
OD2809684916,17.0
OD3089687782,10.0
OD1223587892,20.0
OD7461998110,8.0
OD9600317137,13.0
OD9751975779,12.0
OD0232390655,23.0
OD2428432274,5.0
OD5494293660,6.0
OD1049679805,9.0
OD4957271744,19.0
OD4221662557,10.0
OD8217209391,8.0
OD5462718855,12.0
OD2850979856,22.0
OD1605838257,22.0
OD7283762675,15.0
OD3514799644,20.0
OD4688165728,10.0
OD8790590438,21.0
OD3039988346,11.0
OD5812886322,15.0
OD7930440092,12.0
OD5157359227,16.0
OD7087545802,16.0
OD7099680545,11.0
OD2997670499,18.0
OD1437477901,17.0
OD3434698252,17.0
OD1296986151,17.0
OD1297366858,4.0
OD0266972430,17.0
OD8040458040,17.0
OD7289799504,23.0
OD4770408855,7.0
OD7463511360,19.0
OD9409396930,7.0
OD3794658678,23.0
OD5682057496,7.0
OD8985571945,22.0
OD7746538624,12.0
OD9912876207,8.0
OD7183837467,16.0
OD9047780881,18.0
OD1053829175,11.0
OD7141245499,14.0
OD0288448422,7.0
OD1753614133,6.0
OD6153016387,12.0
OD6709047920,7.0
OD6656740128,8.0
OD5613936948,19.0
OD3147264379,12.0
OD4255122274,19.0
OD9773405863,8.0
OD3189874974,20.0
OD6552865785,15.0
OD6056556571,5.0
OD8066408485,6.0
OD2156176753,10.0
OD6175268314,13.0
OD7421480983,10.0
OD4924945484,7.0
OD9996969062,5.0
OD5975777061,4.0
OD1441654682,10.0
OD5385413210,7.0
OD6708576030,17.0
OD1738443404,6.0
OD7435344174,19.0
OD6639944604,11.0
OD3731642997,4.0
OD8722550467,13.0
OD7478292236,23.0
OD3407766585,7.0
OD3312603778,23.0
OD8153015854,4.0
OD7571737110,12.0
OD6962804341,22.0
OD9617043507,14.0
OD6164187454,20.0
OD4203824831,8.0
OD9750405611,5.0
OD6312515022,20.0
OD2044786630,14.0
OD0921479074,21.0
OD2484130916,23.0
OD1201723212,17.0
OD6725271954,21.0
OD7723878347,18.0
OD2926826484,15.0
OD1746635516,4.0
OD1673327093,7.0
OD9193364337,4.0
OD1746247401,8.0
OD1931771041,5.0
OD7587160092,6.0
OD1322008868,19.0
OD4510612212,12.0
OD9617324623,23.0
OD1419961409,23.0
OD1494229527,15.0
OD0346108507,11.0
OD2340189123,10.0
OD8889533400,13.0
OD9162697970,13.0
OD6680469487,11.0
OD4974157956,22.0
OD5075815886,20.0
OD5737912259,18.0
OD1973760200,18.0
OD9686409062,21.0
OD3041458706,4.0
OD0725169042,6.0
OD6683397718,22.0
OD6061730096,20.0
OD9023478962,23.0
OD0964860656,18.0
OD5533080518,15.0
OD1892108113,7.0
OD4463656598,9.0
OD3302037376,8.0
OD1502086248,12.0
OD6135128556,14.0
OD3995592500,19.0
OD8167123411,6.0
OD3830804779,19.0
OD1875409412,23.0
OD0104307032,13.0
OD2228202521,10.0
OD9706007675,19.0
OD4578023464,7.0
OD3944097360,5.0
OD4388514493,22.0
OD5780411971,14.0
OD5727926461,12.0
OD4228077281,19.0
OD5992831673,8.0
OD5170532831,6.0
OD6835348753,15.0
OD6144790047,11.0
OD7505832707,12.0
OD0906573040,11.0
OD5585659315,21.0
OD4683323170,18.0
OD6915995129,9.0
OD3088145513,6.0
OD5315287496,4.0
OD5148324033,7.0
OD3566992475,22.0
OD3241192633,12.0
OD5533919222,11.0
OD3144071016,22.0
OD5636253248,7.0
OD0020003628,23.0
OD3189853791,11.0
OD1863832463,18.0
OD7499438723,11.0
OD6206660051,14.0
OD3369402139,20.0
OD4566267796,19.0
OD7340263540,19.0
OD4066129959,13.0
OD9266467693,20.0
OD6778395356,21.0
OD4874203542,6.0
OD4256217429,17.0
OD1112158664,12.0
OD1653899525,23.0
OD6127692075,13.0
OD3078797801,4.0
OD2423712489,9.0
OD9723843683,10.0
OD6779438626,4.0
OD5073929223,13.0
OD8277902479,5.0
OD3440000181,6.0
OD2094083500,6.0
OD6275671377,18.0
OD0052997670,8.0
OD9058860699,11.0
OD8771104033,23.0
OD7706383816,20.0
OD2725982295,13.0
OD7285516725,9.0
OD2327104270,10.0
OD8991475700,7.0
OD2270382895,13.0
OD7844058033,7.0
OD0574903729,18.0
OD6911508759,20.0
OD3180349345,23.0
OD7411361927,22.0
OD8707275388,4.0
OD5300390844,4.0
OD5932397288,4.0
OD4576208807,20.0
OD8008727485,7.0
OD5513543675,5.0
OD8167562667,6.0
OD2781328865,18.0
OD2936677811,17.0
OD2716256136,14.0
OD2171740440,6.0
OD7672046902,10.0
OD1249453826,21.0
OD1979988082,5.0
OD6977574977,22.0
OD3302855691,11.0
OD6233761461,18.0
OD3985274469,9.0
OD6532900072,18.0
OD5828663451,13.0
OD8393621657,16.0
OD2541231865,12.0
OD6400219771,20.0
OD8498867699,12.0
OD5807495053,9.0
OD5210914771,8.0
OD5795183115,21.0
OD0885131825,20.0
OD0214228001,19.0
OD7897637222,14.0
OD7363056880,10.0
OD6699848714,13.0
OD3635811272,23.0
OD1253692393,17.0
OD4368571923,22.0
OD7947135923,5.0
OD3201529501,9.0
OD0865405275,10.0
OD5006030044,12.0
OD2645286607,14.0
OD2270938291,9.0
OD0578863209,9.0
OD3529245976,4.0
OD6023442491,10.0
OD5592485732,22.0
OD5497778316,17.0
OD9288542981,10.0
OD8178089571,10.0
OD9285354719,8.0
OD5028103649,4.0
OD8714794711,15.0
OD2590208842,21.0
OD7453571903,16.0
OD6307255177,19.0
OD6911641839,20.0
OD8818250746,16.0
OD9033341732,16.0
OD2988623287,7.0
OD2407121373,9.0
OD6303361591,8.0
OD2857411741,18.0
OD1596359220,23.0
OD7535279839,9.0
OD2044502769,5.0
OD8235127044,18.0
OD5603671065,17.0
OD4331696738,12.0
OD1576359832,13.0
OD0670652715,13.0
OD8427435721,9.0
OD2052846496,17.0
OD2809092575,19.0
OD3322682879,16.0
OD9611090363,7.0
OD9999300591,19.0
OD0014693761,6.0
OD2919113264,11.0
OD2942552066,19.0
OD3060487206,9.0
OD6338919856,20.0
OD3351193137,8.0
OD1474135940,19.0
OD1083260321,4.0
OD5017336682,14.0
OD0171014156,22.0
OD0788507835,13.0
OD8945516021,16.0
OD3511007143,7.0
OD8934950139,8.0
OD1795770539,23.0
OD2303141275,6.0
OD7347201571,10.0
OD5141507350,22.0
OD1527513894,16.0
OD7490072519,8.0
OD5326441562,6.0
OD0908767812,6.0
OD5143906356,10.0
OD4332269147,19.0
OD5811833388,12.0
OD7271133204,11.0
OD6386116546,19.0
OD6859451389,16.0
OD5378777922,14.0
OD9097251447,22.0
OD7239082941,6.0
OD9549789197,9.0
OD3667522870,6.0
OD0819497575,16.0
OD8257116241,12.0
OD8705169563,20.0
OD7624548520,7.0
OD8959266961,19.0
OD4377495136,21.0
OD0084703031,19.0
OD5200552018,13.0
OD1157814912,12.0
OD4637799255,15.0
OD0932465049,13.0
OD5132320992,10.0
OD4927345626,4.0
OD9495609920,20.0
OD2547307000,11.0
OD3018147363,4.0
OD8984544800,14.0
OD4174935601,9.0
OD4863690515,22.0
OD4969388274,20.0
OD1013643473,10.0
OD2941380513,16.0
OD5509993467,10.0
OD9367684988,23.0
OD0078060563,7.0
OD0996843310,14.0
OD2500459307,13.0
OD8377726898,7.0
OD9033691342,15.0
OD0469251253,20.0
OD3259825999,17.0
OD0688603840,22.0
OD3651030047,10.0
OD4362072919,18.0
OD4651326389,22.0
OD1898024724,14.0
OD1897872653,11.0
OD9308000370,17.0
OD1665221427,10.0
OD9039447306,6.0
OD1752527799,20.0
OD0477056734,14.0
OD2242834159,8.0
OD2831702290,17.0
OD8862073471,8.0
OD2956642609,23.0
OD8684317684,7.0
OD7990389809,13.0
OD4333576051,18.0
OD4417612692,9.0
OD4811938669,21.0
OD8668675794,4.0
OD7320540993,8.0
OD9453332191,17.0
OD6066435444,19.0
OD6956439248,15.0
OD8912773679,7.0
OD5801517261,17.0
OD2339630359,7.0
OD7603290598,10.0
OD3536300709,18.0
OD3950051293,23.0
OD3091040746,15.0
OD9475467198,18.0
OD2069486608,14.0
OD1945307720,19.0
OD4671375255,6.0
OD3865268475,9.0
OD0614665963,18.0
OD3704280718,23.0
OD8434865555,15.0
OD5267331508,22.0
OD4920921877,10.0
OD1404715255,21.0
OD7835610809,12.0
OD3781553228,7.0
OD2128694844,13.0
OD5235415941,17.0
OD6151931129,12.0
OD1349958862,10.0
OD6872439510,11.0
OD1287726272,4.0
OD5545341234,17.0
OD7732231317,9.0
OD4846072184,5.0
OD7044548126,11.0
OD3390154529,5.0
OD7616596513,17.0
OD5083599943,22.0
OD1833066658,9.0
OD9242542561,18.0
OD0535181217,11.0
OD8000511504,11.0
OD9989016368,22.0
OD7483002531,10.0
OD4079276888,14.0
OD4409607741,10.0
OD6958209791,16.0
OD5731456245,13.0
OD8818110116,14.0
OD0822571490,17.0
OD6845823598,5.0
OD3821138201,4.0
OD9855524907,11.0
OD8929558314,15.0
OD5833544542,22.0
OD4783068785,14.0
OD3634932296,9.0
OD6101125208,20.0
OD0467442672,15.0
OD0396200985,13.0
OD8155557407,6.0
OD0721877125,22.0
OD9997578290,19.0
OD4580402140,11.0
OD1808592182,10.0
OD4436368616,14.0
OD3991174911,21.0
OD1424451775,5.0
OD7220816677,21.0
OD8329580279,17.0
OD2993117727,19.0
OD4336044938,23.0
OD4672778248,6.0
OD4671109685,22.0
OD9541894473,5.0
OD6373586077,23.0
OD6726558282,15.0
OD0340846039,15.0
OD8219141851,10.0
OD0715244794,8.0
OD4595757038,21.0
OD6506970936,4.0
OD8987844492,9.0
OD6641792081,4.0
OD3480086168,9.0
OD3702292869,4.0
OD2541022645,10.0
OD0209962633,18.0
OD2092230176,11.0
OD0122245896,22.0
OD2486769370,18.0
OD5366314649,9.0
OD7238312148,14.0
OD3884659877,5.0
OD6149083820,6.0
OD1317680213,20.0
OD6036798976,18.0
OD6114549184,22.0
OD3236531130,8.0
OD4832552813,16.0
OD7535285932,22.0
OD7371448313,15.0
OD4501473178,22.0
OD1246338535,15.0
OD7158213047,14.0
OD1630844347,9.0
OD8622732700,12.0
OD8741538890,5.0
OD3586228274,11.0
OD4101869878,9.0
OD9302400912,22.0
OD0678444307,5.0
OD4802932185,15.0
OD4063005682,9.0
OD3964909455,12.0
OD3029968673,19.0
OD7557100504,12.0
OD3683722193,14.0
OD4382000806,10.0
OD0060436641,23.0
OD0445906068,17.0
OD5726141132,6.0
OD1610594101,15.0
OD5288611769,7.0
OD9868690951,6.0
OD1876318520,8.0
OD8838736476,17.0
OD5553827475,23.0
OD3207024543,20.0
OD0098214818,6.0
OD9340487831,11.0
OD5123124186,7.0
OD4691016177,18.0
OD6888479330,17.0
OD9127224696,20.0
OD0382700314,6.0
OD4978816050,13.0
OD4807126502,23.0
OD5379683201,23.0
OD4279041561,17.0
OD9170134290,23.0
OD5286945350,4.0
OD6728761932,20.0
OD1166103371,9.0
OD9948869089,11.0
OD0564244387,9.0
OD4845990997,10.0
OD7650775473,16.0
OD1256185577,8.0
OD5210412699,5.0
OD4631403833,12.0
OD3174938232,8.0
OD9546553953,4.0
OD4766802980,9.0
OD8040805828,4.0
OD6444277483,19.0
OD6042893695,21.0
OD2383780271,6.0
OD2436662542,15.0
OD7932592702,11.0
OD5102434566,7.0
OD1217346684,16.0
OD9359203161,16.0
OD6641356782,9.0
OD2410164803,12.0
OD9554686023,16.0
OD6675226003,23.0
OD0479863813,12.0
OD5756496411,6.0
OD9433814987,8.0
OD0150410885,8.0
OD8459722742,7.0
OD5780454606,5.0
OD9340996583,4.0
OD7289395025,18.0
OD0409215726,13.0
OD5269724334,17.0
OD5483547789,4.0
OD6552260320,11.0
OD3100320950,13.0
OD2076881877,19.0
OD6750271395,19.0
OD7054218002,10.0
OD3195656762,7.0
OD4786724857,23.0
OD3878098708,18.0
OD6220781479,18.0
OD2640148476,21.0
OD1340696813,12.0
OD2465953263,16.0
OD9199485981,23.0
OD1934445103,21.0
OD7726613772,12.0
OD8673588899,14.0
OD0437294328,10.0
OD9612300379,10.0
OD3341623276,4.0
OD1516373681,8.0
OD8159518410,22.0
OD5081833872,23.0
OD9295374608,12.0
OD9659665440,8.0
OD4220573539,22.0
OD9323333535,11.0
OD5577039037,9.0
OD7110182355,6.0
OD5563582040,6.0
OD4817311757,19.0
OD3760775484,7.0
OD1894659982,18.0
OD7680202576,22.0
OD8947688288,21.0
OD1476469308,19.0
OD7741435484,9.0
OD9498587299,22.0
OD9138428559,16.0
OD6586403358,12.0
OD1006636531,10.0
OD8470313668,17.0
OD8177574002,12.0
OD6208380124,5.0
OD3891896840,20.0
OD0581338524,21.0
OD8061082509,13.0
OD7270101045,19.0
OD3848799093,12.0
OD2931142535,19.0
OD3351742103,10.0
OD6795160962,10.0
OD3642847054,10.0
OD8496214513,16.0
OD4157364975,7.0
OD4407434500,6.0
OD2928565057,11.0
OD4849864826,6.0
OD2024304431,8.0
OD2991488850,15.0
OD6076755817,22.0
OD3963285167,15.0
OD1397141511,14.0
OD5066073113,6.0
OD2310234261,9.0
OD6774240755,11.0
OD2828694308,7.0
OD7520651977,7.0
OD7626772323,11.0
OD9388139563,4.0
OD2329955813,4.0
OD9207590037,8.0
OD0829339846,6.0
OD4998349106,7.0
OD6712966909,19.0
OD3467819009,7.0
OD9867061903,6.0
OD2522015082,8.0
OD2012256113,21.0
OD6518219749,23.0
OD7019934430,21.0
OD2141245219,12.0
OD7362126319,18.0
OD4327237616,13.0
OD8978213802,8.0
OD7097477523,23.0
OD5743111124,7.0
OD4183088870,14.0
OD1128134858,16.0
OD9425799604,8.0
OD4427615309,22.0
OD1724211905,7.0
OD7457442935,17.0
OD5147231576,5.0
OD9727491447,22.0
OD0071237100,10.0
OD2788549060,23.0
OD6163237416,12.0
OD5780308730,23.0
OD0090123644,8.0
OD9941699901,22.0
OD2305472609,19.0
OD3157121837,20.0
OD4776752701,20.0
OD5076151057,9.0
OD3571929197,12.0
OD0269606287,17.0
OD9913534742,22.0
OD1992813254,23.0
OD6077460991,23.0
OD0549608164,10.0
OD4823428850,7.0
OD4491559764,7.0
OD8092529804,20.0
OD0876792268,6.0
OD9278136810,5.0
OD2873568659,19.0
OD8776855539,17.0
OD5408601605,12.0
OD6981999325,22.0
OD0629586016,8.0
OD3072602607,4.0
OD8116945982,11.0
OD9848849239,17.0
OD3806827169,9.0
OD5758705832,20.0
OD0748983338,23.0
OD5455252355,13.0
OD3977296739,4.0
OD3956714459,12.0
OD6624008293,6.0
OD5897855853,15.0
OD6001145801,21.0
OD5087742886,20.0
OD5186335511,10.0
OD8061174882,21.0
OD1962748118,5.0
OD4028988989,7.0
OD5502879161,22.0
OD0238340524,20.0
OD9283467164,18.0
OD2774681541,11.0
OD1598819173,7.0
OD0209727548,10.0
OD2663568513,4.0
OD6850323154,8.0
OD1317196399,12.0
OD2788728318,13.0
OD2681632880,17.0
OD9189191881,11.0
OD6463192424,21.0
OD8083671104,11.0
OD5960671617,7.0
OD4363832822,19.0
OD0896978953,19.0
OD4871807841,20.0
OD7033285160,6.0
OD0675383397,7.0
OD7059030348,22.0
OD5844032020,8.0
OD9094402807,4.0
OD3965955355,23.0
OD7809470133,21.0
OD9240850307,4.0
OD3546319703,21.0
OD0991268004,12.0
OD8816389199,15.0
OD7305535587,19.0
OD8263922714,17.0
OD9906644372,12.0
OD4739328493,16.0
OD7830650497,11.0
OD6917786149,23.0
OD5488523470,16.0
OD5948670760,13.0
OD9831772871,12.0
OD8886071139,13.0
OD9349833370,6.0
OD0688405642,19.0
OD0341273738,22.0
OD8997574022,9.0
OD3068298211,7.0
OD2395360106,13.0
OD5753287369,4.0
OD1474915857,13.0
OD5781652185,16.0
OD6959547180,23.0
OD3606017492,20.0
OD5597165515,7.0
OD9762923481,18.0
OD1092578620,20.0
OD6344467810,22.0
OD4805479328,10.0
OD2801857492,12.0
OD6005606846,7.0
OD4678158052,10.0
OD9732815573,22.0
OD8424984514,16.0
OD5259046033,20.0
OD1421526418,20.0
OD5469816316,9.0
OD5936347398,23.0
OD3319813629,17.0
OD6554737659,14.0
OD1391107282,20.0
OD5317860173,23.0
OD2688536166,
OD3114807542,22.0
OD7809593571,9.0
OD3842821803,12.0
OD5191542095,10.0
OD4279918255,14.0
OD0973429205,9.0
OD3251363749,11.0
OD0452092549,22.0
OD1347627732,22.0
OD6735254961,19.0
OD3486139165,18.0
OD0358145641,16.0
OD7643785335,11.0
OD5511482171,10.0
OD0847859608,5.0
OD8342280618,17.0
OD2055213618,18.0
OD0361163868,4.0
OD0346803486,5.0
OD6490623192,5.0
OD6378157868,12.0
OD5475764724,21.0
OD0903157656,20.0
OD7786565869,21.0
OD2611925325,17.0
OD3778022569,15.0
OD1155083544,9.0
OD3390966134,16.0
OD9850961005,14.0
OD6314733670,12.0
OD5323338182,11.0
OD4128307993,19.0
OD0211934056,5.0
OD9878054130,12.0
OD9965010195,19.0
OD9026721699,14.0
OD3645723333,21.0
OD2075808759,22.0
OD8983315786,5.0
OD2968311836,18.0
OD5297076271,13.0
OD0032881140,14.0
OD5850102402,22.0
OD1329739760,16.0
OD0985801239,13.0
OD3713615441,15.0
OD4247124804,18.0
OD4446931285,9.0
OD6934842115,22.0
OD3692442211,23.0
OD4189411540,4.0
OD3153772282,14.0
OD1699372226,7.0
OD8486839150,13.0
OD5116456513,19.0
OD1819603984,21.0
OD2412543989,13.0
OD6087642872,5.0
OD0517261066,4.0
OD4554744584,13.0
OD8110528400,9.0
OD8724905198,11.0
OD3140948401,18.0
OD9852553972,16.0
OD5507393591,22.0
OD0989286438,13.0
