상품명,3차 카테고리,식품유형,용도,가격,평점,리뷰 수,중량 수치,중량 단위,묶음수량
동원참치 살코기 라이트스탠다드 85g x 20캔,참치/연어통조림,통조림,반찬/주재료,31900,5.0,2304,85.0,g,
동원 라이트스탠다드 참치 150gx10캔+리챔 200gx10캔,참치/연어통조림,통조림,반찬/주재료,49200,4.9,1467,150.0,"g, g",
동원참치 살코기 라이트스탠다드 250g x 10캔,참치/연어통조림,통조림,반찬/주재료,31490,4.9,984,250.0,g,
동원참치 살코기 라이트스탠다드 85g x 10캔,참치/연어통조림,통조림,반찬/주재료,16600,4.9,905,85.0,g,
동원참치 살코기 라이트스탠다드 150g x 20캔,참치/연어통조림,통조림,반찬/주재료,50000,4.9,899,150.0,g,
동원참치 살코기 라이트스탠다드 150g x 5캔,참치/연어통조림,통조림,반찬/주재료,12300,4.9,845,150.0,g,
동원 리챔 200g x 10캔,햄/닭가슴살,통조림,반찬/주재료,27900,5.0,837,200.0,g,
동원참치 살코기 라이트스탠다드 100g x 10캔,참치/연어통조림,통조림,반찬/주재료,18950,5.0,816,100.0,g,
동원참치 마일드참치 200g x 10캔,참치/연어통조림,통조림,반찬/주재료,26490,4.9,791,200.0,g,
동원참치 고추참치 85g x 20캔,참치/연어통조림,통조림,반찬/주재료,31900,5.0,741,85.0,g,
동원참치 살코기 라이트스탠다드 150g x 10캔,참치/연어통조림,통조림,반찬/주재료,27000,4.9,645,150.0,g,
동원 양반 수라 한우사골곰탕 460g (1~2인분) x 20개,국/탕/찌개,HMR,간편식사,39600,4.9,637,460.0,g,
동원참치 고추참치 85g x 10캔,참치/연어통조림,통조림,반찬/주재료,17900,4.9,600,85.0,g,
동원참치 고추참치 100g x 10캔,참치/연어통조림,통조림,반찬/주재료,19000,4.9,461,100.0,g,
동원 양반 전복죽 287g x 24개,죽/스프,즉석조리식품,간편식사,48900,4.9,425,287.0,g,
동원 자연산골뱅이 230g x 5캔,골뱅이/수산통조림,통조림,안주/반찬,27400,5.0,419,230.0,g,
동원홈푸드 비비드키친 저당 굴소스 310g,기타양념,양념,조미료,5200,5.0,393,310.0,g,
동원 자연산골뱅이 300g x 2캔,골뱅이/수산통조림,통조림,안주/반찬,13400,4.9,353,300.0,g,
동원 리챔 200g x 12캔,햄/닭가슴살,가공육,반찬/주재료,33900,4.9,335,200.0,g,
동원 양반 밤단팥죽 285g x 24개,죽/스프,즉석조리식품,간편식사,37900,4.9,327,285.0,g,
[4%적립금] 동원 자연산골뱅이 400g x 24개(1박스),골뱅이/수산통조림,통조림,안주/반찬,179000,5.0,320,400.0,g,
"동원참치 맛참 90g(고소참기름,매콤참기름) 각 10개, 총 20캔",참치/연어통조림,통조림,반찬/주재료,37000,4.9,317,90.0,g,
동원 리챔 200g,햄/닭가슴살,가공육,반찬/주재료,3000,5.0,317,200.0,g,
동원참치 살코기 라이트스탠다드 250g x 5캔,참치/연어통조림,통조림,반찬/주재료,18900,4.9,316,250.0,g,
동원참치 고추참치 150g x 5캔,참치/연어통조림,통조림,반찬/주재료,13500,5.0,314,150.0,g,
[4%적립금] 동원 자연산골뱅이 300g x 24개(1박스),골뱅이/수산통조림,통조림,안주/반찬,135000,5.0,302,300.0,g,
동원참치 살코기 라이트스탠다드 250g x 15캔,참치/연어통조림,통조림,반찬/주재료,47600,4.9,291,250.0,g,
동원참치 살코기 라이트스탠다드 250g,참치/연어통조림,통조림,반찬/주재료,3700,4.9,282,250.0,g,
동원참치 고추참치 100g x 20캔,참치/연어통조림,통조림,반찬/주재료,36000,5.0,271,100.0,g,
동원 자연산꽁치 400g x 3캔,고등어/꽁치통조림,통조림,반찬,13000,4.9,271,400.0,g,
동원참치 매운고추참치 150g x 10캔,참치/연어통조림,통조림,반찬/주재료,27000,4.9,251,150.0,g,
동원참치 살코기 라이트스탠다드 150g,참치/연어통조림,통조림,반찬/주재료,2800,5.0,250,150.0,g,
동원참치 김치찌개용 150g x 10캔,참치/연어통조림,통조림,반찬/주재료,27000,4.9,245,150.0,g,
동원 리챔 200g x 6캔,햄/닭가슴살,가공육,반찬/주재료,17400,5.0,226,200.0,g,
동원 Dole 파인애플 432g,과일/옥수수/팥,통조림,간식/요리재료,2800,4.9,226,432.0,g,
동원참치 야채참치 150g x 10캔,참치/연어통조림,통조림,반찬/주재료,27000,4.9,216,150.0,g,
동원 양반 야채죽 287g x 24개,죽/스프,즉석조리식품,간편식사,37900,5.0,214,287.0,g,
동원 리챔 340g,햄/닭가슴살,가공육,반찬/주재료,4500,4.9,208,340.0,g,
동원 양반 차돌 육개장 460g (1~2인분),국/탕/찌개,즉석조리식품,간편식사,4300,4.8,206,460.0,g,
동원 양반 진국 사골곰탕 500g (1~2인분) x 20개,국/탕/찌개,즉석조리식품,간편식사,26000,4.9,205,500.0,g,
동원 Dole 후르츠칵테일 432g,과일/옥수수/팥,통조림,간식/요리재료,2800,4.8,198,432.0,g,
"동원참치 85g 2종(LS12,고추8) 총20캔+(증정)콘참치 2캔",참치/연어통조림,통조림,반찬/주재료,32000,5.0,192,85.0,g,
동원참치 고추참치 100g,참치/연어통조림,통조림,반찬/주재료,2100,5.0,185,100.0,g,
동원참치 살코기 라이트스탠다드 135gx10캔,참치/연어통조림,통조림,반찬/주재료,22500,4.9,184,135.0,g,
동원 새콤달콤 도톰쫄깃 삼각유부초밥 340g (4인용),아이반찬,반찬,반찬,4800,4.9,182,340.0,g,
동원참치 살코기 라이트스탠다드 100g,참치/연어통조림,통조림,반찬/주재료,2100,5.0,180,100.0,g,
동원 고등어 400g,고등어/꽁치통조림,통조림,반찬,3200,4.9,172,400.0,g,
동원 리챔 340g x 12캔,햄/닭가슴살,가공육,반찬/주재료,49000,5.0,172,340.0,g,
동원참치 김치찌개용 250g x 10캔,참치/연어통조림,통조림,반찬/주재료,35000,5.0,169,250.0,g,
동원 양반 수라 도가니설렁탕 460g (1~2인분) x 5개,국/탕/찌개,즉석조리식품,간편식사,22900,4.9,168,460.0,g,
동원 양반 단호박죽 285g x 24개,죽/스프,즉석조리식품,간편식사,37900,4.9,168,285.0,g,
동원 자연산꽁치 400g x 12캔,고등어/꽁치통조림,통조림,반찬,44400,5.0,167,400.0,g,
동원참치 DHA 250g x 10캔,참치/연어통조림,통조림,반찬/주재료,35000,4.9,165,250.0,g,
동원 자연산꽁치 400g x 5캔,고등어/꽁치통조림,통조림,반찬,20500,4.9,159,400.0,g,
동원 양반 수라 왕갈비탕 460g (1~2인분),국/탕/찌개,즉석조리식품,간편식사,4900,4.7,159,460.0,g,
동원참치 고추참치 150g x 20캔,참치/연어통조림,통조림,반찬/주재료,49200,4.9,158,150.0,g,
"동원참치 85g 2종(라이트스탠다드15,고추5) 총20캔+리챔 200gx2캔",참치/연어통조림,통조림,반찬/주재료,33900,5.0,155,85.0,"g, g",
"동원참치 85g 2종(라이트스탠다드15,고추5) 총20캔+리챔 200gx2캔",햄/닭가슴살,가공육,반찬/주재료,33900,5.0,155,85.0,"g, g",
동원 양반 진국 사골곰탕 500g (1~2인분),국/탕/찌개,즉석조리식품,간편식사,1600,4.9,154,500.0,g,
동원참치 고추참치 150g,참치/연어통조림,통조림,반찬/주재료,2800,5.0,150,150.0,g,
동원참치 살코기 라이트스탠다드 250g x 3캔,참치/연어통조림,통조림,반찬/주재료,10800,4.9,148,250.0,g,
동원 양반 수라 한우사골곰탕 460g (1~2인분),국/탕/찌개,즉석조리식품,간편식사,2300,4.9,147,460.0,g,
동원 양반 단호박죽 420g x 10개,죽/스프,즉석조리식품,간편식사,23900,4.9,147,420.0,g,
동원참치 고추참치 250g x 10캔,참치/연어통조림,통조림,반찬/주재료,35000,4.9,146,250.0,g,
[4%적립금] 동원 리챔 순닭가슴살 135g x 48개(1박스),햄/닭가슴살,가공육,반찬/주재료,75000,5.0,140,135.0,g,
동원 양반 전복죽 287g x 4개,죽/스프,즉석조리식품,간편식사,8600,4.9,136,287.0,g,
동원 고등어 400g x 12캔,고등어/꽁치통조림,통조림,반찬,26000,4.9,135,400.0,g,
동원 자연산골뱅이 400g,골뱅이/수산통조림,통조림,안주/반찬,9280,4.9,133,400.0,g,
동원 양반 들깨닭죽 420g x 4개,죽/스프,즉석조리식품,간편식사,12900,4.9,129,420.0,g,
동원 양반 밤단팥죽 420g x 10개,죽/스프,즉석조리식품,간편식사,23900,5.0,129,420.0,g,
동원참치 살코기 라이트스탠다드 100g x 3캔,참치/연어통조림,통조림,반찬/주재료,5300,5.0,126,100.0,g,
[4%적립금] 동원 자연산꽁치 400g x 24개(1박스),고등어/꽁치통조림,통조림,반찬,79000,5.0,126,400.0,g,
동원참치 살코기 라이트스탠다드 85g,참치/연어통조림,통조림,반찬/주재료,2200,4.9,125,85.0,g,
[4%적립금] 동원 저스트 노슈가 스위트콘 340g x 24캔(1박스),과일/옥수수/팥,통조림,간식/요리재료,29500,5.0,125,340.0,g,
동원 양반 밤단팥죽 420g x 4개,죽/스프,즉석조리식품,간편식사,10900,4.9,123,420.0,g,
동원참치 고추참치 150g x 10캔,참치/연어통조림,통조림,반찬/주재료,27000,4.7,122,150.0,g,
동원 고등어 400g x 9캔,고등어/꽁치통조림,통조림,반찬,20000,5.0,122,400.0,g,
동원 복숭아 백도 400g x 12캔(1/2박스),과일/옥수수/팥,통조림,간식/요리재료,26000,4.9,122,400.0,g,
[4%적립금] 동원 고등어 400g x 24개(1박스),고등어/꽁치통조림,통조림,반찬,45900,5.0,121,400.0,g,
동원참치 살코기 라이트스탠다드 85g x 60캔(1박스),참치/연어통조림,통조림,반찬/주재료,91200,5.0,120,85.0,g,
동원 저스트 노슈가 스위트콘 340g,과일/옥수수/팥,통조림,간식/요리재료,1480,4.9,118,340.0,g,
동원 자연산골뱅이 230g,골뱅이/수산통조림,통조림,안주/반찬,6480,4.9,117,230.0,g,
동원 자연산꽁치 400g x 6캔,고등어/꽁치통조림,통조림,반찬,25800,5.0,116,400.0,g,
동원참치 고추참치 85g x 5캔,참치/연어통조림,통조림,반찬/주재료,9400,5.0,115,85.0,g,
동원 양반 쇠고기죽 420g x 10개,죽/스프,즉석조리식품,간편식사,23900,5.0,114,420.0,g,
동원 양반 수라 통다리 삼계탕 460g (1~2인분) x 3개,국/탕/찌개,즉석조리식품,간편식사,15900,4.9,112,460.0,g,
[치킨에 좋은] 비비드키친 저칼로리 양념치킨소스 290g+스위트칠리소스 280g+숯불매콤소스 290g,기타양념,양념,조미료,10900,5.0,112,290.0,"g, g, g",
동원 양반 전복죽 287g,죽/스프,즉석조리식품,간편식사,2500,4.9,111,287.0,g,
동원 양반 한우사골시래기국 460g (1~2인분),국/탕/찌개,즉석조리식품,간편식사,4300,4.9,110,460.0,g,
동원참치 살코기 라이트스탠다드 85g x 5캔,참치/연어통조림,통조림,반찬/주재료,9200,5.0,107,85.0,g,
동원참치 고추참치 85g,참치/연어통조림,통조림,반찬/주재료,2200,5.0,105,85.0,g,
동원참치 DHA 150g x 48캔 (1박스),참치/연어통조림,통조림,반찬/주재료,103000,5.0,105,150.0,g,
동원 양반 쇠고기죽 287g x 4개,죽/스프,즉석조리식품,간편식사,7600,4.9,105,287.0,g,
동원 양반 진국 소고기무국 460g (1~2인분),국/탕/찌개,즉석조리식품,간편식사,4300,4.9,104,460.0,g,
동원 양반 단호박죽 420g x 4개,죽/스프,즉석조리식품,간편식사,10900,4.8,103,420.0,g,
동원 양반 밤단팥죽 285g x 4개,죽/스프,즉석조리식품,간편식사,7600,4.9,103,285.0,g,
동원 고등어 400g x 6캔,고등어/꽁치통조림,통조림,반찬,13800,4.8,101,400.0,g,
동원 양반 소고기 미역국 460g (1~2인분) x 3개,국/탕/찌개,즉석조리식품,간편식사,12000,4.9,101,460.0,g,
동원 양반 수라 부대찌개 460g (1~2인분),국/탕/찌개,즉석조리식품,간편식사,5500,4.8,100,460.0,g,
동원 양반 단호박죽 285g x 12개,죽/스프,즉석조리식품,간편식사,19900,4.9,99,285.0,g,
동원 양반 차돌 육개장 460g (1~2인분) x 5개,국/탕/찌개,즉석조리식품,간편식사,19300,4.9,98,460.0,g,
동원참치 살코기 인 워터 100g x 20캔,참치/연어통조림,통조림,반찬/주재료,34490,5.0,97,100.0,g,
동원참치 동원맛참 고소참기름 90g,참치/연어통조림,통조림,반찬/주재료,2000,4.9,95,90.0,g,
동원 양반 보양 삼계탕 900g (1~2인분) x 3개,국/탕/찌개,즉석조리식품,간편식사,28400,4.8,95,900.0,g,
동원참치 살코기 라이트스탠다드 100g x 5캔,참치/연어통조림,통조림,반찬/주재료,9500,4.9,92,100.0,g,
동원 양반 수라 왕갈비탕 460g (1~2인분) x 3개,국/탕/찌개,즉석조리식품,간편식사,14600,4.8,92,460.0,g,
동원참치 동원맛참 매콤참기름 90g,참치/연어통조림,통조림,반찬/주재료,2200,4.9,91,90.0,g,
양반 용기죽 쇠고기죽 287g + 야채죽 287g+ 전복죽 287g (4개씩 총 12개),죽/스프,즉석조리식품,간편식사,22900,5.0,91,287.0,"g, g, g",
동원참치 고추참치 85g x 3캔,참치/연어통조림,통조림,반찬/주재료,6000,4.9,88,85.0,g,
동원라이트스탠다드참치 135gx12캔 +고추참치 85gx3캔,참치/연어통조림,통조림,반찬/주재료,25000,4.9,87,135.0,"g, g",
동원참치 스프레드 고소마요 100g x 10캔,참치/연어통조림,통조림,반찬/주재료,20000,5.0,83,100.0,g,
동원 양반 수라 왕갈비탕 460g (1~2인분) x 5개,국/탕/찌개,즉석조리식품,간편식사,23900,4.9,82,460.0,g,
동원 양반 백합 미역국 460g (1~2인분),국/탕/찌개,즉석조리식품,간편식사,4300,4.9,81,460.0,g,
동원 양반 전통잣죽 285g x 24개,죽/스프,즉석조리식품,간편식사,49800,4.9,81,285.0,g,
동원 양반 백합우거지된장국 460g (1~2인분) x 3개,국/탕/찌개,즉석조리식품,간편식사,12000,4.8,80,460.0,g,
동원 양반 단호박죽 285g x 4개,죽/스프,즉석조리식품,간편식사,7600,4.9,80,285.0,g,
[1+1]동원 참치액 진 240g,동원참치액,소스,조미료,3980,4.9,80,240.0,g,
동원맛참 마요참기름 135g,참치/연어통조림,통조림,반찬/주재료,2880,4.9,79,135.0,g,
동원 화끈한 골뱅이 400gx3캔,골뱅이/수산통조림,통조림,안주/반찬,26900,4.9,77,400.0,g,
동원 양반 쇠고기죽 287g,죽/스프,즉석조리식품,간편식사,2200,5.0,77,287.0,g,
동원참치 살코기 인 워터 100g x 10캔,참치/연어통조림,통조림,반찬/주재료,19900,4.9,76,100.0,g,
동원 양반 영양닭죽 285g x 24개,죽/스프,즉석조리식품,간편식사,42900,4.9,76,285.0,g,
동원 양반 단호박죽 420g x 20개,죽/스프,즉석조리식품,간편식사,45550,5.0,74,420.0,g,
동원 양반 소고기 미역국 460g (1~2인분),국/탕/찌개,즉석조리식품,간편식사,4300,5.0,73,460.0,g,
동원 양반 수라 통다리 삼계탕 460g (1~2인분) x 5개,국/탕/찌개,즉석조리식품,간편식사,25900,5.0,73,460.0,g,
동원 떡볶이의신 신당동 즉석쫄볶이 397g (2인분),떡볶이/떡류,떡류,간식,4980,4.9,73,397.0,g,
동원참치 맛참 고소참기름 90g x 20캔,참치/연어통조림,통조림,반찬/주재료,37000,5.0,72,90.0,g,
동원 양반 단호박죽 420g,죽/스프,즉석조리식품,간편식사,3200,4.9,71,420.0,g,
동원 양반 영양닭죽 285g x 4개,죽/스프,즉석조리식품,간편식사,7600,4.9,71,285.0,g,
동원 고등어 400g x 3캔,고등어/꽁치통조림,통조림,반찬,7500,4.8,70,400.0,g,
동원 리챔 340g x 9캔,햄/닭가슴살,가공육,반찬/주재료,36900,5.0,70,340.0,g,
동원 양반 수라 부대찌개 460g (1~2인분) x 3개,국/탕/찌개,즉석조리식품,간편식사,15000,4.8,70,460.0,g,
동원 양반 쇠고기죽 420g,죽/스프,즉석조리식품,간편식사,3300,4.9,70,420.0,g,
동원 양반 참치죽 287g x 24개,죽/스프,즉석조리식품,간편식사,37900,4.9,70,287.0,g,
동원 구운소금 210g,소금,양념,조미료,2900,4.9,70,210.0,g,
동원참치 고추참치 100g x 3캔,참치/연어통조림,통조림,반찬/주재료,5300,4.9,67,100.0,g,
[4%적립금] 동원 자연산왕골뱅이 400g x 24개(1박스),골뱅이/수산통조림,통조림,안주/반찬,179000,5.0,67,400.0,g,
동원 복숭아 백도 400g,과일/옥수수/팥,통조림,간식/요리재료,2800,4.9,67,400.0,g,
동원 리챔 200g x 3캔,햄/닭가슴살,가공육,반찬/주재료,8900,4.9,66,200.0,g,
동원참치 야채참치 150g x 5캔,참치/연어통조림,통조림,반찬/주재료,13500,5.0,64,150.0,g,
동원참치 불참치 90g x 10개,참치/연어통조림,통조림,반찬/주재료,20000,5.0,64,90.0,g,
[2%적립금] 동원참치 라이트스탠다드 1880g,참치/연어통조림,통조림,반찬/주재료,19000,4.9,63,1880.0,g,
동원참치 고추참치 100g x 5캔,참치/연어통조림,통조림,반찬/주재료,9500,5.0,63,100.0,g,
동원 떡볶이의신 학교앞 국물떡볶이 372g (2인분),떡볶이/떡류,떡류,간식,4980,4.5,63,372.0,g,
동원참치 고추참치 150g x 3캔,참치/연어통조림,통조림,반찬/주재료,8200,5.0,61,150.0,g,
동원 자연산골뱅이 매실청 140g x 10캔,골뱅이/수산통조림,통조림,안주/반찬,32800,5.0,61,140.0,g,
동원 양반 진국 소고기무국 460g (1~2인분) x 5개,국/탕/찌개,즉석조리식품,간편식사,19300,4.9,60,460.0,g,
동원참치 야채참치 150g x 3캔,참치/연어통조림,통조림,반찬/주재료,8200,4.9,59,150.0,g,
동원참치 살코기 라이트스탠다드 85g x 3캔,참치/연어통조림,통조림,반찬/주재료,5100,5.0,58,85.0,g,
동원 리챔 순닭가슴살 135g x 24개(1/2박스),햄/닭가슴살,가공육,반찬/주재료,45600,5.0,58,135.0,g,
동원 양반 수라 차돌육개장 460g (1~2인분) x 5개,국/탕/찌개,즉석조리식품,간편식사,24000,4.9,58,460.0,g,
동원 초밥의달인 롤유부초밥(고소한맛) 254g x 2개,아이반찬,반찬,반찬,9900,4.9,58,254.0,g,
동원 마일드참치 150gx10캔,참치/연어통조림,통조림,반찬/주재료,27000,4.9,56,150.0,g,
동원참치 김치찌개용 250g,참치/연어통조림,통조림,반찬/주재료,3700,5.0,56,250.0,g,
동원참치 콘참치 85g x 20캔,참치/연어통조림,통조림,반찬/주재료,30800,5.0,56,85.0,g,
동원 양반 캔볶음김치 160g x 10캔,반찬/기타통조림,반찬,반찬,18500,4.9,56,160.0,g,
동원 양반 단호박죽 285g,죽/스프,즉석조리식품,간편식사,2100,4.9,56,285.0,g,
동원 양반 버섯 야채죽 420g x 10개,죽/스프,즉석조리식품,간편식사,23900,4.9,56,420.0,g,
동원참치 야채참치 150g,참치/연어통조림,통조림,반찬/주재료,2800,4.9,55,150.0,g,
동원 양반 쇠고기죽 420g x 4개,죽/스프,즉석조리식품,간편식사,11900,4.9,55,420.0,g,
동원 초밥의달인 큰사각유부초밥 378g,아이반찬,반찬,반찬,6280,4.9,55,378.0,g,
동원참치 살코기 라이트스탠다드 135gx20캔,참치/연어통조림,통조림,반찬/주재료,42000,4.9,54,135.0,g,
동원 고등어 300g x 3캔,고등어/꽁치통조림,통조림,반찬,6900,4.8,54,300.0,g,
동원 양반 캔볶음김치 160g,반찬/기타통조림,반찬,반찬,1980,4.9,54,160.0,g,
동원 양반 소고기 미역국 460g (1~2인분) x 5개,국/탕/찌개,즉석조리식품,간편식사,19300,4.9,54,460.0,g,
동원 양반 밤단팥죽 285g,죽/스프,즉석조리식품,간편식사,2200,4.9,54,285.0,g,
동원 미니파인애플 234g x 24캔(1박스),과일/옥수수/팥,통조림,간식/요리재료,37000,5.0,53,234.0,g,
동원 양반 전복죽 420g,죽/스프,즉석조리식품,간편식사,3400,4.9,53,420.0,g,
동원참치 콘참치 85g x 10캔,참치/연어통조림,통조림,반찬/주재료,16600,5.0,52,85.0,g,
동원 꽁치 230g x 6캔,고등어/꽁치통조림,통조림,반찬,18600,4.9,52,230.0,g,
동원 양반 수라 한우사골설렁탕 460g (1~2인분) x 3개,국/탕/찌개,즉석조리식품,간편식사,15000,4.9,50,460.0,g,
동원 양반 버섯 야채죽 420g x 4개,죽/스프,즉석조리식품,간편식사,10900,4.9,50,420.0,g,
동원 양반 수라 차돌육개장 460g (1~2인분) x 3개,국/탕/찌개,즉석조리식품,간편식사,15000,4.9,49,460.0,g,
동원 양반 백합죽 420g x 10개,죽/스프,즉석조리식품,간편식사,23900,5.0,49,420.0,g,
동원참치 매운고추참치 150g,참치/연어통조림,통조림,반찬/주재료,2800,5.0,48,150.0,g,
동원 양반 야채죽 287g,죽/스프,즉석조리식품,간편식사,2100,4.9,48,287.0,g,
동원 초밥의달인 큰사각유부초밥 378g x 2개,아이반찬,반찬,반찬,11900,5.0,48,378.0,g,
동원참치 고추참치 250g x 20캔,참치/연어통조림,통조림,반찬/주재료,66000,5.0,47,250.0,g,
동원참치 맛참 매콤참기름 90g x 20캔,참치/연어통조림,통조림,반찬/주재료,37000,4.9,47,90.0,g,
[4%적립금] 동원 복숭아 백도 400g x 24개(1박스),과일/옥수수/팥,통조림,간식/요리재료,48000,5.0,47,400.0,g,
동원참치 김치찌개용 150g x 5캔,참치/연어통조림,통조림,반찬/주재료,13500,5.0,46,150.0,g,
동원 고등어 400g x 5캔,고등어/꽁치통조림,통조림,반찬,12000,4.8,46,400.0,g,
동원 고등어 300g x 5캔,고등어/꽁치통조림,통조림,반찬,11500,4.9,46,300.0,g,
[특가] 동원 자연산왕골뱅이 400g x 4캔,골뱅이/수산통조림,통조림,안주/반찬,33400,4.9,46,400.0,g,
동원 양반 참치죽 285g x 4개,죽/스프,즉석조리식품,간편식사,7200,4.8,46,285.0,g,
동원참치 김치찌개용 150g x 3캔,참치/연어통조림,통조림,반찬/주재료,8200,5.0,45,150.0,g,
동원참치 동원맛참 고소참기름 135g x 10캔,참치/연어통조림,통조림,반찬/주재료,25000,5.0,45,135.0,g,
동원 지중해 황도 복숭아 820g,과일/옥수수/팥,통조림,간식/요리재료,3700,4.9,45,820.0,g,
동원 양반 밤단팥죽 420g,죽/스프,즉석조리식품,간편식사,3200,4.9,45,420.0,g,
동원참치 뽀로로 키즈 100g x 10캔,참치/연어통조림,통조림,반찬/주재료,21000,4.9,44,100.0,g,
동원 복숭아 백도 400g x 3캔,과일/옥수수/팥,통조림,간식/요리재료,8400,4.8,44,400.0,g,
동원 양반 캔김치 160g x 10캔,반찬/기타통조림,반찬,반찬,18500,4.6,44,160.0,g,
동원 양반 수라 부대찌개 460g (1~2인분) x 5개,국/탕/찌개,즉석조리식품,간편식사,24000,4.8,44,460.0,g,
동원 떡볶이의신 고소한치즈 컵떡볶이 160g,떡볶이/떡류,떡류,간식,2700,4.7,42,160.0,g,
동원참치 매운고추참치 150g x 3캔,참치/연어통조림,통조림,반찬/주재료,8200,5.0,41,150.0,g,
동원 양반 진국 소고기무국 460g (1~2인분) x 3개,국/탕/찌개,즉석조리식품,간편식사,12000,4.7,41,460.0,g,
동원 양반 백합우거지된장국 460g (1~2인분),국/탕/찌개,즉석조리식품,간편식사,4300,4.8,41,460.0,g,
동원 양반 백합 미역국 460g (1~2인분) x 5개,국/탕/찌개,즉석조리식품,간편식사,19300,4.8,41,460.0,g,
동원 꽁치 230g x 3캔,고등어/꽁치통조림,통조림,반찬,9900,4.9,40,230.0,g,
동원 양반 진국 사골곰탕 300g (1인분) x 20개,국/탕/찌개,즉석조리식품,간편식사,22900,4.9,40,300.0,g,
[1+1] 동원 참치액 진 900g,고춧가루/액젓,양념,조미료,12980,4.9,40,900.0,g,
동원참치 DHA 150g x 10캔,참치/연어통조림,통조림,반찬/주재료,27000,4.8,39,150.0,g,
동원참치 매운고추참치 150g x 5캔,참치/연어통조림,통조림,반찬/주재료,13500,5.0,39,150.0,g,
동원 자연산골뱅이 230g x 10캔,골뱅이/수산통조림,통조림,안주/반찬,52800,5.0,39,230.0,g,
동원 양반 캔볶음김치 160g x 5캔,반찬/기타통조림,반찬,반찬,9500,4.9,39,160.0,g,
동원 양반 전통잣죽 285g x 4개,죽/스프,즉석조리식품,간편식사,8600,4.8,39,285.0,g,
동원 마일드참치 150g,참치/연어통조림,통조림,반찬/주재료,2800,4.9,38,150.0,g,
동원참치 DHA 250g,참치/연어통조림,통조림,반찬/주재료,3900,4.9,38,250.0,g,
동원참치 고추참치 250g x 5캔,참치/연어통조림,통조림,반찬/주재료,17800,5.0,38,250.0,g,
동원 지중해 황도 복숭아 820g x 12캔(1박스),과일/옥수수/팥,통조림,간식/요리재료,42000,4.9,38,820.0,g,
동원 양반 백합우거지된장국 460g (1~2인분) x 5개,국/탕/찌개,즉석조리식품,간편식사,19300,4.7,38,460.0,g,
[1+1] 동원 참치액 진 500g,고춧가루/액젓,양념,조미료,7980,5.0,38,500.0,g,
동원참치 김치찌개용 250g x 3캔,참치/연어통조림,통조림,반찬/주재료,11550,4.9,37,250.0,g,
동원참치 김치찌개용 250g x 20캔,참치/연어통조림,통조림,반찬/주재료,65990,4.9,37,250.0,g,
동원 번데기 130gx3캔,골뱅이/수산통조림,통조림,안주/반찬,4200,4.9,37,130.0,g,
동원 리챔 340g x 3캔,햄/닭가슴살,가공육,반찬/주재료,12900,5.0,37,340.0,g,
동원 양반 수라 한우사골설렁탕 460g (1~2인분),국/탕/찌개,즉석조리식품,간편식사,5500,4.8,37,460.0,g,
동원 양반 백합죽 420g x 4개,죽/스프,즉석조리식품,간편식사,11900,5.0,37,420.0,g,
[4%적립금] 동원참치 라이트스탠다드 250g x 36개(1박스),참치/연어통조림,통조림,반찬/주재료,115000,4.9,36,250.0,g,
동원 리챔 더블라이트 120g x 20캔,햄/닭가슴살,가공육,반찬/주재료,38000,4.9,36,120.0,g,
동원 떡볶이의신 매콤달콤 컵떡볶이 160g,떡볶이/떡류,떡류,간식,2700,5.0,36,160.0,g,
동원 양반 버섯 야채죽 420g,죽/스프,즉석조리식품,간편식사,3200,4.9,36,420.0,g,
동원참치 동원맛참 매콤참기름 135g,참치/연어통조림,통조림,반찬/주재료,2500,5.0,35,135.0,g,
동원 양반 참치죽 287g x 12개,죽/스프,즉석조리식품,간편식사,19900,5.0,35,287.0,g,
동원참치 김치찌개용 150g,참치/연어통조림,통조림,반찬/주재료,2800,4.9,34,150.0,g,
동원 미니파인애플 234g x 3캔,과일/옥수수/팥,통조림,간식/요리재료,5700,4.9,34,234.0,g,
동원 양반 전복죽 420g x 20개,죽/스프,즉석조리식품,간편식사,51000,4.9,34,420.0,g,
동원 초밥의달인 롤유부초밥(고소한맛) 254g,아이반찬,반찬,반찬,5200,4.8,34,254.0,g,
동원홈푸드 비비드키친 저칼로리비빔장 280g,기타양념,양념,조미료,3980,4.9,34,280.0,g,
[1+1]동원 하루미 국물의신 멸치링 80g (20정),분말/액상조미료,조미료,조미료,9980,5.0,34,80.0,g,
동원 자연산꽁치 400g x 9캔,고등어/꽁치통조림,통조림,반찬,35100,4.9,33,400.0,g,
동원 화끈한골뱅이 140g x 10캔,골뱅이/수산통조림,통조림,안주/반찬,32800,4.8,33,140.0,g,
동원 자연산골뱅이 300g x 5캔,골뱅이/수산통조림,통조림,안주/반찬,33400,4.8,33,300.0,g,
동원 런천미트 200g,햄/닭가슴살,가공육,반찬/주재료,2500,5.0,33,200.0,g,
동원 양반 수라 차돌육개장 460g (1~2인분),국/탕/찌개,즉석조리식품,간편식사,5500,4.7,33,460.0,g,
동원 떡볶이의신 매콤달콤 컵떡볶이 160g x 5개,떡볶이/떡류,떡류,간식,12500,4.7,33,160.0,g,
동원 양반 캔볶음김치 160g x 20캔,반찬/기타통조림,반찬,반찬,36600,5.0,32,160.0,g,
동원 한입골뱅이 400g x 10캔,골뱅이/수산통조림,통조림,안주/반찬,84800,5.0,31,400.0,g,
동원 떡볶이의신 짜장떡볶이 385g (2인분),떡볶이/떡류,떡류,간식,4980,4.7,31,385.0,g,
동원 양반 야채죽 287g x 12개,죽/스프,즉석조리식품,간편식사,19900,5.0,31,287.0,g,
동원참치 DHA 150g,참치/연어통조림,통조림,반찬/주재료,2800,5.0,30,150.0,g,
동원참치 김치찌개용 150g x 20캔,참치/연어통조림,통조림,반찬/주재료,50000,5.0,30,150.0,g,
동원 자연산골뱅이 230g x 3캔,골뱅이/수산통조림,통조림,안주/반찬,17940,5.0,30,230.0,g,
동원 저스트 노슈가 황도 슬라이스 400g,과일/옥수수/팥,통조림,간식/요리재료,2580,4.6,30,400.0,g,
동원참치 맛참 고소참기름 135gx10캔 + (증정)라이트스탠다드 참치 135gx2캔,참치/연어통조림,통조림,반찬/주재료,25000,4.9,29,135.0,"g, g",
동원 김치찌개용 꽁치 300g x 3캔,고등어/꽁치통조림,통조림,반찬,12600,4.7,29,300.0,g,
동원 화끈한 골뱅이 400g,골뱅이/수산통조림,통조림,안주/반찬,9280,4.9,29,400.0,g,
동원 양반 나주식 곰탕 460g (1~2인분) x 20개,국/탕/찌개,즉석조리식품,간편식사,38000,5.0,29,460.0,g,
동원 양반 들깨닭죽 420g x 10개,죽/스프,즉석조리식품,간편식사,28900,4.9,29,420.0,g,
동원 양반 들깨닭죽 420g,죽/스프,즉석조리식품,간편식사,3400,4.7,29,420.0,g,
동원참치 살코기135gx8캔 + 맛참 고소참기름 135gx4캔,참치/연어통조림,통조림,반찬/주재료,26400,4.8,28,135.0,"g, g",
동원참치 고추참치 250g x 3캔,참치/연어통조림,통조림,반찬/주재료,10800,4.9,28,250.0,g,
[동원선물세트] 참치 T12호,참치/연어통조림,통조림,반찬/주재료,36900,5.0,28,,,
동원참치 DHA 250g x 15캔,참치/연어통조림,통조림,반찬/주재료,49500,5.0,28,250.0,g,
동원참치 맛참 매콤참기름 135gx10캔 + (증정)라이트스탠다드 참치 135gx2캔,참치/연어통조림,통조림,반찬/주재료,25000,4.8,28,135.0,"g, g",
동원참치 동원맛참 매콤참기름 135g x 10캔,참치/연어통조림,통조림,반찬/주재료,25000,4.9,28,135.0,g,
[참치24캔] 동원참치 살코기 85gx12캔+고추참치 100gx12캔,참치/연어통조림,통조림,반찬/주재료,30000,5.0,28,85.0,"g, g",
동원 꽁치 230g,고등어/꽁치통조림,통조림,반찬,4000,4.9,28,230.0,g,
동원 저스트 노슈가 파인애플 425g,과일/옥수수/팥,통조림,간식/요리재료,2980,4.8,28,425.0,g,
동원 양반 진국 사골곰탕 500g (1~2인분) x 3개,국/탕/찌개,즉석조리식품,간편식사,4450,5.0,28,500.0,g,
동원 양반 참치죽 287g,죽/스프,즉석조리식품,간편식사,2100,5.0,28,287.0,g,
[전통소스 강자] 비비드키친 저칼로리 토마토케첩 280g+머스타드소스 280g+바베큐소스 280g,기타양념,양념,조미료,9900,5.0,28,280.0,"g, g, g",
동원참치 콘참치 85g,참치/연어통조림,통조림,반찬/주재료,1800,5.0,27,85.0,g,
동원 런천미트 340g,햄/닭가슴살,가공육,반찬/주재료,3500,4.9,27,340.0,g,
동원 떡볶이의신 더매운 컵떡볶이 160g,떡볶이/떡류,떡류,간식,2700,4.7,27,160.0,g,
동원참치 매운고추참치 150g x 20캔,참치/연어통조림,통조림,반찬/주재료,50000,5.0,26,150.0,g,
동원 화끈한골뱅이 140g,골뱅이/수산통조림,통조림,안주/반찬,3300,4.9,26,140.0,g,
동원 자연산왕골뱅이 400g x 5캔,골뱅이/수산통조림,통조림,안주/반찬,43900,5.0,26,400.0,g,
동원참치 포도씨유 150g,참치/연어통조림,통조림,반찬/주재료,2800,4.9,25,150.0,g,
동원참치 루피는 참치마요 100g x 10캔,참치/연어통조림,통조림,반찬/주재료,20000,4.9,25,100.0,g,
동원 자연산왕골뱅이 400g x 10캔,골뱅이/수산통조림,통조림,안주/반찬,84800,5.0,25,400.0,g,
동원 양반 진국사골곰탕 300g (1인분),국/탕/찌개,즉석조리식품,간편식사,1500,5.0,25,300.0,g,
동원참치 라이트스탠다드 85g x 15캔+150g x 5캔,참치/연어통조림,통조림,반찬/주재료,35000,5.0,24,85.0,"g, g",
동원맛참 마요참기름 135gX5캔,참치/연어통조림,통조림,반찬/주재료,12000,4.9,24,135.0,g,
[4%적립금] 동원 자연산골뱅이 230g x 24캔(1박스),골뱅이/수산통조림,통조림,안주/반찬,109000,5.0,24,230.0,g,
동원 리챔 더블라이트 200g x 3캔,햄/닭가슴살,가공육,반찬/주재료,8900,4.9,24,200.0,g,
동원 양반 수라 도가니설렁탕 460g (1~2인분) x 3개,국/탕/찌개,즉석조리식품,간편식사,14600,4.9,24,460.0,g,
[1+1] 동원 프리미엄 동원참치액 900g,고춧가루/액젓,양념,조미료,22980,5.0,24,900.0,g,
동원참치 DHA 150g x 5캔,참치/연어통조림,통조림,반찬/주재료,13500,5.0,23,150.0,g,
동원참치 야채참치 150g x 20캔,참치/연어통조림,통조림,반찬/주재료,50000,5.0,23,150.0,g,
동원참치 동원맛참 고소참기름 135g,참치/연어통조림,통조림,반찬/주재료,2500,4.9,23,135.0,g,
동원 양반 쇠고기죽 420g x 20개,죽/스프,즉석조리식품,간편식사,46900,5.0,23,420.0,g,
동원 초밥의달인 롤유부초밥(새콤한맛) 254g,아이반찬,반찬,반찬,5200,4.8,23,254.0,g,
[4%적립금] 동원참치 DHA 250g x 36개(1박스),참치/연어통조림,통조림,반찬/주재료,115000,5.0,22,250.0,g,
동원참치 카레참치 90g,참치/연어통조림,통조림,반찬/주재료,2000,5.0,22,90.0,g,
동원 한입골뱅이 400g,골뱅이/수산통조림,통조림,안주/반찬,9280,4.9,22,400.0,g,
[10%적립]동원 리챔 순닭가슴살 135g x 16개,햄/닭가슴살,가공육,반찬/주재료,33900,4.9,22,135.0,g,
동원 양반 수라 통다리 삼계탕 460g (1~2인분),국/탕/찌개,즉석조리식품,간편식사,5980,5.0,22,460.0,g,
동원 양반 전복죽 420g+쇠고기죽 420g+밤단팥죽 420g 2개씩 총 6개,죽/스프,즉석조리식품,간편식사,20900,4.7,22,420.0,"g, g, g",
동원 양반 참치죽 420g,죽/스프,즉석조리식품,간편식사,3200,4.8,22,420.0,g,
동원홈푸드 비비드키친 저당 쌈장소스 300g,간장/고추장/된장/쌈장,장류,조미료,5480,5.0,22,300.0,g,
동원참치 루피는 참치마요 100g x 3캔,참치/연어통조림,통조림,반찬/주재료,5300,5.0,21,100.0,g,
"동원참치 맛참 매콤참기름 90gx10개 + 135gx4개, 총 14캔",참치/연어통조림,통조림,반찬/주재료,25000,4.9,21,90.0,"g, g",
동원 고등어 300g,고등어/꽁치통조림,통조림,반찬,2800,4.9,21,300.0,g,
동원 을지로골뱅이 & 진미채 300g / 특제간장소스,골뱅이/수산통조림,통조림,안주/반찬,6980,5.0,21,300.0,g,
동원 자연산골뱅이 300g x 3캔,골뱅이/수산통조림,통조림,안주/반찬,19800,4.9,21,300.0,g,
동원 Dole 후르츠칵테일 432g x 12캔(1/2박스),과일/옥수수/팥,통조림,간식/요리재료,30000,4.8,21,432.0,g,
동원 저스트 노슈가 스위트콘 340g x 6캔,과일/옥수수/팥,통조림,간식/요리재료,10200,4.8,21,340.0,g,
동원 양반 보양 삼계탕 900g (1~2인분) x 5개,국/탕/찌개,즉석조리식품,간편식사,45500,5.0,21,900.0,g,
동원 양반 한우사골시래기국 460g (1~2인분) x 5개,국/탕/찌개,즉석조리식품,간편식사,19300,4.8,21,460.0,g,
동원참치 마일드참치 200g,참치/연어통조림,통조림,반찬/주재료,3200,4.9,20,200.0,g,
"동원참치 맛참 고소참기름 90gx10개 + 135gx4개, 총 14캔",참치/연어통조림,통조림,반찬/주재료,25000,4.9,19,90.0,"g, g",
동원 번데기 130g,골뱅이/수산통조림,통조림,안주/반찬,1480,4.9,19,130.0,g,
동원 Dole 파인애플 432g x 3캔,과일/옥수수/팥,통조림,간식/요리재료,8100,4.7,19,432.0,g,
동원 새콤달콤 도톰쫄깃 삼각유부초밥 340g(4인용) x 2개,아이반찬,반찬,반찬,8900,4.9,19,340.0,g,
동원참치 고추참치 250g,참치/연어통조림,통조림,반찬/주재료,3700,4.8,18,250.0,g,
동원참치 튜나페 고소마요 129g(스프레드 100g+아이비 29g) x 5개,참치/연어통조림,통조림,반찬/주재료,16400,4.8,18,129.0,"g, g, g",
"[체험팩] 동원참치 가미참치 90g 3종(불/짜장/카레) 각 3개, 총 9개",참치/연어통조림,통조림,반찬/주재료,15600,5.0,18,90.0,g,
동원참치 불참치 90g,참치/연어통조림,통조림,반찬/주재료,2380,4.9,18,90.0,g,
동원참치 야채참치 90gx10캔,참치/연어통조림,통조림,반찬/주재료,20000,5.0,18,90.0,g,
양반 나주식 곰탕 460g (1~2인분) x 3개,국/탕/찌개,즉석조리식품,간편식사,6450,4.9,18,460.0,g,
동원 양반 영양닭죽 285g,죽/스프,즉석조리식품,간편식사,2200,4.9,18,285.0,g,
[동원선물세트] 진호,참치/연어통조림,통조림,반찬/주재료,80300,4.9,17,,,
동원 자연산꽁치 300g x 3캔,고등어/꽁치통조림,통조림,반찬,11300,4.9,17,300.0,g,
동원 한입 골뱅이 400g x 5캔,골뱅이/수산통조림,통조림,안주/반찬,47900,4.9,17,400.0,g,
동원 양반 캔김치 160g x 20캔,반찬/기타통조림,반찬,반찬,36600,5.0,17,160.0,g,
동원 떡볶이의신 우리쌀 국물떡볶이 422g(2인) x 2개,떡볶이/떡류,떡류,간식,8900,4.8,17,422.0,g,
동원 양반 백합죽 420g,죽/스프,즉석조리식품,간편식사,3300,4.8,17,420.0,g,
동원참치 DHA 150g x 20캔,참치/연어통조림,통조림,반찬/주재료,50000,4.9,16,150.0,g,
"동원 참치 85g 2종 (라이트스탠다드10,고추5)+리챔 200g x 3개",참치/연어통조림,통조림,반찬/주재료,28900,5.0,16,85.0,"g, g",
동원참치 튜나페 고소마요 129g (스프레드 100g+아이비 29g),참치/연어통조림,통조림,반찬/주재료,3280,4.8,16,129.0,"g, g, g",
동원 자연산꽁치 300g x 12캔,고등어/꽁치통조림,통조림,반찬,42000,5.0,16,300.0,g,
동원 런천미트 200g x 10캔,햄/닭가슴살,가공육,반찬/주재료,20900,5.0,16,200.0,g,
"동원 참치 85g 2종 (라이트스탠다드10,고추5)+리챔 200g x 3개",햄/닭가슴살,가공육,반찬/주재료,28900,5.0,16,85.0,"g, g",
동원 저스트 노슈가 후르츠칵테일 425g,과일/옥수수/팥,통조림,간식/요리재료,2980,4.9,16,425.0,g,
동원 양반 캔김치 160g x 5캔,반찬/기타통조림,반찬,반찬,9500,5.0,16,160.0,g,
동원 양반 수라 돼지고기 김치찌개 460g (1~2인분) x 5개,국/탕/찌개,즉석조리식품,간편식사,24000,4.9,16,460.0,g,
동원 양반 수라 돼지고기 김치찌개 460g (1~2인분) x 3개,국/탕/찌개,즉석조리식품,간편식사,15000,4.8,16,460.0,g,
동원 양반 참치죽 420g x 10개,죽/스프,즉석조리식품,간편식사,24900,4.9,16,420.0,g,
동원 초밥의달인 큰사각유부초밥 189g,아이반찬,반찬,반찬,3300,5.0,16,189.0,g,
동원 초밥의달인 롤유부초밥(새콤한맛) 254g x 2개,아이반찬,반찬,반찬,9900,4.9,16,254.0,g,
동원참치 스프레드 고소마요 100gx4입,참치/연어통조림,통조림,반찬/주재료,6400,4.8,15,100.0,g,
동원 고추참치 90g x 20캔,참치/연어통조림,통조림,반찬/주재료,32000,5.0,15,90.0,g,
[순진500] 동원 참치액 500g 순+진,참치/연어통조림,통조림,반찬/주재료,7980,4.9,15,500.0,g,
동원 고등어 300g x 9캔,고등어/꽁치통조림,통조림,반찬,18900,5.0,15,300.0,g,
동원 자연산왕골뱅이 400g x 2캔,골뱅이/수산통조림,통조림,안주/반찬,18200,4.5,15,400.0,g,
동원 번데기 130gx6캔,골뱅이/수산통조림,통조림,안주/반찬,8300,4.9,15,130.0,g,
동원 리챔 더블라이트 200g x 12캔,햄/닭가슴살,가공육,반찬/주재료,32400,4.9,15,200.0,g,
동원 지중해 황도 복숭아 820g x 3캔,과일/옥수수/팥,통조림,간식/요리재료,10800,5.0,15,820.0,g,
동원 미니파인애플 234g x 12캔(1/2박스),과일/옥수수/팥,통조림,간식/요리재료,20000,5.0,15,234.0,g,
동원 국산고구마당면 400g,파스타/생면/건면/기타 면,면류,주식,5900,4.9,15,400.0,g,
동원 양반 수라 한우사골설렁탕 460g (1~2인분) x 5개,국/탕/찌개,즉석조리식품,간편식사,24000,5.0,15,460.0,g,
동원 양반 보양 삼계탕 900g (1~2인분),국/탕/찌개,즉석조리식품,간편식사,9980,4.8,15,900.0,g,
동원 양반 참치죽 420g x 4개,죽/스프,즉석조리식품,간편식사,10900,5.0,15,420.0,g,
동원 양반 호박죽 285g x 12개 + 밤단팥죽 285g x 12개,죽/스프,즉석조리식품,간편식사,37900,5.0,15,285.0,"g, g",
[순진900] 동원 참치액 900g 순+진,고춧가루/액젓,양념,조미료,12980,4.9,15,900.0,g,
동원참치 콘참치 85g x 3캔,참치/연어통조림,통조림,반찬/주재료,5100,4.8,14,85.0,g,
동원참치 김치찌개용 250g x 15캔,참치/연어통조림,통조림,반찬/주재료,51000,5.0,14,250.0,g,
동원 번데기 130gx12캔,골뱅이/수산통조림,통조림,안주/반찬,15400,4.9,14,130.0,g,
[4%적립금] 동원 런천미트 340g x 24개(1박스),햄/닭가슴살,가공육,반찬/주재료,56000,5.0,14,340.0,g,
동원 리챔 순살꼬꼬 200g x 12개 / 닭가슴살햄,햄/닭가슴살,가공육,반찬/주재료,32400,5.0,14,200.0,g,
동원 미니파인애플 234g,과일/옥수수/팥,통조림,간식/요리재료,2000,4.6,14,234.0,g,
동원 저스트 노슈가 스위트콘 340g x 12캔,과일/옥수수/팥,통조림,간식/요리재료,19200,4.9,14,340.0,g,
동원 양반 캔갓김치 160g,반찬/기타통조림,반찬,반찬,2000,4.6,14,160.0,g,
[1+1] 동원 프리미엄 동원참치액 500g,고춧가루/액젓,양념,조미료,14980,4.7,14,500.0,g,
동원 화끈한골뱅이 140g x 5캔,골뱅이/수산통조림,통조림,안주/반찬,16900,4.9,13,140.0,g,
[4%적립금] 동원 번데기 130gx48캔(1박스),골뱅이/수산통조림,통조림,안주/반찬,50000,4.7,13,130.0,g,
동원 떡볶이의신 우리쌀 국물떡볶이 422g(2인),떡볶이/떡류,떡류,간식,4980,4.9,13,422.0,g,
[4%적립금] 동원 단호박죽 285g x 24개입 x 3박스,죽/스프,즉석조리식품,간편식사,102300,5.0,13,285.0,g,
동원 리챔 순닭가슴살 135g x 4개,햄/닭가슴살,가공육,반찬/주재료,15900,4.8,12,135.0,g,
동원 저스트 노슈가 황도 2절 400g,과일/옥수수/팥,통조림,간식/요리재료,2580,4.8,12,400.0,g,
동원 Dole 후르츠칵테일 432g x 3캔,과일/옥수수/팥,통조림,간식/요리재료,8100,4.7,12,432.0,g,
동원 양반 수라 통다리 닭볶음탕 490g (1~2인분) x 5개,국/탕/찌개,즉석조리식품,간편식사,25900,4.8,12,490.0,g,
동원 양반 수라 도가니설렁탕 460g (1~2인분),국/탕/찌개,즉석조리식품,간편식사,4900,4.8,12,460.0,g,
동원 양반 백합죽 420g x 20개,죽/스프,즉석조리식품,간편식사,46900,5.0,12,420.0,g,
동원 양반 밤단팥죽 420g x 20개,죽/스프,즉석조리식품,간편식사,46900,5.0,12,420.0,g,
동원참치 DHA 150g x 3캔,참치/연어통조림,통조림,반찬/주재료,8200,5.0,11,150.0,g,
동원참치 마일드참치 200g x 15캔,참치/연어통조림,통조림,반찬/주재료,44250,5.0,11,200.0,g,
동원참치 콘참치 85g x 5캔,참치/연어통조림,통조림,반찬/주재료,8250,4.8,11,85.0,g,
동원참치 김치찌개용 250g x 5캔,참치/연어통조림,통조림,반찬/주재료,18900,5.0,11,250.0,g,
동원참치 살코기 인 워터 100g,참치/연어통조림,통조림,반찬/주재료,2400,4.9,11,100.0,g,
동원참치 포도씨유 150gx10캔,참치/연어통조림,통조림,반찬/주재료,27000,5.0,11,150.0,g,
동원 자연산꽁치 300g x 9캔,고등어/꽁치통조림,통조림,반찬,33400,5.0,11,300.0,g,
동원 양반 진국 사골곰탕 300g (1인분) x 10개,국/탕/찌개,즉석조리식품,간편식사,13500,5.0,11,300.0,g,
동원 양반 수라 한우사골곰탕 460g (1~2인분) x 3개,국/탕/찌개,즉석조리식품,간편식사,6540,4.9,11,460.0,g,
동원 양반 수라 차돌된장찌개 460g (1~2인분) x 3개,국/탕/찌개,즉석조리식품,간편식사,15000,5.0,11,460.0,g,
동원 양반 수라 차돌된장찌개 460g (1~2인분),국/탕/찌개,즉석조리식품,간편식사,5500,4.9,11,460.0,g,
동원참치 살코기 인 워터 100g x 3캔,참치/연어통조림,통조림,반찬/주재료,7200,5.0,10,100.0,g,
동원참치 고추참치 85g x 60캔(1박스),참치/연어통조림,통조림,반찬/주재료,91200,5.0,10,85.0,g,
동원참치 스프레드 갈릭마요 100g,참치/연어통조림,통조림,반찬/주재료,2000,4.8,10,100.0,g,
동원 꽁치 230g x 9캔,고등어/꽁치통조림,통조림,반찬,27000,4.8,10,230.0,g,
동원 자연산골뱅이 매실청 140g x 5캔,골뱅이/수산통조림,통조림,안주/반찬,16900,5.0,10,140.0,g,
동원 Dole 후르츠칵테일 432g x 6캔,과일/옥수수/팥,통조림,간식/요리재료,16000,4.9,10,432.0,g,
동원 저스트 노슈가 황도 슬라이스 400g x 6캔,과일/옥수수/팥,통조림,간식/요리재료,16200,4.5,10,400.0,g,
동원 저스트 노슈가 파인애플 822g,과일/옥수수/팥,통조림,간식/요리재료,5480,4.9,10,822.0,g,
동원 양반 캔갓김치 160g x 5캔,반찬/기타통조림,반찬,반찬,9500,4.9,10,160.0,g,
동원 양반 한우사골시래기국 460g x (1~2인분) 3개,국/탕/찌개,즉석조리식품,간편식사,12000,5.0,10,460.0,g,
동원 양반 수라 통다리 닭볶음탕 490g (1~2인분),국/탕/찌개,즉석조리식품,간편식사,5900,4.8,10,490.0,g,
동원 양반 전복죽 285g x 6개+쇠고기죽 287g x 6개,죽/스프,즉석조리식품,간편식사,23600,5.0,10,285.0,"g, g",
동원 양반 전통잣죽 285g,죽/스프,즉석조리식품,간편식사,2500,4.7,10,285.0,g,
동원 양반 버섯 야채죽 420g x 20개,죽/스프,즉석조리식품,간편식사,46900,4.0,10,420.0,g,
동원 양반 쇠고기죽 287g 12개 + 야채죽 287g 12개,죽/스프,즉석조리식품,간편식사,40900,5.0,10,287.0,"g, g",
[고기에 좋은] 비비드키친 저칼로리 데리야끼소스 285g+숯불매콤소스 290g+바베큐소스 280g,기타양념,양념,조미료,10500,5.0,10,285.0,"g, g, g",
동원홈푸드 비비드키친 알룰로스 510g,올리고당/물엿/조청/꿀,당류,요리재료,8580,4.9,10,510.0,g,
[4%적립금] 동원 빵가루 1kg x 8개(1박스),부침가루/튀김가루/빵가루,가루류,요리재료,28000,5.0,10,1.0,kg,
동원참치 마일드참치 200gx5캔,참치/연어통조림,통조림,반찬/주재료,15000,5.0,9,200.0,g,
동원 리챔 더블라이트 120g x 12캔,햄/닭가슴살,가공육,반찬/주재료,25200,4.7,9,120.0,g,
동원 런천미트 340g x 10캔,햄/닭가슴살,가공육,반찬/주재료,30900,5.0,9,340.0,g,
동원 Dole 후르츠칵테일 432g x 24캔(1박스),과일/옥수수/팥,통조림,간식/요리재료,55000,5.0,9,432.0,g,
동원 양반 수라 한우사골설렁탕 460g (1~2인분) x 10개,국/탕/찌개,즉석조리식품,간편식사,44000,5.0,9,460.0,g,
동원 양반 전복죽 420g x 6개 + 쇠고기죽 420g x 6개,죽/스프,즉석조리식품,간편식사,33900,4.7,9,420.0,"g, g",
양반 전복죽 420g x 5개 +백합죽 420g x 5개,죽/스프,즉석조리식품,간편식사,28000,4.9,9,420.0,"g, g",
동원 재래식압착 참기름 160ml,간장/고추장/된장/쌈장,장류,조미료,4200,5.0,9,160.0,ml,
동원참치 뽀로로 키즈 100g x 3캔,참치/연어통조림,통조림,반찬/주재료,6000,4.4,8,100.0,g,
동원 리챔 더블라이트 200g x 6캔,햄/닭가슴살,가공육,반찬/주재료,17400,5.0,8,200.0,g,
동원 지중해 황도 복숭아 820g x 6캔(1/2박스),과일/옥수수/팥,통조림,간식/요리재료,21000,4.9,8,820.0,g,
[4%적립금] 동원 저스트 노슈가 황도 슬라이스 400g x 24캔(1박스),과일/옥수수/팥,통조림,간식/요리재료,52000,4.9,8,400.0,g,
동원 저스트 노슈가 파인애플 822gx6개,과일/옥수수/팥,통조림,간식/요리재료,26000,5.0,8,822.0,g,
양반 나주식 곰탕 460g (1~2인분),국/탕/찌개,즉석조리식품,간편식사,2250,4.8,8,460.0,g,
동원 재래식압착 참기름 160ml x 2병,간장/고추장/된장/쌈장,장류,조미료,8000,5.0,8,160.0,ml,
동원 참치액 진 900g,고춧가루/액젓,양념,조미료,9980,5.0,8,900.0,g,
[2+2] 동원 참치액 진 500g,고춧가루/액젓,양념,조미료,15960,5.0,8,500.0,g,
동원 참치액 순 500gx3개,고춧가루/액젓,양념,조미료,17940,4.9,8,500.0,g,
동원 참치액 진 900g,동원참치액,소스,조미료,9980,5.0,8,900.0,g,
동원 참치액 순 500gx3개,동원참치액,소스,조미료,17940,4.9,8,500.0,g,
동원참치 DHA 250g x 3캔,참치/연어통조림,통조림,반찬/주재료,11700,5.0,7,250.0,g,
동원참치 마일드 150g x 5캔,참치/연어통조림,통조림,반찬/주재료,13500,5.0,7,150.0,g,
동원참치 마일드참치 200g x 3캔,참치/연어통조림,통조림,반찬/주재료,9300,5.0,7,200.0,g,
동원참치 스프레드 체다치즈 100g,참치/연어통조림,통조림,반찬/주재료,2000,5.0,7,100.0,g,
동원참치 야채참치 90g,참치/연어통조림,통조림,반찬/주재료,2000,5.0,7,90.0,g,
동원 김치찌개용 꽁치 300g x 6캔,고등어/꽁치통조림,통조림,반찬,25800,5.0,7,300.0,g,
동원 김치찌개용 꽁치 300g x 12캔,고등어/꽁치통조림,통조림,반찬,44400,5.0,7,300.0,g,
동원 자연산골뱅이탕(얼큰한국물) 300g,골뱅이/수산통조림,통조림,안주/반찬,4900,4.6,7,300.0,g,
동원 을지로골뱅이 & 진미채 300g x 10캔 / 특제간장소스,골뱅이/수산통조림,통조림,안주/반찬,62800,5.0,7,300.0,g,
동원 번데기 130gx24캔(1/2박스),골뱅이/수산통조림,통조림,안주/반찬,30000,4.7,7,130.0,g,
동원 자연산골뱅이 매실청 140g,골뱅이/수산통조림,통조림,안주/반찬,3880,4.6,7,140.0,g,
동원 을지로골뱅이 & 진미채 300g x 2캔 / 특제간장소스,골뱅이/수산통조림,통조림,안주/반찬,13400,4.7,7,300.0,g,
[4%적립금] 동원 화끈한골뱅이 400g x 24개(1박스),골뱅이/수산통조림,통조림,안주/반찬,149000,5.0,7,400.0,g,
동원 런천미트 200g x 4캔,햄/닭가슴살,가공육,반찬/주재료,8900,5.0,7,200.0,g,
동원 리챔 더블라이트 200g x 9캔,햄/닭가슴살,가공육,반찬/주재료,25600,5.0,7,200.0,g,
동원 리챔 순닭가슴살 135g x 8개,햄/닭가슴살,가공육,반찬/주재료,16800,4.9,7,135.0,g,
동원 미니파인코코 227g x 24캔(1박스),과일/옥수수/팥,통조림,간식/요리재료,37000,5.0,7,227.0,g,
동원 저스트 노슈가 파인애플 425gx24개(1박스),과일/옥수수/팥,통조림,간식/요리재료,55000,4.9,7,425.0,g,
동원 저스트 노슈가 후르츠칵테일 822g,과일/옥수수/팥,통조림,간식/요리재료,3980,4.9,7,822.0,g,
동원 저스트 노슈가 파인애플 425gx12개,과일/옥수수/팥,통조림,간식/요리재료,33900,5.0,7,425.0,g,
동원 양반 캔갓김치 160g x 10캔,반찬/기타통조림,반찬,반찬,18500,4.6,7,160.0,g,
양반 나주식 곰탕 460g (1~2인분) x 10개,국/탕/찌개,즉석조리식품,간편식사,20000,4.9,7,460.0,g,
동원 양반 수라 차돌된장찌개 460g (1~2인분) x 5개,국/탕/찌개,즉석조리식품,간편식사,24000,4.1,7,460.0,g,
동원 떡볶이의신 우리쌀 국물떡볶이 422g(2인) x 5개,떡볶이/떡류,떡류,간식,19900,5.0,7,422.0,g,
동원 떡볶이의신 더매운 컵떡볶이 160g x 10개,떡볶이/떡류,떡류,간식,23900,5.0,7,160.0,g,
양반 허니슈크림 붕어빵 300g x 2봉 + 앙버터 붕어빵 300g,생지/냉동반죽,냉동식품,요리재료,17900,4.6,7,300.0,"g, g",
[2+2] 동원 참치액 진 900g,고춧가루/액젓,양념,조미료,25960,5.0,7,900.0,g,
동원 참치액 순 900g,동원참치액,소스,조미료,9980,5.0,7,900.0,g,
"동원 국물의신 100g(4gx25입) 2종 각 1개(멸치,참치)",분말/액상조미료,조미료,조미료,13500,5.0,7,100.0,"g, g",
동원 참치액 순 900g,분말/액상조미료,조미료,조미료,9980,5.0,7,900.0,g,
동원 고추참치 90g,참치/연어통조림,통조림,반찬/주재료,1900,5.0,6,90.0,g,
동원맛참 마요참기름 135g 10캔,참치/연어통조림,통조림,반찬/주재료,27900,5.0,6,135.0,g,
동원 한입골뱅이 400g x 2캔,골뱅이/수산통조림,통조림,안주/반찬,18200,4.8,6,400.0,g,
동원 자연산골뱅이 400g x 2캔,골뱅이/수산통조림,통조림,안주/반찬,18200,4.7,6,400.0,g,
동원 리챔 순닭가슴살 135g x 12개,햄/닭가슴살,가공육,반찬/주재료,24000,5.0,6,135.0,g,
동원 리챔 340g x 6캔,햄/닭가슴살,가공육,반찬/주재료,25500,4.8,6,340.0,g,
동원 리챔 더블라이트 120g x 6캔,햄/닭가슴살,가공육,반찬/주재료,13200,4.7,6,120.0,g,
동원 리챔 더블라이트 200g,햄/닭가슴살,가공육,반찬/주재료,3000,5.0,6,200.0,g,
동원 리챔 더블라이트 120g x 3캔,햄/닭가슴살,가공육,반찬/주재료,6900,5.0,6,120.0,g,
[2%적립금] 동원 지중해 황도 복숭아 820g,과일/옥수수/팥,통조림,간식/요리재료,3400,4.2,6,820.0,g,
동원 저스트 노슈가 후르츠칵테일 822gx6개,과일/옥수수/팥,통조림,간식/요리재료,22900,5.0,6,822.0,g,
[4%적립금] 동원 저스트 노슈가 파인애플 425gx48개(2박스),과일/옥수수/팥,통조림,간식/요리재료,95000,5.0,6,425.0,g,
동원 양반 수라 통다리 닭볶음탕 490g (1~2인분) x 3개,국/탕/찌개,즉석조리식품,간편식사,15900,4.7,6,490.0,g,
동원 떡볶이의신 우리쌀 로제떡볶이 360g(2인),떡볶이/떡류,떡류,간식,4980,4.3,6,360.0,g,
[4%적립금] 동원 양반 들깨닭죽 420g x 20개입 x 3박스,죽/스프,즉석조리식품,간편식사,130000,5.0,6,420.0,g,
동원 양반 전복죽 287g x 12개 + 쇠고기죽 287g x 12개,죽/스프,즉석조리식품,간편식사,44900,5.0,6,287.0,"g, g",
양반 전복죽 420g x 5개 + 쇠고기죽 420g x 5개,죽/스프,즉석조리식품,간편식사,28000,4.8,6,420.0,"g, g",
동원참치 스프레드 갈릭마요 100gx10캔,참치/연어통조림,통조림,반찬/주재료,20000,3.6,5,100.0,g,
동원참치 살코기 라이트스탠다드 135gx3캔,참치/연어통조림,통조림,반찬/주재료,7000,5.0,5,135.0,g,
동원 꽁치 230g x 12캔,고등어/꽁치통조림,통조림,반찬,33600,5.0,5,230.0,g,
동원 자연산꽁치 300g,고등어/꽁치통조림,통조림,반찬,4700,5.0,5,300.0,g,
동원 자연산왕골뱅이 400g x 3캔,골뱅이/수산통조림,통조림,안주/반찬,26900,5.0,5,400.0,g,
동원 리챔 프로틴 200g,햄/닭가슴살,가공육,반찬/주재료,3000,5.0,5,200.0,g,
동원 리챔 순살꼬꼬 200g x 3개 / 닭가슴살햄,햄/닭가슴살,가공육,반찬/주재료,8900,5.0,5,200.0,g,
동원 리챔 더블라이트 300g x 9캔,햄/닭가슴살,가공육,반찬/주재료,35100,4.6,5,300.0,g,
동원 리챔 더블라이트 300g x 6캔,햄/닭가슴살,가공육,반찬/주재료,24000,5.0,5,300.0,g,
동원 리챔 더블라이트 300g x 3캔,햄/닭가슴살,가공육,반찬/주재료,12300,4.8,5,300.0,g,
동원 Dole 파인애플 432g x 12캔(1/2박스),과일/옥수수/팥,통조림,간식/요리재료,30000,4.6,5,432.0,g,
동원 미니파인애플 234g x 6캔,과일/옥수수/팥,통조림,간식/요리재료,11000,5.0,5,234.0,g,
동원 양반 진국 사골곰탕 300g (1인분) x 3개,국/탕/찌개,즉석조리식품,간편식사,4400,5.0,5,300.0,g,
양반 전복죽 420g+쇠고기죽 420g+단호박죽 420g 2개씩 총 6개,죽/스프,즉석조리식품,간편식사,20900,5.0,5,420.0,"g, g, g",
양반 전복죽 420g x 5개 +들깨닭죽 420g x 5개,죽/스프,즉석조리식품,간편식사,28000,4.6,5,420.0,"g, g",
[4%적립금] 동원 야채죽 287g 24개입 x 3박스,죽/스프,즉석조리식품,간편식사,102300,5.0,5,287.0,g,
[4%적립금] 동원 양반 전복죽 287g 24개입 x 3박스,죽/스프,즉석조리식품,간편식사,126900,5.0,5,287.0,g,
동원 초밥의달인 큰사각유부초밥 189g x 2개,아이반찬,반찬,반찬,6200,5.0,5,189.0,g,
[1+1] 동원 참치액 순 500g,고춧가루/액젓,양념,조미료,7980,5.0,5,500.0,g,
동원 마일드참치 150g x 3캔,참치/연어통조림,통조림,반찬/주재료,8200,5.0,4,150.0,g,
동원참치 루피는 참치마요 100g,참치/연어통조림,통조림,반찬/주재료,2100,5.0,4,100.0,g,
동원참치 DHA 250g x 5캔,참치/연어통조림,통조림,반찬/주재료,18900,4.8,4,250.0,g,
[4%적립금] 동원참치 라이트스탠다드 1.88kg x 6개(1박스),참치/연어통조림,통조림,반찬/주재료,99000,4.5,4,88.0,kg,
동원 자연산꽁치 300g x 6캔,고등어/꽁치통조림,통조림,반찬,23100,4.0,4,300.0,g,
동원 자연산골뱅이 300gx4개+면발의신 생쫄면 385g(2인분),골뱅이/수산통조림,통조림,안주/반찬,33500,5.0,4,300.0,"g, g",
동원 한입골뱅이 400g x 3캔,골뱅이/수산통조림,통조림,안주/반찬,26900,4.8,4,400.0,g,
동원 자연산골뱅이 230g x 2캔,골뱅이/수산통조림,통조림,안주/반찬,12000,5.0,4,230.0,g,
동원 리챔 200g x 9캔,햄/닭가슴살,가공육,반찬/주재료,25600,5.0,4,200.0,g,
동원 런천미트 340g x 4캔,햄/닭가슴살,가공육,반찬/주재료,12900,4.8,4,340.0,g,
동원 리챔 더블라이트 300g,햄/닭가슴살,가공육,반찬/주재료,4300,4.8,4,300.0,g,
동원 미니파인코코 227g x 12캔(1/2박스),과일/옥수수/팥,통조림,간식/요리재료,21500,5.0,4,227.0,g,
동원 Dole 파인애플 432g x 24캔(1박스),과일/옥수수/팥,통조림,간식/요리재료,55000,5.0,4,432.0,g,
동원 지중해 황도 복숭아 820g x 3캔,과일/옥수수/팥,통조림,간식/요리재료,14100,5.0,4,820.0,g,
동원 저스트 노슈가 황도 슬라이스 400g x 12캔,과일/옥수수/팥,통조림,간식/요리재료,33900,3.8,4,400.0,g,
동원 저스트 노슈가 후르츠칵테일 822g x 2캔,과일/옥수수/팥,통조림,간식/요리재료,7980,5.0,4,822.0,g,
동원 양반 떡국떡 700g / 실온,떡볶이/떡류,떡류,간식,5980,4.8,4,700.0,g,
동원 떡볶이의신 우리쌀 로제떡볶이 360g(2인) x 2개,떡볶이/떡류,떡류,간식,8900,5.0,4,360.0,g,
동원 양반 떡국떡 700gx2개 / 실온,떡볶이/떡류,떡류,간식,11500,5.0,4,700.0,g,
양반 쇠고기죽 420g x 5개 + 버섯야채죽 420g x 5개,죽/스프,즉석조리식품,간편식사,26000,5.0,4,420.0,"g, g",
양반 전복죽 420g x 5개 +단호박죽 420g x 5개,죽/스프,즉석조리식품,간편식사,27000,5.0,4,420.0,"g, g",
동원 초밥의달인 국산콩 유부초밥(고소한맛) 330g x 2개,아이반찬,반찬,반찬,12400,5.0,4,330.0,g,
[2+2] 동원 프리미엄 동원참치액 500g,고춧가루/액젓,양념,조미료,29960,5.0,4,500.0,g,
동원 참치액 진 500g,고춧가루/액젓,양념,조미료,5980,5.0,4,500.0,g,
동원 참치액 진 500g,동원참치액,소스,조미료,5980,5.0,4,500.0,g,
[1+1]동원 하루미 국물의신 참치링 80g (20정),분말/액상조미료,조미료,조미료,9980,5.0,4,80.0,g,
동원참치 마이플랜트 레드고추 100g,참치/연어통조림,통조림,반찬/주재료,2500,5.0,3,100.0,g,
동원참치 살코기 라이트스탠다드 135gx5개,참치/연어통조림,통조림,반찬/주재료,11500,5.0,3,135.0,g,
동원참치 살코기 라이트스탠다드 90g,참치/연어통조림,통조림,반찬/주재료,1900,5.0,3,90.0,g,
동원 화끈한골뱅이 140g x 3캔,골뱅이/수산통조림,통조림,안주/반찬,10800,5.0,3,140.0,g,
동원 을지로골뱅이 & 진미채 300g x 5캔 / 특제간장소스,골뱅이/수산통조림,통조림,안주/반찬,33400,5.0,3,300.0,g,
동원 자연산골뱅이탕(얼큰한국물) 300g x 3캔,골뱅이/수산통조림,통조림,안주/반찬,13500,4.7,3,300.0,g,
동원 을지로골뱅이 & 진미채 300g x 3캔 / 특제간장소스,골뱅이/수산통조림,통조림,안주/반찬,19800,5.0,3,300.0,g,
동원 을지로 골뱅이 & 구운아귀채 300g / 참치액소스,골뱅이/수산통조림,통조림,안주/반찬,6980,5.0,3,300.0,g,
동원 리챔 순살꼬꼬 200g x 6개 / 닭가슴살햄,햄/닭가슴살,가공육,반찬/주재료,17400,5.0,3,200.0,g,
동원 리챔 순살꼬꼬 200g / 닭가슴살햄,햄/닭가슴살,가공육,반찬/주재료,4280,4.7,3,200.0,g,
동원 리챔 더블라이트 120g,햄/닭가슴살,가공육,반찬/주재료,2400,5.0,3,120.0,g,
동원 리챔 더블라이트 300g x 12캔,햄/닭가슴살,가공육,반찬/주재료,45600,5.0,3,300.0,g,
동원 리챔 프로틴 200g x 12캔,햄/닭가슴살,가공육,반찬/주재료,32400,5.0,3,200.0,g,
동원 지중해 황도 복숭아 820g x 12캔(1박스),과일/옥수수/팥,통조림,간식/요리재료,48000,5.0,3,820.0,g,
동원 저스트 노슈가 황도 2절 400g x 12캔,과일/옥수수/팥,통조림,간식/요리재료,31200,4.7,3,400.0,g,
동원 저스트 노슈가 황도 2절 400g x 6캔,과일/옥수수/팥,통조림,간식/요리재료,16200,4.7,3,400.0,g,
동원 저스트 노슈가 후르츠칵테일 425gx24개(1박스),과일/옥수수/팥,통조림,간식/요리재료,55000,5.0,3,425.0,g,
동원 저스트 노슈가 파인애플 425gx6개,과일/옥수수/팥,통조림,간식/요리재료,17500,5.0,3,425.0,g,
동원 양반 캔볶음김치 160g x 48캔,반찬/기타통조림,반찬,반찬,78000,5.0,3,160.0,g,
[중화요리소스] 비비드키친 저당 짜장소스 300g+짬뽕소스 280g+굴소스 310g,짜장,소스,요리재료,12900,5.0,3,300.0,"g, g, g",
[중화요리소스] 비비드키친 저당 짜장소스 300g+짬뽕소스 280g+굴소스 310g,국/탕/찌개,즉석조리식품,간편식사,12900,5.0,3,300.0,"g, g, g",
비비드그린 저당 단호박죽 280g x 2개,죽/스프,즉석조리식품,간편식사,7200,5.0,3,280.0,g,
동원 양반 참치죽 420g x 20개,죽/스프,즉석조리식품,간편식사,45900,5.0,3,420.0,g,
양반 영양닭죽 285g x 5개,죽/스프,즉석조리식품,간편식사,9900,5.0,3,285.0,g,
동원 양반 쇠고기죽 287g 12개 + 밤단팥죽 285g 12개,죽/스프,즉석조리식품,간편식사,40900,5.0,3,287.0,"g, g",
동원 양반 쇠고기죽 287g 12개 + 참치죽 285g 12개,죽/스프,즉석조리식품,간편식사,40900,5.0,3,287.0,"g, g",
동원 양반 쇠고기죽 287g 12개 + 영양닭죽 285g 12개,죽/스프,즉석조리식품,간편식사,42900,4.7,3,287.0,"g, g",
동원 양반 전복죽 287g x 12개 + 전통잣죽 285g x 12개,죽/스프,즉석조리식품,간편식사,50000,5.0,3,287.0,"g, g",
비비드그린 저당 단호박죽 280g x 2개,메인요리,즉석조리식품,메인요리,7200,5.0,3,280.0,g,
동원홈푸드 비비드키친 저당 볶음고추장 300g,간장/고추장/된장/쌈장,장류,조미료,6500,5.0,3,300.0,g,
[동원] 동원 쯔유 500gx3개,간장/고추장/된장/쌈장,장류,조미료,14900,5.0,3,500.0,g,
동원 하루미 소불고기양념 500g,고기/찌개양념,양념,조미료,3980,5.0,3,500.0,g,
동원홈푸드 비비드키친 저당 불고기양념 240g,고기/찌개양념,양념,조미료,5280,5.0,3,240.0,g,
동원 하루미 돼지불고기양념 500g,고기/찌개양념,양념,조미료,3980,5.0,3,500.0,g,
동원 참치액 순 500g,고춧가루/액젓,양념,조미료,5980,4.3,3,500.0,g,
동원홈푸드 비비드키친 저당 불고기양념 240g,기타양념,양념,조미료,5280,5.0,3,240.0,g,
동원 하루미 마라 떡볶이양념 130g,기타양념,양념,조미료,1980,4.7,3,130.0,g,
동원 참치액 순 500g,동원참치액,소스,조미료,5980,4.3,3,500.0,g,
동원 히말라야 핑크솔트 100g,소금,양념,조미료,3900,5.0,3,100.0,g,
[1+1]동원 참치다시 2kg,분말/액상조미료,조미료,조미료,30480,5.0,3,2.0,kg,
[1+1] 동원 참치액 순 900g,분말/액상조미료,조미료,조미료,12980,4.7,3,900.0,g,
동원 요리 올리고당 700ml,올리고당/물엿/조청/꿀,당류,요리재료,3900,5.0,3,700.0,ml,
동원홈푸드 비비드키친 알룰로스 510g x 2개,올리고당/물엿/조청/꿀,당류,요리재료,15900,4.0,3,510.0,g,
동원참치 뽀로로 키즈 100g,참치/연어통조림,통조림,반찬/주재료,2100,5.0,2,100.0,g,
동원참치 튜나페 갈릭마요 129g (아이비29g+스프레드참치100g),참치/연어통조림,통조림,반찬/주재료,3280,5.0,2,129.0,"g, g, g",
동원참치 살코기 인 워터 100g x 5캔,참치/연어통조림,통조림,반찬/주재료,10000,5.0,2,100.0,g,
동원참치 살코기 라이트스탠다드 90gx5캔,참치/연어통조림,통조림,반찬/주재료,8500,5.0,2,90.0,g,
동원 김치찌개용 꽁치 300g x 9캔,고등어/꽁치통조림,통조림,반찬,35100,5.0,2,300.0,g,
동원 자연산골뱅이 매실청 140g x 3캔,골뱅이/수산통조림,통조림,안주/반찬,10800,5.0,2,140.0,g,
동원 자연산골뱅이탕(얼큰한국물) 300g x 5캔,골뱅이/수산통조림,통조림,안주/반찬,21500,5.0,2,300.0,g,
동원 화끈한 골뱅이 140gx2개,골뱅이/수산통조림,통조림,안주/반찬,7400,5.0,2,140.0,g,
동원 자연산골뱅이탕(얼큰한국물) 300g x 10캔,골뱅이/수산통조림,통조림,안주/반찬,40000,5.0,2,300.0,g,
동원 리챔 순닭가슴살 135g,햄/닭가슴살,가공육,반찬/주재료,2680,5.0,2,135.0,g,
동원 복숭아 백도 400g x 6캔,과일/옥수수/팥,통조림,간식/요리재료,14000,5.0,2,400.0,g,
동원 미니파인코코 227g x 3캔,과일/옥수수/팥,통조림,간식/요리재료,5700,4.0,2,227.0,g,
동원 Dole 파인애플 432g x 6캔,과일/옥수수/팥,통조림,간식/요리재료,16000,4.5,2,432.0,g,
비비드그린 비건 짜장 180g,짜장,소스,요리재료,3500,5.0,2,180.0,g,
[국물매콤떡세트] 동원 양반 떡볶이떡 320g + 비셰프 국물떡볶이분말 500g,떡볶이/떡류,떡류,간식,8900,5.0,2,320.0,"g, g",
동원 떡볶이의신 짜장떡볶이 385g (2인분) x 3개,떡볶이/떡류,떡류,간식,12900,5.0,2,385.0,g,
[4% 적립금] 동원 양반 떡국떡 700gx10개(1박스) / 실온,떡볶이/떡류,떡류,간식,44000,5.0,2,700.0,g,
[4%적립금] 동원 양반 버섯 야채죽 420g x 20개입 x 3박스,죽/스프,즉석조리식품,간편식사,123800,5.0,2,420.0,g,
양반 밤단팥죽 420g x 5개 + 양반 백합죽 420g x 5개,죽/스프,즉석조리식품,간편식사,25000,5.0,2,420.0,"g, g",
동원 양반 들깨닭죽 420g x 20개,죽/스프,즉석조리식품,간편식사,51000,5.0,2,420.0,g,
비비드그린 저당 단호박죽 280g,죽/스프,즉석조리식품,간편식사,3500,5.0,2,280.0,g,
양반 전복죽 420g+쇠고기죽 420g+단호박죽 420g 3개씩 총 9개,죽/스프,즉석조리식품,간편식사,26900,5.0,2,420.0,"g, g, g",
[4%적립금] 동원 양반 밤단팥죽 420g x 20개입 x 3박스,죽/스프,즉석조리식품,간편식사,123800,5.0,2,420.0,g,
양반 단호박죽 420g x 5개 + 들깨닭죽 420g x 5개,죽/스프,즉석조리식품,간편식사,26000,5.0,2,420.0,"g, g",
양반 쇠고기죽 420g x 5개 + 밤단팥죽 420g x 5개,죽/스프,즉석조리식품,간편식사,25000,4.0,2,420.0,"g, g",
동원 양반 영양닭죽 285g x 12개 + 야채죽 287g x 12개,죽/스프,즉석조리식품,간편식사,40900,5.0,2,285.0,"g, g",
동원 양반 전통잣죽 285g x 12개 + 야채죽 287g x 12개,죽/스프,즉석조리식품,간편식사,44900,3.5,2,285.0,"g, g",
동원 양반 밤단팥죽 285g x 12개 + 전통잣죽 285g x 12개,죽/스프,즉석조리식품,간편식사,44900,4.5,2,285.0,"g, g",
양반 전복죽 420g x 5개 +버섯야채죽 420g x 5개,죽/스프,즉석조리식품,간편식사,27000,5.0,2,420.0,"g, g",
양반 쇠고기죽 420g x 5개 + 단호박죽 420g x 5개,죽/스프,즉석조리식품,간편식사,25000,5.0,2,420.0,"g, g",
비비드그린 비건 짜장 180g,메인요리,즉석조리식품,메인요리,3500,5.0,2,180.0,g,
비비드그린 저당 단호박죽 280g,메인요리,즉석조리식품,메인요리,3500,5.0,2,280.0,g,
비비드그린 비건 짜장 180g,밑반찬,반찬,반찬,3500,5.0,2,180.0,g,
[요리에 좋은] 비비드키친 저칼로리 굴소스 310g+비빔장 280g+숯불매콤소스 290g,간장/고추장/된장/쌈장,장류,조미료,12700,5.0,2,310.0,"g, g, g",
[요리에 좋은] 비비드키친 저칼로리 굴소스 310g+비빔장 280g+숯불매콤소스 290g,기타양념,양념,조미료,12700,5.0,2,310.0,"g, g, g",
동원홈푸드 비비드키친 저당 멸치볶음양념 250g,기타양념,양념,조미료,5280,5.0,2,250.0,g,
하루미 불닭로제 떡볶이 양념 2개 + 매콤달콤 떡볶이 양념 1개 + 마라 떡볶이양념 1개 + 양반 떡볶이떡 320g,기타양념,양념,조미료,9900,4.5,2,320.0,g,
동원 하루미 매콤달콤 떡볶이양념 130g,기타양념,양념,조미료,1980,5.0,2,130.0,g,
동원홈푸드 비비드키친 저당 제육볶음양념 250g,기타양념,양념,조미료,5280,5.0,2,250.0,g,
동원홈푸드 비비드키친 저당 진미채볶음양념 240g,기타양념,양념,조미료,5280,5.0,2,240.0,g,
[맛참비빔면] 동원참치 맛참 90g 2종(고소/매콤) 각 2개 + 농심 배홍동 비빔면 548g(137gx4입),참치/연어통조림,통조림,반찬/주재료,10900,5.0,1,90.0,"g, g, g",
동원참치 루피는 참치마요 100g x 5캔,참치/연어통조림,통조림,반찬/주재료,9500,5.0,1,100.0,g,
[동원] 동원 참치뱃살 깊은간장맛 135gx10캔,참치/연어통조림,통조림,반찬/주재료,32800,5.0,1,135.0,g,
동원 고추참치 90g x 5캔,참치/연어통조림,통조림,반찬/주재료,10020,5.0,1,90.0,g,
[동원] 동원참치뱃살 깊은 간장맛 135g,참치/연어통조림,통조림,반찬/주재료,3480,5.0,1,135.0,g,
[4%적립금] 동원 고추참치(덕용) 1880gx6개 ( 박스 ),참치/연어통조림,통조림,반찬/주재료,109000,5.0,1,1880.0,g,
동원 고추참치 90g x 10캔,참치/연어통조림,통조림,반찬/주재료,16500,5.0,1,90.0,g,
[4%적립금] 동원 꽁치 1.8kg x 6개(1박스),고등어/꽁치통조림,통조림,반찬,92400,5.0,1,8.0,kg,
동원 김치찌개용 꽁치 300g,고등어/꽁치통조림,통조림,반찬,5000,5.0,1,300.0,g,
[2%적립금] 동원 꽁치 1880g,고등어/꽁치통조림,통조림,반찬,16000,5.0,1,1880.0,g,
동원 을지로 골뱅이 & 구운아귀채 300g x 5캔 / 참치액소스,골뱅이/수산통조림,통조림,안주/반찬,32500,5.0,1,300.0,g,
동원 을지로 골뱅이 & 구운아귀채 300g x 3캔 / 참치액소스,골뱅이/수산통조림,통조림,안주/반찬,19800,4.0,1,300.0,g,
동원 을지로 골뱅이 & 구운아귀채 300g x 2캔 / 참치액소스,골뱅이/수산통조림,통조림,안주/반찬,13400,5.0,1,300.0,g,
동원 자연산왕골뱅이 400g,골뱅이/수산통조림,통조림,안주/반찬,9980,5.0,1,400.0,g,
동원 리챔 프로틴 200g x 3캔,햄/닭가슴살,가공육,반찬/주재료,8900,5.0,1,200.0,g,
동원 미니파인코코 227g x 6캔,과일/옥수수/팥,통조림,간식/요리재료,11000,5.0,1,227.0,g,
[4%적립금] 동원 저스트 노슈가 황도 2절 400g x 24캔(1박스),과일/옥수수/팥,통조림,간식/요리재료,52000,5.0,1,400.0,g,
[동원] 미니 파인애플 234g x 5,과일/옥수수/팥,통조림,간식/요리재료,12000,5.0,1,234.0,g,
[4%적립금] 동원 저스트 노슈가 후르츠칵테일 425gx48개(2박스),과일/옥수수/팥,통조림,간식/요리재료,95000,5.0,1,425.0,g,
동원 저스트 노슈가 후르츠칵테일 425gx12개,과일/옥수수/팥,통조림,간식/요리재료,30000,5.0,1,425.0,g,
동원 저스트 노슈가 후르츠칵테일 425gx6개,과일/옥수수/팥,통조림,간식/요리재료,17500,5.0,1,425.0,g,
동원 양반 캔김치 160g x 48캔,반찬/기타통조림,반찬,반찬,78000,5.0,1,160.0,g,
양반 캔볶음김치 160g x 4개,반찬/기타통조림,반찬,반찬,7700,5.0,1,160.0,g,
[쫄깃한 떡라면 한상] 동원 양반 떡국떡 320g + 농심 안성탕면 5개입,봉지라면,라면,간편식사,7900,5.0,1,320.0,g,
[4%적립금] 동원 양반 나주식 곰탕 460g x 20개입 x 5박스,국/탕/찌개,즉석조리식품,간편식사,139000,5.0,1,460.0,g,
[4% 적립금] 동원 양반 떡국떡 320g x 12개(1박스) / 실온,떡볶이/떡류,떡류,간식,33000,5.0,1,320.0,g,
[4%적립금] 동원 양반 호박죽 420g x 20개입 x 3박스,죽/스프,즉석조리식품,간편식사,123800,5.0,1,420.0,g,
[4%적립금] 동원 양반 영양닭죽 285g x 24개입 x 3박스,죽/스프,즉석조리식품,간편식사,116600,5.0,1,285.0,g,
양반 전복죽 420g x 5개 +밤단팥죽 420g x 5개,죽/스프,즉석조리식품,간편식사,27000,5.0,1,420.0,"g, g",
동원 양반 전복죽 287g x 10개 + 야채죽 287g x 10개,죽/스프,즉석조리식품,간편식사,38600,5.0,1,287.0,"g, g",
동원 양반 전통잣죽 285g x 12개 + 영양닭죽 285g x 12개,죽/스프,즉석조리식품,간편식사,45900,5.0,1,285.0,"g, g",
[4%적립금] 동원 양반 밤단팥죽 285g x 24개입 x 3박스,죽/스프,즉석조리식품,간편식사,102300,5.0,1,285.0,g,
양반 쇠고기죽 420g x 5개 + 참치죽 420g x 5개,죽/스프,즉석조리식품,간편식사,25000,5.0,1,420.0,"g, g",
양반 전복죽 420g x 5개 +참치죽 420g x 5개,죽/스프,즉석조리식품,간편식사,27000,5.0,1,420.0,"g, g",
동원 양반 밤단팥죽 285g x 12개 + 참치죽 287g x 12개,죽/스프,즉석조리식품,간편식사,37900,5.0,1,285.0,"g, g",
양반 1등비법 듬뿍 밤단팥죽 285g x 6개,죽/스프,즉석조리식품,간편식사,13900,5.0,1,285.0,g,
양반 1등비법 듬뿍 밤단팥죽 285g x 3개,죽/스프,즉석조리식품,간편식사,7900,5.0,1,285.0,g,
양반 백합죽 420g x 5개 + 양반 버섯 야채죽 420g x 5개,죽/스프,즉석조리식품,간편식사,25000,5.0,1,420.0,"g, g",
양반 들깨닭죽 420g x 5개 + 양반 참치죽 420g x 5개,죽/스프,즉석조리식품,간편식사,24000,5.0,1,420.0,"g, g",
양반 밤단팥죽 420g x 5개 + 양반 버섯야채죽 420g x 5개,죽/스프,즉석조리식품,간편식사,25000,5.0,1,420.0,"g, g",
양반 단호박죽 420g x 5개 + 버섯 야채죽 420g x 5개,죽/스프,즉석조리식품,간편식사,24000,5.0,1,420.0,"g, g",
동원 양반 전복죽 287g x 10개 + 단호박죽 285g x 10개,죽/스프,즉석조리식품,간편식사,38600,2.0,1,287.0,"g, g",
양반 대구곤이 지리탕 700g,한식,즉석조리식품,메인요리,15900,5.0,1,700.0,g,
[동원] 동원 쯔유 500g,간장/고추장/된장/쌈장,장류,조미료,5980,5.0,1,500.0,g,
동원 하루미 소갈비양념 500g,고기/찌개양념,양념,조미료,3980,5.0,1,500.0,g,
[2+2] 동원 참치액 순 500g,고춧가루/액젓,양념,조미료,15960,5.0,1,500.0,g,
★시식코너특가★동원홈푸드 비비드키친 저칼로리 데리야끼소스 285g x 2개,기타양념,양념,조미료,6900,5.0,1,285.0,g,
동원홈푸드 비비드키친 저당 잡채양념 240g,기타양념,양념,조미료,5280,5.0,1,240.0,g,
동원 하루미 불닭로제맛 떡볶이양념 130g,기타양념,양념,조미료,1980,5.0,1,130.0,g,
[2% 적립금] 동원 참치액 진 2kgx6개 ( 1box),동원참치액,소스,조미료,69900,5.0,1,2.0,kg,
동원 참치액 진 2kg,동원참치액,소스,조미료,18900,5.0,1,2.0,kg,
[1+1]동원 참치다시 300g,분말/액상조미료,조미료,조미료,8980,5.0,1,300.0,g,
동원 참치다시 1kg,분말/액상조미료,조미료,조미료,15980,5.0,1,1.0,kg,
[1+1]동원 참치다시 1kg,분말/액상조미료,조미료,조미료,19980,5.0,1,1.0,kg,
[동원] 양반 100밥 현미밥 130g x 24개 + 동원맛참 매콤참기름 135g x 6캔,참치/연어통조림,통조림,반찬/주재료,34900,0.0,0,130.0,"g, g",
동원참치 살코기 라이트스탠다드 150g x 10캔 + 양반 100밥 현미밥 130g x 12개,참치/연어통조림,통조림,반찬/주재료,33900,0.0,0,150.0,"g, g",
동원참치 살코기 라이트스탠다드 90gx3캔,참치/연어통조림,통조림,반찬/주재료,5400,0.0,0,90.0,g,
동원 고추참치 90g x 3캔,참치/연어통조림,통조림,반찬/주재료,5400,0.0,0,90.0,g,
[4%적립금] 동원참치 루피는 참치마요 100g x 60개(1박스),참치/연어통조림,통조림,반찬/주재료,102000,0.0,0,100.0,g,
[고소비빔면] 동원참치 맛참 고소참기름 135gx2개 + 농심 배홍동 비빔면 548g(137gx4입),참치/연어통조림,통조림,반찬/주재료,8900,0.0,0,135.0,"g, g, g",
[맛참비빔면] 동원참치 맛참 135g 2종(고소/매콤) 각 1개 + 농심 배홍동 비빔면 548g(137gx4입),참치/연어통조림,통조림,반찬/주재료,8900,0.0,0,135.0,"g, g, g",
[고소비빔면] 동원참치 맛참 고소참기름 90gx4개 + 농심 배홍동 비빔면 548g(137gx4입),참치/연어통조림,통조림,반찬/주재료,10900,0.0,0,90.0,"g, g, g",
[동원] 양반 100밥 현미밥 130g x 24개 + 동원맛참 고소참기름 135g x 6캔,참치/연어통조림,통조림,반찬/주재료,34900,0.0,0,130.0,"g, g",
동원참치 DHA 150g x 10캔 + 양반 100밥 현미밥 130g x 12개,참치/연어통조림,통조림,반찬/주재료,33900,0.0,0,150.0,"g, g",
[동원] 동원 참치뱃살 깊은간장맛 135gx3캔,참치/연어통조림,통조림,반찬/주재료,9900,0.0,0,135.0,g,
[2%적립금] 동원 살코기 참치 라이트스탠다드 3kg,참치/연어통조림,통조림,반찬/주재료,28000,0.0,0,3.0,kg,
[2%적립금] 동원 고추참치(덕용) 1880g,참치/연어통조림,통조림,반찬/주재료,24000,0.0,0,1880.0,g,
동원참치 살코기 라이트스탠다드 90gx20캔,참치/연어통조림,통조림,반찬/주재료,32000,0.0,0,90.0,g,
동원참치 살코기 라이트스탠다드 90gx10캔,참치/연어통조림,통조림,반찬/주재료,16500,0.0,0,90.0,g,
[4%적립금] 동원참치 뽀로로 키즈 100g x 60개(1박스),참치/연어통조림,통조림,반찬/주재료,102000,0.0,0,100.0,g,
동원 마일드참치 150gx20캔,참치/연어통조림,통조림,반찬/주재료,50000,0.0,0,150.0,g,
동원참치 스프레드 체다치즈 100gx10캔,참치/연어통조림,통조림,반찬/주재료,20000,0.0,0,100.0,g,
동원참치 튜나페 갈릭마요 129g(스프레드 100g+아이비 29g) x 5개,참치/연어통조림,통조림,반찬/주재료,16400,0.0,0,129.0,"g, g, g",
동원 을지로 골뱅이 & 구운아귀채 300g x 10캔 / 참치액소스,골뱅이/수산통조림,통조림,안주/반찬,62800,0.0,0,300.0,g,
동원 화끈한 골뱅이 400gx2캔,골뱅이/수산통조림,통조림,안주/반찬,18200,0.0,0,400.0,g,
동원 자연산골뱅이 매실청 140gx2캔,골뱅이/수산통조림,통조림,안주/반찬,7400,0.0,0,140.0,g,
동원 화끈한 골뱅이 400gx5캔,골뱅이/수산통조림,통조림,안주/반찬,43900,0.0,0,400.0,g,
동원 화끈한 골뱅이 400g x 10캔,골뱅이/수산통조림,통조림,안주/반찬,84800,0.0,0,400.0,g,
동원 자연산골뱅이탕(얼큰한국물) 300g x 2캔,골뱅이/수산통조림,통조림,안주/반찬,9600,0.0,0,300.0,g,
동원 리챔 프로틴 200g x 6캔,햄/닭가슴살,가공육,반찬/주재료,17400,0.0,0,200.0,g,
동원 리챔 더블라이트 120g x 9캔,햄/닭가슴살,가공육,반찬/주재료,19800,0.0,0,120.0,g,
동원 리챔 순살꼬꼬 200g x 8개 / 닭가슴살햄,햄/닭가슴살,가공육,반찬/주재료,22400,0.0,0,200.0,g,
동원 마이플랜트 오리지널 200g,햄/닭가슴살,가공육,반찬/주재료,4280,0.0,0,200.0,g,
[무적세트] 동원 리챔 DL 120g 6캔+양반죽 야채/전복 각6캔+아이스티 제로 복숭아 6병,햄/닭가슴살,가공육,반찬/주재료,43200,0.0,0,120.0,g,
동원 리챔 프로틴 200g x 9캔,햄/닭가슴살,가공육,반찬/주재료,25600,0.0,0,200.0,g,
동원 미니파인코코 227g,과일/옥수수/팥,통조림,간식/요리재료,2000,0.0,0,227.0,g,
[4%적립금] 동원 양반 캔볶음김치 160g x 96캔,반찬/기타통조림,반찬,반찬,153000,0.0,0,160.0,g,
동원 양반 캔갓김치 160g x 48캔,반찬/기타통조림,반찬,반찬,83000,0.0,0,160.0,g,
동원 양반 캔갓김치 160g x 20캔,반찬/기타통조림,반찬,반찬,36600,0.0,0,160.0,g,
[라밥세트] 동원 양반 오미밥 130g x 4개 + 농심 얼큰한 너구리 5개입,봉지라면,라면,간편식사,10200,0.0,0,130.0,g,
[라밥세트] 동원 양반 현미밥 130g x 4개 + 농심 얼큰한 너구리 5개입,봉지라면,라면,간편식사,9900,0.0,0,130.0,g,
[떡라면] 동원 양반 떡국떡 320g + 농심 신라면 (120g x 5개입),봉지라면,라면,간편식사,7900,0.0,0,320.0,"g, g",
[라밥세트] 동원 양반 흑미밥 130g x 4개 + 농심 얼큰한 너구리 5개입,봉지라면,라면,간편식사,10200,0.0,0,130.0,g,
[라밥세트] 동원 양반 흑미밥 130g x 4개 + 농심 신라면 5개입,봉지라면,라면,간편식사,10100,0.0,0,130.0,g,
[라밥세트] 동원 양반 오미밥 130g x 4개 + 농심 신라면 5개입,봉지라면,라면,간편식사,10100,0.0,0,130.0,g,
[라밥세트] 동원 양반 현미밥 130g x 4개 + 농심 신라면 5개입,봉지라면,라면,간편식사,9800,0.0,0,130.0,g,
비비드그린 비건 카레 180g,카레,소스,요리재료,3600,0.0,0,180.0,g,
비비드그린 비건 짜장 + 비건 카레,카레,소스,요리재료,6900,0.0,0,,,
비비드그린 비건 카레 180g x 2개입,카레,소스,요리재료,6900,0.0,0,180.0,g,
[짜장떡세트] 동원 양반 떡볶이떡 320g + 비비드그린 비건 짜장 180g,짜장,소스,요리재료,6500,0.0,0,320.0,"g, g",
비비드그린 비건 짜장 + 비건 카레,짜장,소스,요리재료,6900,0.0,0,,,
비비드그린 비건 짜장 180g x 2개,짜장,소스,요리재료,6900,0.0,0,180.0,g,
[4%적립금] 동원 양반 진국 사골곰탕 500g x 20개입 x 5박스,국/탕/찌개,즉석조리식품,간편식사,109000,0.0,0,500.0,g,
[4%적립금] 동원 양반 수라 한우 사골곰탕 460g x 20개입 x 5박스,국/탕/찌개,즉석조리식품,간편식사,129000,0.0,0,460.0,g,
[4%적립금] 동원 양반 보양 삼계탕 900g x 15개입 x 3박스,국/탕/찌개,즉석조리식품,간편식사,339000,0.0,0,900.0,g,
[카레떡세트] 동원 양반 떡볶이떡 320g + 비비드그린 비건 카레 180g,떡볶이/떡류,떡류,간식,6500,0.0,0,320.0,"g, g",
동원 양반 떡국떡 700gx5개 / 실온,떡볶이/떡류,떡류,간식,27400,0.0,0,700.0,g,
[4% 적립금] 동원 양반 떡볶이떡 320g x 12개(1박스) / 실온,떡볶이/떡류,떡류,간식,33000,0.0,0,320.0,g,
양반 1등비법 듬뿍 밤단팥죽 285g,죽/스프,즉석조리식품,간편식사,3500,0.0,0,285.0,g,
[4%적립금] 동원 양반 참치죽 287g x 24개입 x 3박스,죽/스프,즉석조리식품,간편식사,102300,0.0,0,287.0,g,
양반 단호박죽 420g x 5개 + 백합죽 420g x 5개,죽/스프,즉석조리식품,간편식사,25000,0.0,0,420.0,"g, g",
동원 양반 밤단팥죽 285g x 12개 + 야채죽 287g x 12개,죽/스프,즉석조리식품,간편식사,37900,0.0,0,285.0,"g, g",
동원 양반 밤단팥죽 285g x 12개 + 영양닭죽 285g x 12개,죽/스프,즉석조리식품,간편식사,40900,0.0,0,285.0,"g, g",
동원 양반 전복죽 287g x 12개 + 밤단팥죽 285g x 12개,죽/스프,즉석조리식품,간편식사,43900,0.0,0,287.0,"g, g",
[4%적립금] 동원 양반 백합죽 420g x 20개입 x 3박스,죽/스프,즉석조리식품,간편식사,123800,0.0,0,420.0,g,
[4%적립금] 동원 양반 참치죽 420g x 20개입 x 3박스,죽/스프,즉석조리식품,간편식사,130000,0.0,0,420.0,g,
[4%적립금] 동원 양반 전통잣죽 285g x 24개입 x 3박스,죽/스프,즉석조리식품,간편식사,134400,0.0,0,285.0,g,
양반 백합죽 420g x 5개 + 양반 참치죽 420g x 5개,죽/스프,즉석조리식품,간편식사,24000,0.0,0,420.0,"g, g",
양반 들깨닭죽 420g x 5개 + 양반 버섯 야채죽 420g x 5개,죽/스프,즉석조리식품,간편식사,25000,0.0,0,420.0,"g, g",
양반 밤단팥죽 420g x 5개 + 양반 참치죽 420g x 5개,죽/스프,즉석조리식품,간편식사,24000,0.0,0,420.0,"g, g",
양반 단호박죽 420g x 5개 + 참치죽 420g x 5개,죽/스프,즉석조리식품,간편식사,24000,0.0,0,420.0,"g, g",
양반 쇠고기죽 420g x 5개 + 들깨닭죽 420g x 5개,죽/스프,즉석조리식품,간편식사,26000,0.0,0,420.0,"g, g",
동원 양반 전복죽 287g x 10개 + 참치죽 285g x 10개,죽/스프,즉석조리식품,간편식사,38600,0.0,0,287.0,"g, g",
동원 양반 쇠고기죽 287g 12개 + 전통잣죽 285g 12개,죽/스프,즉석조리식품,간편식사,45900,0.0,0,287.0,"g, g",
동원 양반 전복죽 287g x 12개 + 참치죽 285g x 12개,죽/스프,즉석조리식품,간편식사,43900,0.0,0,287.0,"g, g",
동원 양반 전복죽 287g x 12개 + 야채죽 287g x 12개,죽/스프,즉석조리식품,간편식사,43900,0.0,0,287.0,"g, g",
동원 양반 전복죽 287g x 12개 + 단호박죽 285g x 12개,죽/스프,즉석조리식품,간편식사,43900,0.0,0,287.0,"g, g",
[무적세트] 동원 리챔 DL 120g 6캔+양반죽 야채/전복 각6캔+아이스티 제로 복숭아 6병,죽/스프,즉석조리식품,간편식사,43200,0.0,0,120.0,g,
양반 깍둑순살 갈비탕 700g,한식,즉석조리식품,메인요리,15900,0.0,0,700.0,g,
[10%적립] 양반 깍둑순살 갈비탕 700g + 차돌박이 육개장 700g + 대구곤이 지리탕 700g,한식,즉석조리식품,메인요리,38900,0.0,0,700.0,"g, g, g",
양반 차돌박이 육개장 700g,한식,즉석조리식품,메인요리,15900,0.0,0,700.0,g,
비비드그린 비건 짜장 180g x 2개,메인요리,즉석조리식품,메인요리,6900,0.0,0,180.0,g,
비비드그린 비건 짜장 180g x 2개,밑반찬,반찬,반찬,6900,0.0,0,180.0,g,
[동원산업] 수산명가 동원 냉장 낙지젓갈 180g,젓갈,젓갈,반찬,13900,0.0,0,180.0,g,
[냉동] 동원 MSC 짜먹는 간편명란 300g(30g x 10ea),젓갈,젓갈,반찬,12900,0.0,0,300.0,"g, g",
[2% 적립금] 동원 쯔유 2kgx6개 ( 1box),간장/고추장/된장/쌈장,장류,조미료,69900,0.0,0,2.0,kg,
동원 쯔유 2kgx3개,간장/고추장/된장/쌈장,장류,조미료,49900,0.0,0,2.0,kg,
동원 쯔유 2kg,간장/고추장/된장/쌈장,장류,조미료,18900,0.0,0,2.0,kg,
[2% 적립금] 동원 쯔유 500gx16개 (1box),간장/고추장/된장/쌈장,장류,조미료,48000,0.0,0,500.0,g,
동원홈푸드 비비드키친 저당 볶음고추장 300g x 4개,간장/고추장/된장/쌈장,장류,조미료,24000,0.0,0,300.0,g,
[4% 적립금] 동원 하루미 소불고기양념 500g15개 (1박스),고기/찌개양념,양념,조미료,45000,0.0,0,500.0,g,
[4% 적립금]동원 하루미 소갈비양념 500gx15개 (1박스),고기/찌개양념,양념,조미료,45000,0.0,0,500.0,g,
[4% 적립금] 동원 하루미 돼지갈비양념 500gx15개 (1박스),고기/찌개양념,양념,조미료,45000,0.0,0,500.0,g,
동원 하루미 돼지갈비양념 500g,고기/찌개양념,양념,조미료,3980,0.0,0,500.0,g,
동원 프리미엄 동원참치액 500g,고춧가루/액젓,양념,조미료,11480,0.0,0,500.0,g,
동원 프리미엄 동원참치액 500gx3개,고춧가루/액젓,양념,조미료,34440,0.0,0,500.0,g,
동원 프리미엄 동원참치액 900g,고춧가루/액젓,양념,조미료,17980,0.0,0,900.0,g,
동원 참치액 진 900gx3개,고춧가루/액젓,양념,조미료,29940,0.0,0,900.0,g,
동원 참치액 진 500gx3개,고춧가루/액젓,양념,조미료,17940,0.0,0,500.0,g,
하루미 불닭로제 떡볶이 양념 4개 + 양반 떡볶이떡 320g,기타양념,양념,조미료,9900,0.0,0,320.0,g,
비비드키친 저칼로리 데리야끼소스 285g x 4개,기타양념,양념,조미료,13600,0.0,0,285.0,g,
동원홈푸드 비비드키친 저당 제육볶음양념 250g x 2개,기타양념,양념,조미료,9900,0.0,0,250.0,g,
동원 하루미 닭볶음탕양념 500g,기타양념,양념,조미료,4480,0.0,0,500.0,g,
동원 참치액 진 240g,동원참치액,소스,조미료,3980,0.0,0,240.0,g,
동원 참치액 진 2kgx3개,동원참치액,소스,조미료,49900,0.0,0,2.0,kg,
동원 참치액 진 240gx3병,동원참치액,소스,조미료,11940,0.0,0,240.0,g,
동원 참치액 순 900gx3개,동원참치액,소스,조미료,27000,0.0,0,900.0,g,
동원 참치액 진 900gx3개,동원참치액,소스,조미료,29940,0.0,0,900.0,g,
동원 참치액 진 500gx3개,동원참치액,소스,조미료,17940,0.0,0,500.0,g,
[4% 적립금] 동원 참치다시 1kgx10개(1박스),분말/액상조미료,조미료,조미료,66000,0.0,0,1.0,kg,
[4%적립금] 동원 참치다시 2kg x 5개 ( 1박스 ),분말/액상조미료,조미료,조미료,65000,0.0,0,2.0,kg,
동원 참치다시 300g,분말/액상조미료,조미료,조미료,6980,0.0,0,300.0,g,
동원 하루미 국물의신 참치링 80g ( 20정),분말/액상조미료,조미료,조미료,6980,0.0,0,80.0,g,
동원 하루미 국물의신 멸치링 80g (20정),분말/액상조미료,조미료,조미료,6980,0.0,0,80.0,g,
[4% 적립금] 동원 참치다시 300gx30개 ( 1박스),분말/액상조미료,조미료,조미료,89000,0.0,0,300.0,g,
동원 참치다시 2kg,분말/액상조미료,조미료,조미료,26980,0.0,0,2.0,kg,
[2+2] 동원 참치액 순 900g,분말/액상조미료,조미료,조미료,25960,0.0,0,900.0,g,
동원 참치액 순 900gx3개,분말/액상조미료,조미료,조미료,27000,0.0,0,900.0,g,
식자재 아울렛 동원홈푸드 파마산블렌드 227g,찹쌀가루/전분/기타가루,가루류,요리재료,7190,0.0,0,227.0,g,
