상품명,3차 카테고리,식품유형,용도,가격,평점,리뷰 수,중량 수치,묶음수량,총중량,10g당 가격
[4%적립금] 동원참치 라이트스탠다드 1.88kg x 6개(1박스),참치/연어통조림,통조림,반찬/주재료,99000,4.5,4,88,6,528000,1.88
[4%적립금] 동원 꽁치 1.8kg x 6개(1박스),고등어/꽁치통조림,통조림,반찬,92400,5,1,8,6,48000,19.25
[4%적립금] 동원 저스트 노슈가 파인애플 425gx48개(2박스),과일/옥수수/팥,통조림,간식/요리재료,95000,5,6,425,96,40800,23.28
[4%적립금] 동원 저스트 노슈가 후르츠칵테일 425gx48개(2박스),과일/옥수수/팥,통조림,간식/요리재료,95000,5,1,425,96,40800,23.28
동원 양반 진국 사골곰탕 500g (1~2인분) x 20개,국/탕/찌개,즉석조리식품,간편식사,26000,4.9,205,500,20,10000,26
동원 양반 진국 사골곰탕 500g (1~2인분) x 3개,국/탕/찌개,즉석조리식품,간편식사,4450,5,28,500,3,1500,29.67
동원 양반 진국 사골곰탕 500g (1~2인분),국/탕/찌개,즉석조리식품,간편식사,1600,4.9,154,500,1,500,32
[4%적립금] 동원 빵가루 1kg x 8개(1박스),부침가루/튀김가루/빵가루,가루류,요리재료,28000,5,10,1,8,8000,35
[4%적립금] 동원 저스트 노슈가 스위트콘 340g x 24캔(1박스),과일/옥수수/팥,통조림,간식/요리재료,29500,5,125,340,24,8160,36.15
동원 양반 진국 사골곰탕 300g (1인분) x 20개,국/탕/찌개,즉석조리식품,간편식사,22900,4.9,40,300,20,6000,38.17
동원 양반 나주식 곰탕 460g (1~2인분) x 20개,국/탕/찌개,즉석조리식품,간편식사,38000,5,29,460,20,9200,41.3
[2%적립금] 동원 지중해 황도 복숭아 820g,과일/옥수수/팥,통조림,간식/요리재료,3400,4.2,6,820,1,820,41.46
동원 지중해 황도 복숭아 820g x 12캔(1박스),과일/옥수수/팥,통조림,간식/요리재료,42000,4.9,38,820,12,9840,42.68
동원 지중해 황도 복숭아 820g x 6캔(1/2박스),과일/옥수수/팥,통조림,간식/요리재료,21000,4.9,8,820,6,4920,42.68
동원 양반 수라 한우사골곰탕 460g (1~2인분) x 20개,국/탕/찌개,즉석조리식품,식사,39600,4.9,637,460,20,9200,43.04
양반 나주식 곰탕 460g (1~2인분) x 10개,국/탕/찌개,즉석조리식품,간편식사,20000,4.9,7,460,10,4600,43.48
동원 저스트 노슈가 스위트콘 340g,과일/옥수수/팥,통조림,간식/요리재료,1480,4.9,118,340,1,340,43.53
동원 지중해 황도 복숭아 820g x 3캔,과일/옥수수/팥,통조림,간식/요리재료,10800,5,15,820,3,2460,43.9
동원 양반 진국 사골곰탕 300g (1인분) x 10개,국/탕/찌개,즉석조리식품,간편식사,13500,5,11,300,10,3000,45
동원 지중해 황도 복숭아 820g,과일/옥수수/팥,통조림,간식/요리재료,3700,4.9,45,820,1,820,45.12
동원 저스트 노슈가 후르츠칵테일 822gx6개,과일/옥수수/팥,통조림,간식/요리재료,22900,5,6,822,6,4932,46.43
양반 나주식 곰탕 460g (1~2인분) x 3개,국/탕/찌개,즉석조리식품,간편식사,6450,4.9,18,460,3,1380,46.74
동원 저스트 노슈가 스위트콘 340g x 12캔,과일/옥수수/팥,통조림,간식/요리재료,19200,4.9,14,340,12,4080,47.06
동원 양반 수라 한우사골곰탕 460g (1~2인분) x 3개,국/탕/찌개,즉석조리식품,간편식사,6540,4.9,11,460,3,1380,47.39
[4%적립금] 동원 고등어 400g x 24개(1박스),고등어/꽁치통조림,통조림,반찬,45900,5,121,400,24,9600,47.81
동원 저스트 노슈가 후르츠칵테일 822g,과일/옥수수/팥,통조림,간식/요리재료,3980,4.9,7,822,1,822,48.42
동원 저스트 노슈가 후르츠칵테일 822g x 2캔,과일/옥수수/팥,통조림,간식/요리재료,7980,5,4,822,2,1644,48.54
동원 지중해 황도 복숭아 820g x 12캔(1박스),과일/옥수수/팥,통조림,간식/요리재료,48000,5,3,820,12,9840,48.78
동원 양반 진국 사골곰탕 300g (1인분) x 3개,국/탕/찌개,즉석조리식품,간편식사,4400,5,5,300,3,900,48.89
양반 나주식 곰탕 460g (1~2인분),국/탕/찌개,즉석조리식품,간편식사,2250,4.8,8,460,1,460,48.91
동원 양반 수라 한우사골곰탕 460g (1~2인분),국/탕/찌개,즉석조리식품,간편식사,2300,4.9,147,460,1,460,50
[4%적립금] 동원 복숭아 백도 400g x 24개(1박스),과일/옥수수/팥,통조림,간식/요리재료,48000,5,47,400,24,9600,50
동원 양반 진국사골곰탕 300g (1인분),국/탕/찌개,즉석조리식품,간편식사,1500,5,25,300,1,300,50
동원 저스트 노슈가 스위트콘 340g x 6캔,과일/옥수수/팥,통조림,간식/요리재료,10200,4.8,21,340,6,2040,50
동원 저스트 노슈가 파인애플 822gx6개,과일/옥수수/팥,통조림,간식/요리재료,26000,5,8,822,6,4932,52.72
동원 Dole 후르츠칵테일 432g x 24캔(1박스),과일/옥수수/팥,통조림,간식/요리재료,55000,5,9,432,24,10368,53.05
동원 Dole 파인애플 432g x 24캔(1박스),과일/옥수수/팥,통조림,간식/요리재료,55000,5,4,432,24,10368,53.05
동원 저스트 노슈가 파인애플 425gx24개(1박스),과일/옥수수/팥,통조림,간식/요리재료,55000,4.9,7,425,24,10200,53.92
동원 저스트 노슈가 후르츠칵테일 425gx24개(1박스),과일/옥수수/팥,통조림,간식/요리재료,55000,5,3,425,24,10200,53.92
동원 고등어 400g x 12캔,고등어/꽁치통조림,통조림,반찬,26000,4.9,135,400,12,4800,54.17
동원 복숭아 백도 400g x 12캔(1/2박스),과일/옥수수/팥,통조림,간식/요리재료,26000,4.9,122,400,12,4800,54.17
[4%적립금] 동원 저스트 노슈가 황도 슬라이스 400g x 24캔(1박스),과일/옥수수/팥,통조림,간식/요리재료,52000,4.9,8,400,24,9600,54.17
[4%적립금] 동원 저스트 노슈가 황도 2절 400g x 24캔(1박스),과일/옥수수/팥,통조림,간식/요리재료,52000,5,1,400,24,9600,54.17
동원 양반 단호박죽 420g x 20개,죽/스프,즉석조리식품,간편식사,45550,5,74,420,20,8400,54.23
동원 양반 참치죽 420g x 20개,죽/스프,즉석조리식품,간편식사,45900,5,3,420,20,8400,54.64
동원 양반 야채죽 287g x 24개,죽/스프,즉석조리식품,간편식사,37900,5,214,287,24,6888,55.02
동원 양반 참치죽 287g x 24개,죽/스프,즉석조리식품,간편식사,37900,4.9,70,287,24,6888,55.02
동원 양반 밤단팥죽 285g x 24개,죽/스프,즉석조리식품,간편식사,37900,4.9,327,285,24,6840,55.41
동원 양반 단호박죽 285g x 24개,죽/스프,즉석조리식품,간편식사,37900,4.9,168,285,24,6840,55.41
동원 고등어 400g x 9캔,고등어/꽁치통조림,통조림,반찬,20000,5,122,400,9,3600,55.56
동원 요리 올리고당 700ml,올리고당/물엿/조청/꿀,당류,요리재료,3900,5,3,700,1,700,55.71
동원 양반 쇠고기죽 420g x 20개,죽/스프,즉석조리식품,간편식사,46900,5,23,420,20,8400,55.83
동원 양반 백합죽 420g x 20개,죽/스프,즉석조리식품,간편식사,46900,5,12,420,20,8400,55.83
동원 양반 밤단팥죽 420g x 20개,죽/스프,즉석조리식품,간편식사,46900,5,12,420,20,8400,55.83
동원 양반 버섯 야채죽 420g x 20개,죽/스프,즉석조리식품,간편식사,46900,4,10,420,20,8400,55.83
동원 양반 단호박죽 420g x 10개,죽/스프,즉석조리식품,간편식사,23900,4.9,147,420,10,4200,56.9
동원 양반 밤단팥죽 420g x 10개,죽/스프,즉석조리식품,간편식사,23900,5,129,420,10,4200,56.9
동원 양반 쇠고기죽 420g x 10개,죽/스프,즉석조리식품,간편식사,23900,5,114,420,10,4200,56.9
동원 양반 버섯 야채죽 420g x 10개,죽/스프,즉석조리식품,간편식사,23900,4.9,56,420,10,4200,56.9
동원 양반 백합죽 420g x 10개,죽/스프,즉석조리식품,간편식사,23900,5,49,420,10,4200,56.9
동원 지중해 황도 복숭아 820g x 3캔,과일/옥수수/팥,통조림,간식/요리재료,14100,5,4,820,3,2460,57.32
동원 고등어 400g x 6캔,고등어/꽁치통조림,통조림,반찬,13800,4.8,101,400,6,2400,57.5
동원 양반 참치죽 287g x 12개,죽/스프,즉석조리식품,간편식사,19900,5,35,287,12,3444,57.78
동원 양반 야채죽 287g x 12개,죽/스프,즉석조리식품,간편식사,19900,5,31,287,12,3444,57.78
동원 Dole 후르츠칵테일 432g x 12캔(1/2박스),과일/옥수수/팥,통조림,간식/요리재료,30000,4.8,21,432,12,5184,57.87
동원 Dole 파인애플 432g x 12캔(1/2박스),과일/옥수수/팥,통조림,간식/요리재료,30000,4.6,5,432,12,5184,57.87
동원 양반 단호박죽 285g x 12개,죽/스프,즉석조리식품,간편식사,19900,4.9,99,285,12,3420,58.19
[2% 적립금] 동원 참치액 진 2kgx6개 ( 1box),동원참치액,소스,조미료,69900,5,1,2,6,12000,58.25
[2% 적립금] 동원 쯔유 2kgx6개 ( 1box),간장/고추장/된장/쌈장,장류,조미료,69900,0,0,2,6,12000,58.25
동원 복숭아 백도 400g x 6캔,과일/옥수수/팥,통조림,간식/요리재료,14000,5,2,400,6,2400,58.33
동원 저스트 노슈가 후르츠칵테일 425gx12개,과일/옥수수/팥,통조림,간식/요리재료,30000,5,1,425,12,5100,58.82
동원 양반 참치죽 420g x 10개,죽/스프,즉석조리식품,간편식사,24900,4.9,16,420,10,4200,59.29
동원 고등어 400g x 5캔,고등어/꽁치통조림,통조림,반찬,12000,4.8,46,400,5,2000,60
[2% 적립금] 동원 쯔유 500gx16개 (1box),간장/고추장/된장/쌈장,장류,조미료,48000,0,0,500,16,8000,60
[4% 적립금] 동원 하루미 소불고기양념 500g15개 (1박스),고기/찌개양념,양념,조미료,45000,0,0,500,15,7500,60
[4% 적립금]동원 하루미 소갈비양념 500gx15개 (1박스),고기/찌개양념,양념,조미료,45000,0,0,500,15,7500,60
[4% 적립금] 동원 하루미 돼지갈비양념 500gx15개 (1박스),고기/찌개양념,양념,조미료,45000,0,0,500,15,7500,60
동원 양반 전복죽 420g x 20개,죽/스프,즉석조리식품,간편식사,51000,4.9,34,420,20,8400,60.71
동원 양반 들깨닭죽 420g x 20개,죽/스프,즉석조리식품,간편식사,51000,5,2,420,20,8400,60.71
동원 Dole 후르츠칵테일 432g x 6캔,과일/옥수수/팥,통조림,간식/요리재료,16000,4.9,10,432,6,2592,61.73
동원 Dole 파인애플 432g x 6캔,과일/옥수수/팥,통조림,간식/요리재료,16000,4.5,2,432,6,2592,61.73
동원 고등어 400g x 3캔,고등어/꽁치통조림,통조림,반찬,7500,4.8,70,400,3,1200,62.5
동원 Dole 파인애플 432g x 3캔,과일/옥수수/팥,통조림,간식/요리재료,8100,4.7,19,432,3,1296,62.5
동원 Dole 후르츠칵테일 432g x 3캔,과일/옥수수/팥,통조림,간식/요리재료,8100,4.7,12,432,3,1296,62.5
동원 양반 영양닭죽 285g x 24개,죽/스프,즉석조리식품,간편식사,42900,4.9,76,285,24,6840,62.72
[4% 적립금] 동원 양반 떡국떡 700gx10개(1박스) / 실온,떡볶이/떡류,떡류,간식,44000,5,2,700,10,7000,62.86
동원 양반 참치죽 285g x 4개,죽/스프,즉석조리식품,간편식사,7200,4.8,46,285,4,1140,63.16
동원 저스트 노슈가 황도 슬라이스 400g,과일/옥수수/팥,통조림,간식/요리재료,2580,4.6,30,400,1,400,64.5
동원 저스트 노슈가 황도 2절 400g,과일/옥수수/팥,통조림,간식/요리재료,2580,4.8,12,400,1,400,64.5
동원 Dole 파인애플 432g,과일/옥수수/팥,통조림,간식/요리재료,2800,4.9,226,432,1,432,64.81
동원 Dole 후르츠칵테일 432g,과일/옥수수/팥,통조림,간식/요리재료,2800,4.8,198,432,1,432,64.81
동원 양반 밤단팥죽 420g x 4개,죽/스프,즉석조리식품,간편식사,10900,4.9,123,420,4,1680,64.88
동원 양반 단호박죽 420g x 4개,죽/스프,즉석조리식품,간편식사,10900,4.8,103,420,4,1680,64.88
동원 양반 버섯 야채죽 420g x 4개,죽/스프,즉석조리식품,간편식사,10900,4.9,50,420,4,1680,64.88
동원 양반 참치죽 420g x 4개,죽/스프,즉석조리식품,간편식사,10900,5,15,420,4,1680,64.88
동원 저스트 노슈가 황도 2절 400g x 12캔,과일/옥수수/팥,통조림,간식/요리재료,31200,4.7,3,400,12,4800,65
[4%적립금] 동원 참치다시 2kg x 5개 ( 1박스 ),분말/액상조미료,조미료,조미료,65000,0,0,2,5,10000,65
동원 미니파인애플 234g x 24캔(1박스),과일/옥수수/팥,통조림,간식/요리재료,37000,5,53,234,24,5616,65.88
[4% 적립금] 동원 참치다시 1kgx10개(1박스),분말/액상조미료,조미료,조미료,66000,0,0,1,10,10000,66
동원 양반 쇠고기죽 287g x 4개,죽/스프,즉석조리식품,간편식사,7600,4.9,105,287,4,1148,66.2
동원 저스트 노슈가 파인애플 425gx12개,과일/옥수수/팥,통조림,간식/요리재료,33900,5,7,425,12,5100,66.47
동원 양반 밤단팥죽 285g x 4개,죽/스프,즉석조리식품,간편식사,7600,4.9,103,285,4,1140,66.67
동원 양반 단호박죽 285g x 4개,죽/스프,즉석조리식품,간편식사,7600,4.9,80,285,4,1140,66.67
동원 양반 영양닭죽 285g x 4개,죽/스프,즉석조리식품,간편식사,7600,4.9,71,285,4,1140,66.67
동원 저스트 노슈가 파인애플 822g,과일/옥수수/팥,통조림,간식/요리재료,5480,4.9,10,822,1,822,66.67
동원 저스트 노슈가 황도 슬라이스 400g x 6캔,과일/옥수수/팥,통조림,간식/요리재료,16200,4.5,10,400,6,2400,67.5
동원 저스트 노슈가 황도 2절 400g x 6캔,과일/옥수수/팥,통조림,간식/요리재료,16200,4.7,3,400,6,2400,67.5
동원 미니파인코코 227g x 24캔(1박스),과일/옥수수/팥,통조림,간식/요리재료,37000,5,7,227,24,5448,67.91
[4%적립금] 동원 런천미트 340g x 24개(1박스),햄/닭가슴살,가공육,반찬/주재료,56000,5,14,340,24,8160,68.63
동원 저스트 노슈가 파인애플 425gx6개,과일/옥수수/팥,통조림,간식/요리재료,17500,5,3,425,6,2550,68.63
동원 저스트 노슈가 후르츠칵테일 425gx6개,과일/옥수수/팥,통조림,간식/요리재료,17500,5,1,425,6,2550,68.63
동원 양반 들깨닭죽 420g x 10개,죽/스프,즉석조리식품,간편식사,28900,4.9,29,420,10,4200,68.81
양반 영양닭죽 285g x 5개,죽/스프,즉석조리식품,간편식사,9900,5,3,285,5,1425,69.47
동원 복숭아 백도 400g,과일/옥수수/팥,통조림,간식/요리재료,2800,4.9,67,400,1,400,70
동원 복숭아 백도 400g x 3캔,과일/옥수수/팥,통조림,간식/요리재료,8400,4.8,44,400,3,1200,70
동원 고등어 300g x 9캔,고등어/꽁치통조림,통조림,반찬,18900,5,15,300,9,2700,70
동원 저스트 노슈가 파인애플 425g,과일/옥수수/팥,통조림,간식/요리재료,2980,4.8,28,425,1,425,70.12
동원 저스트 노슈가 후르츠칵테일 425g,과일/옥수수/팥,통조림,간식/요리재료,2980,4.9,16,425,1,425,70.12
동원 저스트 노슈가 황도 슬라이스 400g x 12캔,과일/옥수수/팥,통조림,간식/요리재료,33900,3.8,4,400,12,4800,70.62
동원 양반 쇠고기죽 420g x 4개,죽/스프,즉석조리식품,간편식사,11900,4.9,55,420,4,1680,70.83
동원 양반 백합죽 420g x 4개,죽/스프,즉석조리식품,간편식사,11900,5,37,420,4,1680,70.83
동원 양반 전복죽 287g x 24개,죽/스프,즉석조리식품,간편식사,48900,4.9,425,287,24,6888,70.99
동원 미니파인애플 234g x 12캔(1/2박스),과일/옥수수/팥,통조림,간식/요리재료,20000,5,15,234,12,2808,71.23
[1+1] 동원 참치액 진 900g,고춧가루/액젓,양념,조미료,12980,4.9,40,900,2,1800,72.11
[2+2] 동원 참치액 진 900g,고춧가루/액젓,양념,조미료,25960,5,7,900,4,3600,72.11
[1+1] 동원 참치액 순 900g,분말/액상조미료,조미료,조미료,12980,4.7,3,900,2,1800,72.11
[2+2] 동원 참치액 순 900g,분말/액상조미료,조미료,조미료,25960,0,0,900,4,3600,72.11
동원 양반 전통잣죽 285g x 24개,죽/스프,즉석조리식품,간편식사,49800,4.9,81,285,24,6840,72.81
동원 양반 야채죽 287g,죽/스프,즉석조리식품,간편식사,2100,4.9,48,287,1,287,73.17
동원 양반 참치죽 287g,죽/스프,즉석조리식품,간편식사,2100,5,28,287,1,287,73.17
동원 양반 단호박죽 285g,죽/스프,즉석조리식품,간편식사,2100,4.9,56,285,1,285,73.68
동원 양반 전복죽 287g x 4개,죽/스프,즉석조리식품,간편식사,8600,4.9,136,287,4,1148,74.91
동원 양반 전통잣죽 285g x 4개,죽/스프,즉석조리식품,간편식사,8600,4.8,39,285,4,1140,75.44
동원 양반 단호박죽 420g,죽/스프,즉석조리식품,간편식사,3200,4.9,71,420,1,420,76.19
동원 양반 밤단팥죽 420g,죽/스프,즉석조리식품,간편식사,3200,4.9,45,420,1,420,76.19
동원 양반 버섯 야채죽 420g,죽/스프,즉석조리식품,간편식사,3200,4.9,36,420,1,420,76.19
동원 양반 참치죽 420g,죽/스프,즉석조리식품,간편식사,3200,4.8,22,420,1,420,76.19
[1+1]동원 참치다시 2kg,분말/액상조미료,조미료,조미료,30480,5,3,2,2,4000,76.2
동원 양반 쇠고기죽 287g,죽/스프,즉석조리식품,간편식사,2200,5,77,287,1,287,76.66
동원 고등어 300g x 3캔,고등어/꽁치통조림,통조림,반찬,6900,4.8,54,300,3,900,76.67
동원 고등어 300g x 5캔,고등어/꽁치통조림,통조림,반찬,11500,4.9,46,300,5,1500,76.67
동원 양반 들깨닭죽 420g x 4개,죽/스프,즉석조리식품,간편식사,12900,4.9,129,420,4,1680,76.79
동원 양반 밤단팥죽 285g,죽/스프,즉석조리식품,간편식사,2200,4.9,54,285,1,285,77.19
동원 양반 영양닭죽 285g,죽/스프,즉석조리식품,간편식사,2200,4.9,18,285,1,285,77.19
하루미 불닭로제 떡볶이 양념 4개 + 양반 떡볶이떡 320g,기타양념,양념,조미료,9900,0,0,320,4,1280,77.34
동원 양반 떡국떡 700gx5개 / 실온,떡볶이/떡류,떡류,간식,27400,0,0,700,5,3500,78.29
동원 미니파인애플 234g x 6캔,과일/옥수수/팥,통조림,간식/요리재료,11000,5,5,234,6,1404,78.35
동원 양반 쇠고기죽 420g,죽/스프,즉석조리식품,간편식사,3300,4.9,70,420,1,420,78.57
동원 양반 백합죽 420g,죽/스프,즉석조리식품,간편식사,3300,4.8,17,420,1,420,78.57
동원 미니파인코코 227g x 12캔(1/2박스),과일/옥수수/팥,통조림,간식/요리재료,21500,5,4,227,12,2724,78.93
동원 하루미 소불고기양념 500g,고기/찌개양념,양념,조미료,3980,5,3,500,1,500,79.6
동원 하루미 돼지불고기양념 500g,고기/찌개양념,양념,조미료,3980,5,3,500,1,500,79.6
동원 하루미 소갈비양념 500g,고기/찌개양념,양념,조미료,3980,5,1,500,1,500,79.6
동원 하루미 돼지갈비양념 500g,고기/찌개양념,양념,조미료,3980,0,0,500,1,500,79.6
[1+1] 동원 참치액 진 500g,고춧가루/액젓,양념,조미료,7980,5,38,500,2,1000,79.8
[2+2] 동원 참치액 진 500g,고춧가루/액젓,양념,조미료,15960,5,8,500,4,2000,79.8
[1+1] 동원 참치액 순 500g,고춧가루/액젓,양념,조미료,7980,5,5,500,2,1000,79.8
[2+2] 동원 참치액 순 500g,고춧가루/액젓,양념,조미료,15960,5,1,500,4,2000,79.8
동원 고등어 400g,고등어/꽁치통조림,통조림,반찬,3200,4.9,172,400,1,400,80
[4%적립금] 동원 번데기 130gx48캔(1박스),골뱅이/수산통조림,통조림,안주/반찬,50000,4.7,13,130,48,6240,80.13
동원 미니파인코코 227g x 6캔,과일/옥수수/팥,통조림,간식/요리재료,11000,5,1,227,6,1362,80.76
동원 양반 전복죽 420g,죽/스프,즉석조리식품,간편식사,3400,4.9,53,420,1,420,80.95
동원 양반 들깨닭죽 420g,죽/스프,즉석조리식품,간편식사,3400,4.7,29,420,1,420,80.95
동원 미니파인애플 234g x 3캔,과일/옥수수/팥,통조림,간식/요리재료,5700,4.9,34,234,3,702,81.2
양반 1등비법 듬뿍 밤단팥죽 285g x 6개,죽/스프,즉석조리식품,간편식사,13900,5,1,285,6,1710,81.29
동원 양반 떡국떡 700gx2개 / 실온,떡볶이/떡류,떡류,간식,11500,5,4,700,2,1400,82.14
[4%적립금] 동원 자연산꽁치 400g x 24개(1박스),고등어/꽁치통조림,통조림,반찬,79000,5,126,400,24,9600,82.29
[1+1]동원 참치액 진 240g,동원참치액,소스,조미료,3980,4.9,80,240,2,480,82.92
동원 쯔유 2kgx3개,간장/고추장/된장/쌈장,장류,조미료,49900,0,0,2,3,6000,83.17
동원 참치액 진 2kgx3개,동원참치액,소스,조미료,49900,0,0,2,3,6000,83.17
동원 미니파인코코 227g x 3캔,과일/옥수수/팥,통조림,간식/요리재료,5700,4,2,227,3,681,83.7
동원 양반 차돌 육개장 460g (1~2인분) x 5개,국/탕/찌개,즉석조리식품,간편식사,19300,4.9,98,460,5,2300,83.91
동원 양반 진국 소고기무국 460g (1~2인분) x 5개,국/탕/찌개,즉석조리식품,간편식사,19300,4.9,60,460,5,2300,83.91
동원 양반 소고기 미역국 460g (1~2인분) x 5개,국/탕/찌개,즉석조리식품,간편식사,19300,4.9,54,460,5,2300,83.91
동원 양반 백합 미역국 460g (1~2인분) x 5개,국/탕/찌개,즉석조리식품,간편식사,19300,4.8,41,460,5,2300,83.91
동원 양반 백합우거지된장국 460g (1~2인분) x 5개,국/탕/찌개,즉석조리식품,간편식사,19300,4.7,38,460,5,2300,83.91
동원 양반 한우사골시래기국 460g (1~2인분) x 5개,국/탕/찌개,즉석조리식품,간편식사,19300,4.8,21,460,5,2300,83.91
[2%적립금] 동원 꽁치 1880g,고등어/꽁치통조림,통조림,반찬,16000,5,1,1880,1,1880,85.11
동원 양반 떡국떡 700g / 실온,떡볶이/떡류,떡류,간식,5980,4.8,4,700,1,700,85.43
동원 미니파인애플 234g,과일/옥수수/팥,통조림,간식/요리재료,2000,4.6,14,234,1,234,85.47
[4% 적립금] 동원 양반 떡국떡 320g x 12개(1박스) / 실온,떡볶이/떡류,떡류,간식,33000,5,1,320,12,3840,85.94
[4% 적립금] 동원 양반 떡볶이떡 320g x 12개(1박스) / 실온,떡볶이/떡류,떡류,간식,33000,0,0,320,12,3840,85.94
동원 양반 소고기 미역국 460g (1~2인분) x 3개,국/탕/찌개,즉석조리식품,간편식사,12000,4.9,101,460,3,1380,86.96
동원 양반 백합우거지된장국 460g (1~2인분) x 3개,국/탕/찌개,즉석조리식품,간편식사,12000,4.8,80,460,3,1380,86.96
동원 양반 진국 소고기무국 460g (1~2인분) x 3개,국/탕/찌개,즉석조리식품,간편식사,12000,4.7,41,460,3,1380,86.96
동원 양반 한우사골시래기국 460g x (1~2인분) 3개,국/탕/찌개,즉석조리식품,간편식사,12000,5,10,460,3,1380,86.96
동원 양반 전복죽 287g,죽/스프,즉석조리식품,간편식사,2500,4.9,111,287,1,287,87.11
동원 양반 전통잣죽 285g,죽/스프,즉석조리식품,간편식사,2500,4.7,10,285,1,285,87.72
동원 미니파인코코 227g,과일/옥수수/팥,통조림,간식/요리재료,2000,0,0,227,1,227,88.11
동원 하루미 닭볶음탕양념 500g,기타양념,양념,조미료,4480,0,0,500,1,500,89.6
동원 런천미트 340g x 10캔,햄/닭가슴살,가공육,반찬/주재료,30900,5,9,340,10,3400,90.88
양반 1등비법 듬뿍 밤단팥죽 285g x 3개,죽/스프,즉석조리식품,간편식사,7900,5,1,285,3,855,92.4
동원 자연산꽁치 400g x 12캔,고등어/꽁치통조림,통조림,반찬,44400,5,167,400,12,4800,92.5
동원 고등어 300g,고등어/꽁치통조림,통조림,반찬,2800,4.9,21,300,1,300,93.33
[2%적립금] 동원 살코기 참치 라이트스탠다드 3kg,참치/연어통조림,통조림,반찬/주재료,28000,0,0,3,1,3000,93.33
동원 양반 차돌 육개장 460g (1~2인분),국/탕/찌개,즉석조리식품,간편식사,4300,4.8,206,460,1,460,93.48
동원 양반 한우사골시래기국 460g (1~2인분),국/탕/찌개,즉석조리식품,간편식사,4300,4.9,110,460,1,460,93.48
동원 양반 진국 소고기무국 460g (1~2인분),국/탕/찌개,즉석조리식품,간편식사,4300,4.9,104,460,1,460,93.48
동원 양반 백합 미역국 460g (1~2인분),국/탕/찌개,즉석조리식품,간편식사,4300,4.9,81,460,1,460,93.48
동원 양반 소고기 미역국 460g (1~2인분),국/탕/찌개,즉석조리식품,간편식사,4300,5,73,460,1,460,93.48
동원 양반 백합우거지된장국 460g (1~2인분),국/탕/찌개,즉석조리식품,간편식사,4300,4.8,41,460,1,460,93.48
동원 떡볶이의신 우리쌀 국물떡볶이 422g(2인) x 5개,떡볶이/떡류,떡류,간식,19900,5,7,422,5,2110,94.31
동원 참치액 진 2kg,동원참치액,소스,조미료,18900,5,1,2,1,2000,94.5
동원 쯔유 2kg,간장/고추장/된장/쌈장,장류,조미료,18900,0,0,2,1,2000,94.5
동원 런천미트 340g x 4캔,햄/닭가슴살,가공육,반찬/주재료,12900,4.8,4,340,4,1360,94.85
동원 양반 수라 한우사골설렁탕 460g (1~2인분) x 10개,국/탕/찌개,즉석조리식품,간편식사,44000,5,9,460,10,4600,95.65
동원 번데기 130gx24캔(1/2박스),골뱅이/수산통조림,통조림,안주/반찬,30000,4.7,7,130,24,3120,96.15
[4%적립금] 동원 고추참치(덕용) 1880gx6개 ( 박스 ),참치/연어통조림,통조림,반찬/주재료,109000,5,1,1880,6,11280,96.63
동원 자연산꽁치 400g x 9캔,고등어/꽁치통조림,통조림,반찬,35100,4.9,33,400,9,3600,97.5
동원 번데기 130gx12캔,골뱅이/수산통조림,통조림,안주/반찬,15400,4.9,14,130,12,1560,98.72
[4% 적립금] 동원 참치다시 300gx30개 ( 1박스),분말/액상조미료,조미료,조미료,89000,0,0,300,30,9000,98.89
[동원] 동원 쯔유 500gx3개,간장/고추장/된장/쌈장,장류,조미료,14900,5,3,500,3,1500,99.33
동원 양반 수라 도가니설렁탕 460g (1~2인분) x 5개,국/탕/찌개,즉석조리식품,간편식사,22900,4.9,168,460,5,2300,99.57
[4%적립금] 동원 양반 캔볶음김치 160g x 96캔,반찬/기타통조림,반찬,반찬,153000,0,0,160,96,15360,99.61
[1+1]동원 참치다시 1kg,분말/액상조미료,조미료,조미료,19980,5,1,1,2,2000,99.9
동원 참치액 순 900gx3개,동원참치액,소스,조미료,27000,0,0,900,3,2700,100
동원 참치액 순 900gx3개,분말/액상조미료,조미료,조미료,27000,0,0,900,3,2700,100
[2%적립금] 동원참치 라이트스탠다드 1880g,참치/연어통조림,통조림,반찬/주재료,19000,4.9,63,1880,1,1880,101.06
동원 양반 보양 삼계탕 900g (1~2인분) x 5개,국/탕/찌개,즉석조리식품,간편식사,45500,5,21,900,5,4500,101.11
동원 양반 캔볶음김치 160g x 48캔,반찬/기타통조림,반찬,반찬,78000,5,3,160,48,7680,101.56
동원 양반 캔김치 160g x 48캔,반찬/기타통조림,반찬,반찬,78000,5,1,160,48,7680,101.56
동원 자연산꽁치 400g x 5캔,고등어/꽁치통조림,통조림,반찬,20500,4.9,159,400,5,2000,102.5
[동원] 미니 파인애플 234g x 5,과일/옥수수/팥,통조림,간식/요리재료,12000,5,1,234,5,1170,102.56
동원 런천미트 340g,햄/닭가슴살,가공육,반찬/주재료,3500,4.9,27,340,1,340,102.94
동원 양반 수라 왕갈비탕 460g (1~2인분) x 5개,국/탕/찌개,즉석조리식품,간편식사,23900,4.9,82,460,5,2300,103.91
동원 양반 수라 차돌육개장 460g (1~2인분) x 5개,국/탕/찌개,즉석조리식품,간편식사,24000,4.9,58,460,5,2300,104.35
동원 양반 수라 부대찌개 460g (1~2인분) x 5개,국/탕/찌개,즉석조리식품,간편식사,24000,4.8,44,460,5,2300,104.35
동원 양반 수라 돼지고기 김치찌개 460g (1~2인분) x 5개,국/탕/찌개,즉석조리식품,간편식사,24000,4.9,16,460,5,2300,104.35
동원 양반 수라 한우사골설렁탕 460g (1~2인분) x 5개,국/탕/찌개,즉석조리식품,간편식사,24000,5,15,460,5,2300,104.35
동원 양반 수라 차돌된장찌개 460g (1~2인분) x 5개,국/탕/찌개,즉석조리식품,간편식사,24000,4.1,7,460,5,2300,104.35
동원 런천미트 200g x 10캔,햄/닭가슴살,가공육,반찬/주재료,20900,5,16,200,10,2000,104.5
동원 양반 보양 삼계탕 900g (1~2인분) x 3개,국/탕/찌개,즉석조리식품,간편식사,28400,4.8,95,900,3,2700,105.19
동원 떡볶이의신 우리쌀 국물떡볶이 422g(2인) x 2개,떡볶이/떡류,떡류,간식,8900,4.8,17,422,2,844,105.45
동원 양반 수라 통다리 닭볶음탕 490g (1~2인분) x 5개,국/탕/찌개,즉석조리식품,간편식사,25900,4.8,12,490,5,2450,105.71
동원 양반 수라 왕갈비탕 460g (1~2인분) x 3개,국/탕/찌개,즉석조리식품,간편식사,14600,4.8,92,460,3,1380,105.8
동원 양반 수라 도가니설렁탕 460g (1~2인분) x 3개,국/탕/찌개,즉석조리식품,간편식사,14600,4.9,24,460,3,1380,105.8
동원 번데기 130gx6캔,골뱅이/수산통조림,통조림,안주/반찬,8300,4.9,15,130,6,780,106.41
동원 양반 수라 왕갈비탕 460g (1~2인분),국/탕/찌개,즉석조리식품,간편식사,4900,4.7,159,460,1,460,106.52
동원 양반 수라 도가니설렁탕 460g (1~2인분),국/탕/찌개,즉석조리식품,간편식사,4900,4.8,12,460,1,460,106.52
동원 자연산꽁치 400g x 6캔,고등어/꽁치통조림,통조림,반찬,25800,5,116,400,6,2400,107.5
동원 번데기 130gx3캔,골뱅이/수산통조림,통조림,안주/반찬,4200,4.9,37,130,3,390,107.69
동원 양반 캔갓김치 160g x 48캔,반찬/기타통조림,반찬,반찬,83000,0,0,160,48,7680,108.07
동원 양반 수라 통다리 닭볶음탕 490g (1~2인분) x 3개,국/탕/찌개,즉석조리식품,간편식사,15900,4.7,6,490,3,1470,108.16
동원 자연산꽁치 400g x 3캔,고등어/꽁치통조림,통조림,반찬,13000,4.9,271,400,3,1200,108.33
동원 양반 수라 부대찌개 460g (1~2인분) x 3개,국/탕/찌개,즉석조리식품,간편식사,15000,4.8,70,460,3,1380,108.7
동원 양반 수라 한우사골설렁탕 460g (1~2인분) x 3개,국/탕/찌개,즉석조리식품,간편식사,15000,4.9,50,460,3,1380,108.7
동원 양반 수라 차돌육개장 460g (1~2인분) x 3개,국/탕/찌개,즉석조리식품,간편식사,15000,4.9,49,460,3,1380,108.7
동원 양반 수라 돼지고기 김치찌개 460g (1~2인분) x 3개,국/탕/찌개,즉석조리식품,간편식사,15000,4.8,16,460,3,1380,108.7
동원 양반 수라 차돌된장찌개 460g (1~2인분) x 3개,국/탕/찌개,즉석조리식품,간편식사,15000,5,11,460,3,1380,108.7
동원 양반 보양 삼계탕 900g (1~2인분),국/탕/찌개,즉석조리식품,간편식사,9980,4.8,15,900,1,900,110.89
동원 참치액 진 900g,고춧가루/액젓,양념,조미료,9980,5,8,900,1,900,110.89
동원 참치액 진 900g,동원참치액,소스,조미료,9980,5,8,900,1,900,110.89
동원 참치액 순 900g,동원참치액,소스,조미료,9980,5,7,900,1,900,110.89
동원 참치액 순 900g,분말/액상조미료,조미료,조미료,9980,5,7,900,1,900,110.89
동원 참치액 진 900gx3개,고춧가루/액젓,양념,조미료,29940,0,0,900,3,2700,110.89
동원 참치액 진 900gx3개,동원참치액,소스,조미료,29940,0,0,900,3,2700,110.89
동원 런천미트 200g x 4캔,햄/닭가슴살,가공육,반찬/주재료,8900,5,7,200,4,800,111.25
동원 떡볶이의신 짜장떡볶이 385g (2인분) x 3개,떡볶이/떡류,떡류,간식,12900,5,2,385,3,1155,111.69
동원 양반 수라 통다리 삼계탕 460g (1~2인분) x 5개,국/탕/찌개,즉석조리식품,간편식사,25900,5,73,460,5,2300,112.61
동원 번데기 130g,골뱅이/수산통조림,통조림,안주/반찬,1480,4.9,19,130,1,130,113.85
동원 양반 캔볶음김치 160g x 20캔,반찬/기타통조림,반찬,반찬,36600,5,32,160,20,3200,114.38
동원 양반 캔김치 160g x 20캔,반찬/기타통조림,반찬,반찬,36600,5,17,160,20,3200,114.38
동원 양반 캔갓김치 160g x 20캔,반찬/기타통조림,반찬,반찬,36600,0,0,160,20,3200,114.38
동원 양반 수라 통다리 삼계탕 460g (1~2인분) x 3개,국/탕/찌개,즉석조리식품,간편식사,15900,4.9,112,460,3,1380,115.22
동원 양반 캔볶음김치 160g x 10캔,반찬/기타통조림,반찬,반찬,18500,4.9,56,160,10,1600,115.62
동원 양반 캔김치 160g x 10캔,반찬/기타통조림,반찬,반찬,18500,4.6,44,160,10,1600,115.62
동원 양반 캔갓김치 160g x 10캔,반찬/기타통조림,반찬,반찬,18500,4.6,7,160,10,1600,115.62
[4%적립금] 동원 리챔 순닭가슴살 135g x 48개(1박스),햄/닭가슴살,가공육,반찬/주재료,75000,5,140,135,48,6480,115.74
동원 자연산꽁치 300g x 12캔,고등어/꽁치통조림,통조림,반찬,42000,5,16,300,12,3600,116.67
동원 떡볶이의신 우리쌀 국물떡볶이 422g(2인),떡볶이/떡류,떡류,간식,4980,4.9,13,422,1,422,118.01
동원 양반 캔볶음김치 160g x 5캔,반찬/기타통조림,반찬,반찬,9500,4.9,39,160,5,800,118.75
동원 양반 캔김치 160g x 5캔,반찬/기타통조림,반찬,반찬,9500,5,16,160,5,800,118.75
동원 양반 캔갓김치 160g x 5캔,반찬/기타통조림,반찬,반찬,9500,4.9,10,160,5,800,118.75
비비드키친 저칼로리 데리야끼소스 285g x 4개,기타양념,양념,조미료,13600,0,0,285,4,1140,119.3
동원 양반 수라 부대찌개 460g (1~2인분),국/탕/찌개,즉석조리식품,간편식사,5500,4.8,100,460,1,460,119.57
동원 양반 수라 한우사골설렁탕 460g (1~2인분),국/탕/찌개,즉석조리식품,간편식사,5500,4.8,37,460,1,460,119.57
동원 양반 수라 차돌육개장 460g (1~2인분),국/탕/찌개,즉석조리식품,간편식사,5500,4.7,33,460,1,460,119.57
동원 양반 수라 차돌된장찌개 460g (1~2인분),국/탕/찌개,즉석조리식품,간편식사,5500,4.9,11,460,1,460,119.57
동원 참치액 순 500gx3개,고춧가루/액젓,양념,조미료,17940,4.9,8,500,3,1500,119.6
동원 참치액 순 500gx3개,동원참치액,소스,조미료,17940,4.9,8,500,3,1500,119.6
동원 참치액 진 500g,고춧가루/액젓,양념,조미료,5980,5,4,500,1,500,119.6
동원 참치액 진 500g,동원참치액,소스,조미료,5980,5,4,500,1,500,119.6
동원 참치액 순 500g,고춧가루/액젓,양념,조미료,5980,4.3,3,500,1,500,119.6
동원 참치액 순 500g,동원참치액,소스,조미료,5980,4.3,3,500,1,500,119.6
[동원] 동원 쯔유 500g,간장/고추장/된장/쌈장,장류,조미료,5980,5,1,500,1,500,119.6
동원 참치액 진 500gx3개,고춧가루/액젓,양념,조미료,17940,0,0,500,3,1500,119.6
동원 참치액 진 500gx3개,동원참치액,소스,조미료,17940,0,0,500,3,1500,119.6
동원 리챔 340g x 12캔,햄/닭가슴살,가공육,반찬/주재료,49000,5,172,340,12,4080,120.1
양반 캔볶음김치 160g x 4개,반찬/기타통조림,반찬,반찬,7700,5,1,160,4,640,120.31
동원 양반 수라 통다리 닭볶음탕 490g (1~2인분),국/탕/찌개,즉석조리식품,간편식사,5900,4.8,10,490,1,490,120.41
동원 리챔 340g x 9캔,햄/닭가슴살,가공육,반찬/주재료,36900,5,70,340,9,3060,120.59
★시식코너특가★동원홈푸드 비비드키친 저칼로리 데리야끼소스 285g x 2개,기타양념,양념,조미료,6900,5,1,285,2,570,121.05
동원 꽁치 230g x 12캔,고등어/꽁치통조림,통조림,반찬,33600,5,5,230,12,2760,121.74
양반 1등비법 듬뿍 밤단팥죽 285g,죽/스프,즉석조리식품,간편식사,3500,0,0,285,1,285,122.81
동원 김치찌개용 꽁치 300g x 12캔,고등어/꽁치통조림,통조림,반찬,44400,5,7,300,12,3600,123.33
동원 떡볶이의신 우리쌀 로제떡볶이 360g(2인) x 2개,떡볶이/떡류,떡류,간식,8900,5,4,360,2,720,123.61
동원 자연산꽁치 300g x 9캔,고등어/꽁치통조림,통조림,반찬,33400,5,11,300,9,2700,123.7
동원 양반 캔볶음김치 160g,반찬/기타통조림,반찬,반찬,1980,4.9,54,160,1,160,123.75
동원 런천미트 200g,햄/닭가슴살,가공육,반찬/주재료,2500,5,33,200,1,200,125
동원 양반 캔갓김치 160g,반찬/기타통조림,반찬,반찬,2000,4.6,14,160,1,160,125
동원 리챔 340g x 6캔,햄/닭가슴살,가공육,반찬/주재료,25500,4.8,6,340,6,2040,125
비비드그린 저당 단호박죽 280g,죽/스프,즉석조리식품,간편식사,3500,5,2,280,1,280,125
비비드그린 저당 단호박죽 280g,메인요리,즉석조리식품,메인요리,3500,5,2,280,1,280,125
동원 떡볶이의신 신당동 즉석쫄볶이 397g (2인분),떡볶이/떡류,떡류,간식,4980,4.9,73,397,1,397,125.44
동원 자연산꽁치 300g x 3캔,고등어/꽁치통조림,통조림,반찬,11300,4.9,17,300,3,900,125.56
동원참치 살코기 라이트스탠다드 250g x 10캔,참치/연어통조림,통조림,반찬/주재료,31490,4.9,984,250,10,2500,125.96
동원 리챔 340g x 3캔,햄/닭가슴살,가공육,반찬/주재료,12900,5,37,340,3,1020,126.47
동원 리챔 더블라이트 300g x 12캔,햄/닭가슴살,가공육,반찬/주재료,45600,5,3,300,12,3600,126.67
동원참치 살코기 라이트스탠다드 250g x 15캔,참치/연어통조림,통조림,반찬/주재료,47600,4.9,291,250,15,3750,126.93
[2%적립금] 동원 고추참치(덕용) 1880g,참치/연어통조림,통조림,반찬/주재료,24000,0,0,1880,1,1880,127.66
[1+1] 동원 프리미엄 동원참치액 900g,고춧가루/액젓,양념,조미료,22980,5,24,900,2,1800,127.67
[4%적립금] 동원참치 라이트스탠다드 250g x 36개(1박스),참치/연어통조림,통조림,반찬/주재료,115000,4.9,36,250,36,9000,127.78
[4%적립금] 동원참치 DHA 250g x 36개(1박스),참치/연어통조림,통조림,반찬/주재료,115000,5,22,250,36,9000,127.78
동원 자연산꽁치 300g x 6캔,고등어/꽁치통조림,통조림,반찬,23100,4,4,300,6,1800,128.33
비비드그린 저당 단호박죽 280g x 2개,죽/스프,즉석조리식품,간편식사,7200,5,3,280,2,560,128.57
비비드그린 저당 단호박죽 280g x 2개,메인요리,즉석조리식품,메인요리,7200,5,3,280,2,560,128.57
동원 떡볶이의신 짜장떡볶이 385g (2인분),떡볶이/떡류,떡류,간식,4980,4.7,31,385,1,385,129.35
동원 양반 수라 통다리 삼계탕 460g (1~2인분),국/탕/찌개,즉석조리식품,간편식사,5980,5,22,460,1,460,130
동원 리챔 더블라이트 300g x 9캔,햄/닭가슴살,가공육,반찬/주재료,35100,4.6,5,300,9,2700,130
동원 김치찌개용 꽁치 300g x 9캔,고등어/꽁치통조림,통조림,반찬,35100,5,2,300,9,2700,130
동원 꽁치 230g x 9캔,고등어/꽁치통조림,통조림,반찬,27000,4.8,10,230,9,2070,130.43
동원 새콤달콤 도톰쫄깃 삼각유부초밥 340g(4인용) x 2개,아이반찬,반찬,반찬,8900,4.9,19,340,2,680,130.88
동원참치 김치찌개용 250g x 20캔,참치/연어통조림,통조림,반찬/주재료,65990,4.9,37,250,20,5000,131.98
동원참치 고추참치 250g x 20캔,참치/연어통조림,통조림,반찬/주재료,66000,5,47,250,20,5000,132
동원참치 DHA 250g x 15캔,참치/연어통조림,통조림,반찬/주재료,49500,5,28,250,15,3750,132
동원 리챔 340g,햄/닭가슴살,가공육,반찬/주재료,4500,4.9,208,340,1,340,132.35
동원참치 마일드참치 200g x 10캔,참치/연어통조림,통조림,반찬/주재료,26490,4.9,791,200,10,2000,132.45
동원 리챔 더블라이트 300g x 6캔,햄/닭가슴살,가공육,반찬/주재료,24000,5,5,300,6,1800,133.33
동원 자연산골뱅이탕(얼큰한국물) 300g x 10캔,골뱅이/수산통조림,통조림,안주/반찬,40000,5,2,300,10,3000,133.33
동원 떡볶이의신 학교앞 국물떡볶이 372g (2인분),떡볶이/떡류,떡류,간식,4980,4.5,63,372,1,372,133.87
동원 꽁치 230g x 6캔,고등어/꽁치통조림,통조림,반찬,18600,4.9,52,230,6,1380,134.78
동원 참치다시 2kg,분말/액상조미료,조미료,조미료,26980,0,0,2,1,2000,134.9
동원 리챔 더블라이트 200g x 12캔,햄/닭가슴살,가공육,반찬/주재료,32400,4.9,15,200,12,2400,135
동원 리챔 순살꼬꼬 200g x 12개 / 닭가슴살햄,햄/닭가슴살,가공육,반찬/주재료,32400,5,14,200,12,2400,135
동원 리챔 프로틴 200g x 12캔,햄/닭가슴살,가공육,반찬/주재료,32400,5,3,200,12,2400,135
동원참치 김치찌개용 250g x 15캔,참치/연어통조림,통조림,반찬/주재료,51000,5,14,250,15,3750,136
동원 리챔 더블라이트 300g x 3캔,햄/닭가슴살,가공육,반찬/주재료,12300,4.8,5,300,3,900,136.67
동원 구운소금 210g,소금,양념,조미료,2900,4.9,70,210,1,210,138.1
동원 떡볶이의신 우리쌀 로제떡볶이 360g(2인),떡볶이/떡류,떡류,간식,4980,4.3,6,360,1,360,138.33
동원 리챔 200g x 10캔,햄/닭가슴살,통조림,반찬/주재료,27900,5,837,200,10,2000,139.5
동원참치 김치찌개용 250g x 10캔,참치/연어통조림,통조림,반찬/주재료,35000,5,169,250,10,2500,140
동원참치 DHA 250g x 10캔,참치/연어통조림,통조림,반찬/주재료,35000,4.9,165,250,10,2500,140
동원참치 고추참치 250g x 10캔,참치/연어통조림,통조림,반찬/주재료,35000,4.9,146,250,10,2500,140
동원 김치찌개용 꽁치 300g x 3캔,고등어/꽁치통조림,통조림,반찬,12600,4.7,29,300,3,900,140
동원 리챔 순살꼬꼬 200g x 8개 / 닭가슴살햄,햄/닭가슴살,가공육,반찬/주재료,22400,0,0,200,8,1600,140
동원 리챔 순닭가슴살 135g x 24개(1/2박스),햄/닭가슴살,가공육,반찬/주재료,45600,5,58,135,24,3240,140.74
동원 새콤달콤 도톰쫄깃 삼각유부초밥 340g (4인용),아이반찬,반찬,반찬,4800,4.9,182,340,1,340,141.18
동원 리챔 200g x 12캔,햄/닭가슴살,가공육,반찬/주재료,33900,4.9,335,200,12,2400,141.25
동원홈푸드 비비드키친 저칼로리비빔장 280g,기타양념,양념,조미료,3980,4.9,34,280,1,280,142.14
동원 리챔 더블라이트 200g x 9캔,햄/닭가슴살,가공육,반찬/주재료,25600,5,7,200,9,1800,142.22
동원 리챔 200g x 9캔,햄/닭가슴살,가공육,반찬/주재료,25600,5,4,200,9,1800,142.22
동원 리챔 프로틴 200g x 9캔,햄/닭가슴살,가공육,반찬/주재료,25600,0,0,200,9,1800,142.22
동원참치 고추참치 250g x 5캔,참치/연어통조림,통조림,반찬/주재료,17800,5,38,250,5,1250,142.4
동원참치 DHA 150g x 48캔 (1박스),참치/연어통조림,통조림,반찬/주재료,103000,5,105,150,48,7200,143.06
동원 김치찌개용 꽁치 300g x 6캔,고등어/꽁치통조림,통조림,반찬,25800,5,7,300,6,1800,143.33
동원 리챔 더블라이트 300g,햄/닭가슴살,가공육,반찬/주재료,4300,4.8,4,300,1,300,143.33
동원 자연산골뱅이탕(얼큰한국물) 300g x 5캔,골뱅이/수산통조림,통조림,안주/반찬,21500,5,2,300,5,1500,143.33
동원 꽁치 230g x 3캔,고등어/꽁치통조림,통조림,반찬,9900,4.9,40,230,3,690,143.48
동원참치 살코기 라이트스탠다드 250g x 3캔,참치/연어통조림,통조림,반찬/주재료,10800,4.9,148,250,3,750,144
동원참치 고추참치 250g x 3캔,참치/연어통조림,통조림,반찬/주재료,10800,4.9,28,250,3,750,144
[순진900] 동원 참치액 900g 순+진,고춧가루/액젓,양념,조미료,12980,4.9,15,900,1,900,144.22
동원 리챔 200g x 6캔,햄/닭가슴살,가공육,반찬/주재료,17400,5,226,200,6,1200,145
동원 리챔 더블라이트 200g x 6캔,햄/닭가슴살,가공육,반찬/주재료,17400,5,8,200,6,1200,145
동원 리챔 순살꼬꼬 200g x 6개 / 닭가슴살햄,햄/닭가슴살,가공육,반찬/주재료,17400,5,3,200,6,1200,145
동원 리챔 프로틴 200g x 6캔,햄/닭가슴살,가공육,반찬/주재료,17400,0,0,200,6,1200,145
동원 국산고구마당면 400g,파스타/생면/건면/기타 면,면류,주식,5900,4.9,15,400,1,400,147.5
동원참치 마일드참치 200g x 15캔,참치/연어통조림,통조림,반찬/주재료,44250,5,11,200,15,3000,147.5
동원참치 살코기 라이트스탠다드 250g,참치/연어통조림,통조림,반찬/주재료,3700,4.9,282,250,1,250,148
동원참치 김치찌개용 250g,참치/연어통조림,통조림,반찬/주재료,3700,5,56,250,1,250,148
동원참치 고추참치 250g,참치/연어통조림,통조림,반찬/주재료,3700,4.8,18,250,1,250,148
동원 리챔 순닭가슴살 135g x 12개,햄/닭가슴살,가공육,반찬/주재료,24000,5,6,135,12,1620,148.15
동원 리챔 200g x 3캔,햄/닭가슴살,가공육,반찬/주재료,8900,4.9,66,200,3,600,148.33
동원 리챔 더블라이트 200g x 3캔,햄/닭가슴살,가공육,반찬/주재료,8900,4.9,24,200,3,600,148.33
동원 리챔 순살꼬꼬 200g x 3개 / 닭가슴살햄,햄/닭가슴살,가공육,반찬/주재료,8900,5,5,200,3,600,148.33
동원 리챔 프로틴 200g x 3캔,햄/닭가슴살,가공육,반찬/주재료,8900,5,1,200,3,600,148.33
동원 떡볶이의신 더매운 컵떡볶이 160g x 10개,떡볶이/떡류,떡류,간식,23900,5,7,160,10,1600,149.38
[1+1]동원 참치다시 300g,분말/액상조미료,조미료,조미료,8980,5,1,300,2,600,149.67
[1+1] 동원 프리미엄 동원참치액 500g,고춧가루/액젓,양념,조미료,14980,4.7,14,500,2,1000,149.8
[2+2] 동원 프리미엄 동원참치액 500g,고춧가루/액젓,양념,조미료,29960,5,4,500,4,2000,149.8
동원 리챔 200g,햄/닭가슴살,가공육,반찬/주재료,3000,5,317,200,1,200,150
동원참치 마일드참치 200gx5캔,참치/연어통조림,통조림,반찬/주재료,15000,5,9,200,5,1000,150
동원 리챔 더블라이트 200g,햄/닭가슴살,가공육,반찬/주재료,3000,5,6,200,1,200,150
동원 리챔 프로틴 200g,햄/닭가슴살,가공육,반찬/주재료,3000,5,5,200,1,200,150
동원 자연산골뱅이탕(얼큰한국물) 300g x 3캔,골뱅이/수산통조림,통조림,안주/반찬,13500,4.7,3,300,3,900,150
동원참치 살코기 라이트스탠다드 250g x 5캔,참치/연어통조림,통조림,반찬/주재료,18900,4.9,316,250,5,1250,151.2
동원참치 김치찌개용 250g x 5캔,참치/연어통조림,통조림,반찬/주재료,18900,5,11,250,5,1250,151.2
동원참치 DHA 250g x 5캔,참치/연어통조림,통조림,반찬/주재료,18900,4.8,4,250,5,1250,151.2
동원 하루미 마라 떡볶이양념 130g,기타양념,양념,조미료,1980,4.7,3,130,1,130,152.31
동원 하루미 매콤달콤 떡볶이양념 130g,기타양념,양념,조미료,1980,5,2,130,1,130,152.31
동원 하루미 불닭로제맛 떡볶이양념 130g,기타양념,양념,조미료,1980,5,1,130,1,130,152.31
동원참치 김치찌개용 250g x 3캔,참치/연어통조림,통조림,반찬/주재료,11550,4.9,37,250,3,750,154
하루미 불닭로제 떡볶이 양념 2개 + 매콤달콤 떡볶이 양념 1개 + 마라 떡볶이양념 1개 + 양반 떡볶이떡 320g,기타양념,양념,조미료,9900,4.5,2,320,2,640,154.69
동원참치 마일드참치 200g x 3캔,참치/연어통조림,통조림,반찬/주재료,9300,5,7,200,3,600,155
[4%적립금] 동원 화끈한골뱅이 400g x 24개(1박스),골뱅이/수산통조림,통조림,안주/반찬,149000,5,7,400,24,9600,155.21
동원참치 살코기 라이트스탠다드 135gx20캔,참치/연어통조림,통조림,반찬/주재료,42000,4.9,54,135,20,2700,155.56
동원 리챔 순닭가슴살 135g x 8개,햄/닭가슴살,가공육,반찬/주재료,16800,4.9,7,135,8,1080,155.56
동원홈푸드 비비드키친 알룰로스 510g x 2개,올리고당/물엿/조청/꿀,당류,요리재료,15900,4,3,510,2,1020,155.88
동원참치 DHA 250g,참치/연어통조림,통조림,반찬/주재료,3900,4.9,38,250,1,250,156
동원참치 DHA 250g x 3캔,참치/연어통조림,통조림,반찬/주재료,11700,5,7,250,3,750,156
동원 떡볶이의신 매콤달콤 컵떡볶이 160g x 5개,떡볶이/떡류,떡류,간식,12500,4.7,33,160,5,800,156.25
동원 자연산꽁치 300g,고등어/꽁치통조림,통조림,반찬,4700,5,5,300,1,300,156.67
[10%적립]동원 리챔 순닭가슴살 135g x 16개,햄/닭가슴살,가공육,반찬/주재료,33900,4.9,22,135,16,2160,156.94
동원 초밥의달인 큰사각유부초밥 378g x 2개,아이반찬,반찬,반찬,11900,5,48,378,2,756,157.41
동원 리챔 더블라이트 120g x 20캔,햄/닭가슴살,가공육,반찬/주재료,38000,4.9,36,120,20,2400,158.33
[순진500] 동원 참치액 500g 순+진,참치/연어통조림,통조림,반찬/주재료,7980,4.9,15,500,1,500,159.6
동원 참치다시 1kg,분말/액상조미료,조미료,조미료,15980,5,1,1,1,1000,159.8
동원참치 마일드참치 200g,참치/연어통조림,통조림,반찬/주재료,3200,4.9,20,200,1,200,160
동원참치 스프레드 고소마요 100gx4입,참치/연어통조림,통조림,반찬/주재료,6400,4.8,15,100,4,400,160
동원 자연산골뱅이탕(얼큰한국물) 300g x 2캔,골뱅이/수산통조림,통조림,안주/반찬,9600,0,0,300,2,600,160
동원 자연산골뱅이탕(얼큰한국물) 300g,골뱅이/수산통조림,통조림,안주/반찬,4900,4.6,7,300,1,300,163.33
동원참치 살코기 라이트스탠다드 150g x 5캔,참치/연어통조림,통조림,반찬/주재료,12300,4.9,845,150,5,750,164
동원참치 고추참치 150g x 20캔,참치/연어통조림,통조림,반찬/주재료,49200,4.9,158,150,20,3000,164
동원 초밥의달인 큰사각유부초밥 189g x 2개,아이반찬,반찬,반찬,6200,5,5,189,2,378,164.02
동원 참치액 진 240g,동원참치액,소스,조미료,3980,0,0,240,1,240,165.83
동원 참치액 진 240gx3병,동원참치액,소스,조미료,11940,0,0,240,3,720,165.83
동원 초밥의달인 큰사각유부초밥 378g,아이반찬,반찬,반찬,6280,4.9,55,378,1,378,166.14
동원참치 살코기 라이트스탠다드 150g x 20캔,참치/연어통조림,통조림,반찬/주재료,50000,4.9,899,150,20,3000,166.67
동원참치 살코기 라이트스탠다드 135gx10캔,참치/연어통조림,통조림,반찬/주재료,22500,4.9,184,135,10,1350,166.67
동원참치 김치찌개용 150g x 20캔,참치/연어통조림,통조림,반찬/주재료,50000,5,30,150,20,3000,166.67
동원참치 매운고추참치 150g x 20캔,참치/연어통조림,통조림,반찬/주재료,50000,5,26,150,20,3000,166.67
동원참치 야채참치 150g x 20캔,참치/연어통조림,통조림,반찬/주재료,50000,5,23,150,20,3000,166.67
동원참치 DHA 150g x 20캔,참치/연어통조림,통조림,반찬/주재료,50000,4.9,16,150,20,3000,166.67
동원 김치찌개용 꽁치 300g,고등어/꽁치통조림,통조림,반찬,5000,5,1,300,1,300,166.67
동원 마일드참치 150gx20캔,참치/연어통조림,통조림,반찬/주재료,50000,0,0,150,20,3000,166.67
동원홈푸드 비비드키친 저당 굴소스 310g,기타양념,양념,조미료,5200,5,393,310,1,310,167.74
동원홈푸드 비비드키친 알룰로스 510g,올리고당/물엿/조청/꿀,당류,요리재료,8580,4.9,10,510,1,510,168.24
동원 떡볶이의신 고소한치즈 컵떡볶이 160g,떡볶이/떡류,떡류,간식,2700,4.7,42,160,1,160,168.75
동원 떡볶이의신 매콤달콤 컵떡볶이 160g,떡볶이/떡류,떡류,간식,2700,5,36,160,1,160,168.75
동원 떡볶이의신 더매운 컵떡볶이 160g,떡볶이/떡류,떡류,간식,2700,4.7,27,160,1,160,168.75
[4%적립금] 동원참치 루피는 참치마요 100g x 60개(1박스),참치/연어통조림,통조림,반찬/주재료,102000,0,0,100,60,6000,170
[4%적립금] 동원참치 뽀로로 키즈 100g x 60개(1박스),참치/연어통조림,통조림,반찬/주재료,102000,0,0,100,60,6000,170
동원참치 살코기 라이트스탠다드 135gx5개,참치/연어통조림,통조림,반찬/주재료,11500,5,3,135,5,675,170.37
동원참치 살코기 인 워터 100g x 20캔,참치/연어통조림,통조림,반찬/주재료,34490,5,97,100,20,2000,172.45
동원참치 살코기 라이트스탠다드 135gx3캔,참치/연어통조림,통조림,반찬/주재료,7000,5,5,135,3,405,172.84
동원 꽁치 230g,고등어/꽁치통조림,통조림,반찬,4000,4.9,28,230,1,230,173.91
동원 초밥의달인 큰사각유부초밥 189g,아이반찬,반찬,반찬,3300,5,16,189,1,189,174.6
동원 리챔 더블라이트 120g x 12캔,햄/닭가슴살,가공육,반찬/주재료,25200,4.7,9,120,12,1440,175
동원참치 살코기 라이트스탠다드 100g x 3캔,참치/연어통조림,통조림,반찬/주재료,5300,5,126,100,3,300,176.67
동원참치 고추참치 100g x 3캔,참치/연어통조림,통조림,반찬/주재료,5300,4.9,67,100,3,300,176.67
동원참치 루피는 참치마요 100g x 3캔,참치/연어통조림,통조림,반찬/주재료,5300,5,21,100,3,300,176.67
동원맛참 마요참기름 135gX5캔,참치/연어통조림,통조림,반찬/주재료,12000,4.9,24,135,5,675,177.78
동원 고추참치 90g x 20캔,참치/연어통조림,통조림,반찬/주재료,32000,5,15,90,20,1800,177.78
동원참치 살코기 라이트스탠다드 90gx20캔,참치/연어통조림,통조림,반찬/주재료,32000,0,0,90,20,1800,177.78
동원참치 살코기 라이트스탠다드 85g x 60캔(1박스),참치/연어통조림,통조림,반찬/주재료,91200,5,120,85,60,5100,178.82
동원참치 고추참치 85g x 60캔(1박스),참치/연어통조림,통조림,반찬/주재료,91200,5,10,85,60,5100,178.82
동원참치 살코기 라이트스탠다드 150g x 10캔,참치/연어통조림,통조림,반찬/주재료,27000,4.9,645,150,10,1500,180
동원참치 고추참치 150g x 5캔,참치/연어통조림,통조림,반찬/주재료,13500,5,314,150,5,750,180
동원참치 고추참치 100g x 20캔,참치/연어통조림,통조림,반찬/주재료,36000,5,271,100,20,2000,180
동원참치 매운고추참치 150g x 10캔,참치/연어통조림,통조림,반찬/주재료,27000,4.9,251,150,10,1500,180
동원참치 김치찌개용 150g x 10캔,참치/연어통조림,통조림,반찬/주재료,27000,4.9,245,150,10,1500,180
동원참치 야채참치 150g x 10캔,참치/연어통조림,통조림,반찬/주재료,27000,4.9,216,150,10,1500,180
동원참치 고추참치 150g x 10캔,참치/연어통조림,통조림,반찬/주재료,27000,4.7,122,150,10,1500,180
동원참치 야채참치 150g x 5캔,참치/연어통조림,통조림,반찬/주재료,13500,5,64,150,5,750,180
동원 마일드참치 150gx10캔,참치/연어통조림,통조림,반찬/주재료,27000,4.9,56,150,10,1500,180
동원참치 김치찌개용 150g x 5캔,참치/연어통조림,통조림,반찬/주재료,13500,5,46,150,5,750,180
동원참치 DHA 150g x 10캔,참치/연어통조림,통조림,반찬/주재료,27000,4.8,39,150,10,1500,180
동원참치 매운고추참치 150g x 5캔,참치/연어통조림,통조림,반찬/주재료,13500,5,39,150,5,750,180
동원참치 DHA 150g x 5캔,참치/연어통조림,통조림,반찬/주재료,13500,5,23,150,5,750,180
동원참치 포도씨유 150gx10캔,참치/연어통조림,통조림,반찬/주재료,27000,5,11,150,10,1500,180
동원참치 마일드 150g x 5캔,참치/연어통조림,통조림,반찬/주재료,13500,5,7,150,5,750,180
동원참치 콘참치 85g x 20캔,참치/연어통조림,통조림,반찬/주재료,30800,5,56,85,20,1700,181.18
동원참치 고추참치 150g x 3캔,참치/연어통조림,통조림,반찬/주재료,8200,5,61,150,3,450,182.22
동원참치 야채참치 150g x 3캔,참치/연어통조림,통조림,반찬/주재료,8200,4.9,59,150,3,450,182.22
동원참치 김치찌개용 150g x 3캔,참치/연어통조림,통조림,반찬/주재료,8200,5,45,150,3,450,182.22
동원참치 매운고추참치 150g x 3캔,참치/연어통조림,통조림,반찬/주재료,8200,5,41,150,3,450,182.22
동원참치 DHA 150g x 3캔,참치/연어통조림,통조림,반찬/주재료,8200,5,11,150,3,450,182.22
동원 마일드참치 150g x 3캔,참치/연어통조림,통조림,반찬/주재료,8200,5,4,150,3,450,182.22
동원홈푸드 비비드키친 저당 쌈장소스 300g,간장/고추장/된장/쌈장,장류,조미료,5480,5,22,300,1,300,182.67
동원 리챔 더블라이트 120g x 6캔,햄/닭가슴살,가공육,반찬/주재료,13200,4.7,6,120,6,720,183.33
동원 고추참치 90g x 10캔,참치/연어통조림,통조림,반찬/주재료,16500,5,1,90,10,900,183.33
동원참치 살코기 라이트스탠다드 90gx10캔,참치/연어통조림,통조림,반찬/주재료,16500,0,0,90,10,900,183.33
동원 리챔 더블라이트 120g x 9캔,햄/닭가슴살,가공육,반찬/주재료,19800,0,0,120,9,1080,183.33
동원참치 동원맛참 고소참기름 135g x 10캔,참치/연어통조림,통조림,반찬/주재료,25000,5,45,135,10,1350,185.19
동원참치 동원맛참 매콤참기름 135g,참치/연어통조림,통조림,반찬/주재료,2500,5,35,135,1,135,185.19
동원참치 동원맛참 매콤참기름 135g x 10캔,참치/연어통조림,통조림,반찬/주재료,25000,4.9,28,135,10,1350,185.19
동원참치 동원맛참 고소참기름 135g,참치/연어통조림,통조림,반찬/주재료,2500,4.9,23,135,1,135,185.19
[4%적립금] 동원 자연산골뱅이 400g x 24개(1박스),골뱅이/수산통조림,통조림,안주/반찬,179000,5,320,400,24,9600,186.46
[4%적립금] 동원 자연산왕골뱅이 400g x 24개(1박스),골뱅이/수산통조림,통조림,안주/반찬,179000,5,67,400,24,9600,186.46
동원참치 살코기 라이트스탠다드 150g,참치/연어통조림,통조림,반찬/주재료,2800,5,250,150,1,150,186.67
동원참치 고추참치 150g,참치/연어통조림,통조림,반찬/주재료,2800,5,150,150,1,150,186.67
동원참치 야채참치 150g,참치/연어통조림,통조림,반찬/주재료,2800,4.9,55,150,1,150,186.67
동원참치 매운고추참치 150g,참치/연어통조림,통조림,반찬/주재료,2800,5,48,150,1,150,186.67
동원 마일드참치 150g,참치/연어통조림,통조림,반찬/주재료,2800,4.9,38,150,1,150,186.67
동원참치 김치찌개용 150g,참치/연어통조림,통조림,반찬/주재료,2800,4.9,34,150,1,150,186.67
동원참치 DHA 150g,참치/연어통조림,통조림,반찬/주재료,2800,5,30,150,1,150,186.67
동원참치 포도씨유 150g,참치/연어통조림,통조림,반찬/주재료,2800,4.9,25,150,1,150,186.67
[4%적립금] 동원 자연산골뱅이 300g x 24개(1박스),골뱅이/수산통조림,통조림,안주/반찬,135000,5,302,300,24,7200,187.5
동원참치 살코기 라이트스탠다드 85g x 20캔,참치/연어통조림,통조림,반찬/주재료,31900,5,2304,85,20,1700,187.65
동원참치 고추참치 85g x 20캔,참치/연어통조림,통조림,반찬/주재료,31900,5,741,85,20,1700,187.65
동원 초밥의달인 국산콩 유부초밥(고소한맛) 330g x 2개,아이반찬,반찬,반찬,12400,5,4,330,2,660,187.88
[라밥세트] 동원 양반 현미밥 130g x 4개 + 농심 신라면 5개입,봉지라면,라면,간편식사,9800,0,0,130,4,520,188.46
동원참치 살코기 라이트스탠다드 90gx5캔,참치/연어통조림,통조림,반찬/주재료,8500,5,2,90,5,450,188.89
동원참치 살코기 라이트스탠다드 100g x 10캔,참치/연어통조림,통조림,반찬/주재료,18950,5,816,100,10,1000,189.5
동원참치 고추참치 100g x 10캔,참치/연어통조림,통조림,반찬/주재료,19000,4.9,461,100,10,1000,190
동원참치 살코기 라이트스탠다드 100g x 5캔,참치/연어통조림,통조림,반찬/주재료,9500,4.9,92,100,5,500,190
동원참치 고추참치 100g x 5캔,참치/연어통조림,통조림,반찬/주재료,9500,5,63,100,5,500,190
동원참치 루피는 참치마요 100g x 5캔,참치/연어통조림,통조림,반찬/주재료,9500,5,1,100,5,500,190
[라밥세트] 동원 양반 현미밥 130g x 4개 + 농심 얼큰한 너구리 5개입,봉지라면,라면,간편식사,9900,0,0,130,4,520,190.38
동원 리챔 더블라이트 120g x 3캔,햄/닭가슴살,가공육,반찬/주재료,6900,5,6,120,3,360,191.67
비비드그린 비건 짜장 180g x 2개,짜장,소스,요리재료,6900,0,0,180,2,360,191.67
비비드그린 비건 짜장 180g x 2개,메인요리,즉석조리식품,메인요리,6900,0,0,180,2,360,191.67
비비드그린 비건 짜장 180g x 2개,밑반찬,반찬,반찬,6900,0,0,180,2,360,191.67
동원참치 콘참치 85g x 5캔,참치/연어통조림,통조림,반찬/주재료,8250,4.8,11,85,5,425,194.12
[라밥세트] 동원 양반 흑미밥 130g x 4개 + 농심 신라면 5개입,봉지라면,라면,간편식사,10100,0,0,130,4,520,194.23
[라밥세트] 동원 양반 오미밥 130g x 4개 + 농심 신라면 5개입,봉지라면,라면,간편식사,10100,0,0,130,4,520,194.23
비비드그린 비건 짜장 180g,짜장,소스,요리재료,3500,5,2,180,1,180,194.44
비비드그린 비건 짜장 180g,메인요리,즉석조리식품,메인요리,3500,5,2,180,1,180,194.44
비비드그린 비건 짜장 180g,밑반찬,반찬,반찬,3500,5,2,180,1,180,194.44
동원 초밥의달인 롤유부초밥(고소한맛) 254g x 2개,아이반찬,반찬,반찬,9900,4.9,58,254,2,508,194.88
동원 초밥의달인 롤유부초밥(새콤한맛) 254g x 2개,아이반찬,반찬,반찬,9900,4.9,16,254,2,508,194.88
동원참치 살코기 라이트스탠다드 85g x 10캔,참치/연어통조림,통조림,반찬/주재료,16600,4.9,905,85,10,850,195.29
동원참치 콘참치 85g x 10캔,참치/연어통조림,통조림,반찬/주재료,16600,5,52,85,10,850,195.29
[라밥세트] 동원 양반 오미밥 130g x 4개 + 농심 얼큰한 너구리 5개입,봉지라면,라면,간편식사,10200,0,0,130,4,520,196.15
[라밥세트] 동원 양반 흑미밥 130g x 4개 + 농심 얼큰한 너구리 5개입,봉지라면,라면,간편식사,10200,0,0,130,4,520,196.15
[4%적립금] 동원 자연산골뱅이 230g x 24캔(1박스),골뱅이/수산통조림,통조림,안주/반찬,109000,5,24,230,24,5520,197.46
동원홈푸드 비비드키친 저당 제육볶음양념 250g x 2개,기타양념,양념,조미료,9900,0,0,250,2,500,198
동원 리챔 순닭가슴살 135g,햄/닭가슴살,가공육,반찬/주재료,2680,5,2,135,1,135,198.52
동원참치 살코기 인 워터 100g x 10캔,참치/연어통조림,통조림,반찬/주재료,19900,4.9,76,100,10,1000,199
동원 프리미엄 동원참치액 900g,고춧가루/액젓,양념,조미료,17980,0,0,900,1,900,199.78
동원참치 스프레드 고소마요 100g x 10캔,참치/연어통조림,통조림,반찬/주재료,20000,5,83,100,10,1000,200
동원참치 살코기 라이트스탠다드 85g x 3캔,참치/연어통조림,통조림,반찬/주재료,5100,5,58,85,3,255,200
동원참치 루피는 참치마요 100g x 10캔,참치/연어통조림,통조림,반찬/주재료,20000,4.9,25,100,10,1000,200
동원참치 콘참치 85g x 3캔,참치/연어통조림,통조림,반찬/주재료,5100,4.8,14,85,3,255,200
동원참치 스프레드 갈릭마요 100g,참치/연어통조림,통조림,반찬/주재료,2000,4.8,10,100,1,100,200
동원참치 뽀로로 키즈 100g x 3캔,참치/연어통조림,통조림,반찬/주재료,6000,4.4,8,100,3,300,200
동원참치 스프레드 체다치즈 100g,참치/연어통조림,통조림,반찬/주재료,2000,5,7,100,1,100,200
동원참치 스프레드 갈릭마요 100gx10캔,참치/연어통조림,통조림,반찬/주재료,20000,3.6,5,100,10,1000,200
동원 리챔 더블라이트 120g,햄/닭가슴살,가공육,반찬/주재료,2400,5,3,120,1,120,200
동원참치 살코기 인 워터 100g x 5캔,참치/연어통조림,통조림,반찬/주재료,10000,5,2,100,5,500,200
동원참치 살코기 라이트스탠다드 90gx3캔,참치/연어통조림,통조림,반찬/주재료,5400,0,0,90,3,270,200
동원 고추참치 90g x 3캔,참치/연어통조림,통조림,반찬/주재료,5400,0,0,90,3,270,200
동원참치 스프레드 체다치즈 100gx10캔,참치/연어통조림,통조림,반찬/주재료,20000,0,0,100,10,1000,200
비비드그린 비건 카레 180g,카레,소스,요리재료,3600,0,0,180,1,180,200
동원홈푸드 비비드키친 저당 볶음고추장 300g x 4개,간장/고추장/된장/쌈장,장류,조미료,24000,0,0,300,4,1200,200
동원 초밥의달인 롤유부초밥(고소한맛) 254g,아이반찬,반찬,반찬,5200,4.8,34,254,1,254,204.72
동원 초밥의달인 롤유부초밥(새콤한맛) 254g,아이반찬,반찬,반찬,5200,4.8,23,254,1,254,204.72
동원참치 맛참 고소참기름 90g x 20캔,참치/연어통조림,통조림,반찬/주재료,37000,5,72,90,20,1800,205.56
동원참치 맛참 매콤참기름 90g x 20캔,참치/연어통조림,통조림,반찬/주재료,37000,4.9,47,90,20,1800,205.56
동원맛참 마요참기름 135g 10캔,참치/연어통조림,통조림,반찬/주재료,27900,5,6,135,10,1350,206.67
[특가] 동원 자연산왕골뱅이 400g x 4캔,골뱅이/수산통조림,통조림,안주/반찬,33400,4.9,46,400,4,1600,208.75
동원 을지로골뱅이 & 진미채 300g x 10캔 / 특제간장소스,골뱅이/수산통조림,통조림,안주/반찬,62800,5,7,300,10,3000,209.33
동원 을지로 골뱅이 & 구운아귀채 300g x 10캔 / 참치액소스,골뱅이/수산통조림,통조림,안주/반찬,62800,0,0,300,10,3000,209.33
동원참치 고추참치 100g,참치/연어통조림,통조림,반찬/주재료,2100,5,185,100,1,100,210
동원참치 살코기 라이트스탠다드 100g,참치/연어통조림,통조림,반찬/주재료,2100,5,180,100,1,100,210
동원참치 뽀로로 키즈 100g x 10캔,참치/연어통조림,통조림,반찬/주재료,21000,4.9,44,100,10,1000,210
동원참치 루피는 참치마요 100g,참치/연어통조림,통조림,반찬/주재료,2100,5,4,100,1,100,210
동원참치 뽀로로 키즈 100g,참치/연어통조림,통조림,반찬/주재료,2100,5,2,100,1,100,210
동원참치 고추참치 85g x 10캔,참치/연어통조림,통조림,반찬/주재료,17900,4.9,600,85,10,850,210.59
동원 고추참치 90g,참치/연어통조림,통조림,반찬/주재료,1900,5,6,90,1,90,211.11
동원참치 살코기 라이트스탠다드 90g,참치/연어통조림,통조림,반찬/주재료,1900,5,3,90,1,90,211.11
동원홈푸드 비비드키친 저당 멸치볶음양념 250g,기타양념,양념,조미료,5280,5,2,250,1,250,211.2
동원홈푸드 비비드키친 저당 제육볶음양념 250g,기타양념,양념,조미료,5280,5,2,250,1,250,211.2
동원참치 콘참치 85g,참치/연어통조림,통조림,반찬/주재료,1800,5,27,85,1,85,211.76
동원 한입골뱅이 400g x 10캔,골뱅이/수산통조림,통조림,안주/반찬,84800,5,31,400,10,4000,212
동원 자연산왕골뱅이 400g x 10캔,골뱅이/수산통조림,통조림,안주/반찬,84800,5,25,400,10,4000,212
동원 화끈한 골뱅이 400g x 10캔,골뱅이/수산통조림,통조림,안주/반찬,84800,0,0,400,10,4000,212
동원맛참 마요참기름 135g,참치/연어통조림,통조림,반찬/주재료,2880,4.9,79,135,1,135,213.33
동원 리챔 순살꼬꼬 200g / 닭가슴살햄,햄/닭가슴살,가공육,반찬/주재료,4280,4.7,3,200,1,200,214
동원 마이플랜트 오리지널 200g,햄/닭가슴살,가공육,반찬/주재료,4280,0,0,200,1,200,214
동원참치 살코기 라이트스탠다드 85g x 5캔,참치/연어통조림,통조림,반찬/주재료,9200,5,107,85,5,425,216.47
동원홈푸드 비비드키친 저당 볶음고추장 300g,간장/고추장/된장/쌈장,장류,조미료,6500,5,3,300,1,300,216.67
동원 을지로 골뱅이 & 구운아귀채 300g x 5캔 / 참치액소스,골뱅이/수산통조림,통조림,안주/반찬,32500,5,1,300,5,1500,216.67
동원 자연산왕골뱅이 400g x 5캔,골뱅이/수산통조림,통조림,안주/반찬,43900,5,26,400,5,2000,219.5
동원 화끈한 골뱅이 400gx5캔,골뱅이/수산통조림,통조림,안주/반찬,43900,0,0,400,5,2000,219.5
동원 자연산골뱅이 300g x 3캔,골뱅이/수산통조림,통조림,안주/반찬,19800,4.9,21,300,3,900,220
동원 을지로골뱅이 & 진미채 300g x 3캔 / 특제간장소스,골뱅이/수산통조림,통조림,안주/반찬,19800,5,3,300,3,900,220
동원홈푸드 비비드키친 저당 불고기양념 240g,고기/찌개양념,양념,조미료,5280,5,3,240,1,240,220
동원홈푸드 비비드키친 저당 불고기양념 240g,기타양념,양념,조미료,5280,5,3,240,1,240,220
동원홈푸드 비비드키친 저당 진미채볶음양념 240g,기타양념,양념,조미료,5280,5,2,240,1,240,220
동원 을지로 골뱅이 & 구운아귀채 300g x 3캔 / 참치액소스,골뱅이/수산통조림,통조림,안주/반찬,19800,4,1,300,3,900,220
동원홈푸드 비비드키친 저당 잡채양념 240g,기타양념,양념,조미료,5280,5,1,240,1,240,220
동원참치 고추참치 85g x 5캔,참치/연어통조림,통조림,반찬/주재료,9400,5,115,85,5,425,221.18
동원참치 동원맛참 고소참기름 90g,참치/연어통조림,통조림,반찬/주재료,2000,4.9,95,90,1,90,222.22
동원참치 불참치 90g x 10개,참치/연어통조림,통조림,반찬/주재료,20000,5,64,90,10,900,222.22
동원참치 카레참치 90g,참치/연어통조림,통조림,반찬/주재료,2000,5,22,90,1,90,222.22
동원참치 야채참치 90gx10캔,참치/연어통조림,통조림,반찬/주재료,20000,5,18,90,10,900,222.22
동원참치 야채참치 90g,참치/연어통조림,통조림,반찬/주재료,2000,5,7,90,1,90,222.22
동원 자연산골뱅이 300g x 5캔,골뱅이/수산통조림,통조림,안주/반찬,33400,4.8,33,300,5,1500,222.67
동원 을지로골뱅이 & 진미채 300g x 5캔 / 특제간장소스,골뱅이/수산통조림,통조림,안주/반찬,33400,5,3,300,5,1500,222.67
동원 고추참치 90g x 5캔,참치/연어통조림,통조림,반찬/주재료,10020,5,1,90,5,450,222.67
동원 자연산골뱅이 300g x 2캔,골뱅이/수산통조림,통조림,안주/반찬,13400,4.9,353,300,2,600,223.33
동원 을지로골뱅이 & 진미채 300g x 2캔 / 특제간장소스,골뱅이/수산통조림,통조림,안주/반찬,13400,4.7,7,300,2,600,223.33
동원 을지로 골뱅이 & 구운아귀채 300g x 2캔 / 참치액소스,골뱅이/수산통조림,통조림,안주/반찬,13400,5,1,300,2,600,223.33
동원 화끈한 골뱅이 400gx3캔,골뱅이/수산통조림,통조림,안주/반찬,26900,4.9,77,400,3,1200,224.17
동원 자연산왕골뱅이 400g x 3캔,골뱅이/수산통조림,통조림,안주/반찬,26900,5,5,400,3,1200,224.17
동원 한입골뱅이 400g x 3캔,골뱅이/수산통조림,통조림,안주/반찬,26900,4.8,4,400,3,1200,224.17
양반 대구곤이 지리탕 700g,한식,즉석조리식품,메인요리,15900,5,1,700,1,700,227.14
양반 깍둑순살 갈비탕 700g,한식,즉석조리식품,메인요리,15900,0,0,700,1,700,227.14
양반 차돌박이 육개장 700g,한식,즉석조리식품,메인요리,15900,0,0,700,1,700,227.14
동원 자연산왕골뱅이 400g x 2캔,골뱅이/수산통조림,통조림,안주/반찬,18200,4.5,15,400,2,800,227.5
동원 한입골뱅이 400g x 2캔,골뱅이/수산통조림,통조림,안주/반찬,18200,4.8,6,400,2,800,227.5
동원 자연산골뱅이 400g x 2캔,골뱅이/수산통조림,통조림,안주/반찬,18200,4.7,6,400,2,800,227.5
동원 화끈한 골뱅이 400gx2캔,골뱅이/수산통조림,통조림,안주/반찬,18200,0,0,400,2,800,227.5
동원 자연산골뱅이 230g x 10캔,골뱅이/수산통조림,통조림,안주/반찬,52800,5,39,230,10,2300,229.57
동원 프리미엄 동원참치액 500g,고춧가루/액젓,양념,조미료,11480,0,0,500,1,500,229.6
동원 프리미엄 동원참치액 500gx3개,고춧가루/액젓,양념,조미료,34440,0,0,500,3,1500,229.6
동원 자연산골뱅이 400g,골뱅이/수산통조림,통조림,안주/반찬,9280,4.9,133,400,1,400,232
동원 화끈한 골뱅이 400g,골뱅이/수산통조림,통조림,안주/반찬,9280,4.9,29,400,1,400,232
동원 한입골뱅이 400g,골뱅이/수산통조림,통조림,안주/반찬,9280,4.9,22,400,1,400,232
동원 을지로골뱅이 & 진미채 300g / 특제간장소스,골뱅이/수산통조림,통조림,안주/반찬,6980,5,21,300,1,300,232.67
동원 을지로 골뱅이 & 구운아귀채 300g / 참치액소스,골뱅이/수산통조림,통조림,안주/반찬,6980,5,3,300,1,300,232.67
동원 참치다시 300g,분말/액상조미료,조미료,조미료,6980,0,0,300,1,300,232.67
동원 자연산골뱅이 매실청 140g x 10캔,골뱅이/수산통조림,통조림,안주/반찬,32800,5,61,140,10,1400,234.29
동원 화끈한골뱅이 140g x 10캔,골뱅이/수산통조림,통조림,안주/반찬,32800,4.8,33,140,10,1400,234.29
동원참치 고추참치 85g x 3캔,참치/연어통조림,통조림,반찬/주재료,6000,4.9,88,85,3,255,235.29
동원 화끈한골뱅이 140g,골뱅이/수산통조림,통조림,안주/반찬,3300,4.9,26,140,1,140,235.71
동원 자연산골뱅이 230g x 5캔,골뱅이/수산통조림,통조림,안주/반찬,27400,5,419,230,5,1150,238.26
동원 한입 골뱅이 400g x 5캔,골뱅이/수산통조림,통조림,안주/반찬,47900,4.9,17,400,5,2000,239.5
동원참치 살코기 인 워터 100g,참치/연어통조림,통조림,반찬/주재료,2400,4.9,11,100,1,100,240
동원참치 살코기 인 워터 100g x 3캔,참치/연어통조림,통조림,반찬/주재료,7200,5,10,100,3,300,240
동원 화끈한골뱅이 140g x 5캔,골뱅이/수산통조림,통조림,안주/반찬,16900,4.9,13,140,5,700,241.43
동원 자연산골뱅이 매실청 140g x 5캔,골뱅이/수산통조림,통조림,안주/반찬,16900,5,10,140,5,700,241.43
[동원] 동원 참치뱃살 깊은간장맛 135gx10캔,참치/연어통조림,통조림,반찬/주재료,32800,5,1,135,10,1350,242.96
동원참치 동원맛참 매콤참기름 90g,참치/연어통조림,통조림,반찬/주재료,2200,4.9,91,90,1,90,244.44
[동원] 동원 참치뱃살 깊은간장맛 135gx3캔,참치/연어통조림,통조림,반찬/주재료,9900,0,0,135,3,405,244.44
[쫄깃한 떡라면 한상] 동원 양반 떡국떡 320g + 농심 안성탕면 5개입,봉지라면,라면,간편식사,7900,5,1,320,1,320,246.88
동원 자연산왕골뱅이 400g,골뱅이/수산통조림,통조림,안주/반찬,9980,5,1,400,1,400,249.5
동원 재래식압착 참기름 160ml x 2병,간장/고추장/된장/쌈장,장류,조미료,8000,5,8,160,2,320,250
동원참치 마이플랜트 레드고추 100g,참치/연어통조림,통조림,반찬/주재료,2500,5,3,100,1,100,250
동원 화끈한골뱅이 140g x 3캔,골뱅이/수산통조림,통조림,안주/반찬,10800,5,3,140,3,420,257.14
동원 자연산골뱅이 매실청 140g x 3캔,골뱅이/수산통조림,통조림,안주/반찬,10800,5,2,140,3,420,257.14
[동원] 동원참치뱃살 깊은 간장맛 135g,참치/연어통조림,통조림,반찬/주재료,3480,5,1,135,1,135,257.78
동원참치 살코기 라이트스탠다드 85g,참치/연어통조림,통조림,반찬/주재료,2200,4.9,125,85,1,85,258.82
동원참치 고추참치 85g,참치/연어통조림,통조림,반찬/주재료,2200,5,105,85,1,85,258.82
동원 자연산골뱅이 230g x 3캔,골뱅이/수산통조림,통조림,안주/반찬,17940,5,30,230,3,690,260
동원 자연산골뱅이 230g x 2캔,골뱅이/수산통조림,통조림,안주/반찬,12000,5,4,230,2,460,260.87
동원 재래식압착 참기름 160ml,간장/고추장/된장/쌈장,장류,조미료,4200,5,9,160,1,160,262.5
동원 화끈한 골뱅이 140gx2개,골뱅이/수산통조림,통조림,안주/반찬,7400,5,2,140,2,280,264.29
동원 자연산골뱅이 매실청 140gx2캔,골뱅이/수산통조림,통조림,안주/반찬,7400,0,0,140,2,280,264.29
동원참치 불참치 90g,참치/연어통조림,통조림,반찬/주재료,2380,4.9,18,90,1,90,264.44
동원 자연산골뱅이 매실청 140g,골뱅이/수산통조림,통조림,안주/반찬,3880,4.6,7,140,1,140,277.14
동원 자연산골뱅이 230g,골뱅이/수산통조림,통조림,안주/반찬,6480,4.9,117,230,1,230,281.74
동원 리챔 순닭가슴살 135g x 4개,햄/닭가슴살,가공육,반찬/주재료,15900,4.8,12,135,4,540,294.44
식자재 아울렛 동원홈푸드 파마산블렌드 227g,찹쌀가루/전분/기타가루,가루류,요리재료,7190,0,0,227,1,227,316.74
비비드그린 비건 카레 180g x 2개입,카레,소스,요리재료,6900,0,0,180,1,180,383.33
동원 히말라야 핑크솔트 100g,소금,양념,조미료,3900,5,3,100,1,100,390
"동원참치 맛참 90g(고소참기름,매콤참기름) 각 10개, 총 20캔",참치/연어통조림,통조림,반찬/주재료,37000,4.9,317,90,10,900,411.11
"[체험팩] 동원참치 가미참치 90g 3종(불/짜장/카레) 각 3개, 총 9개",참치/연어통조림,통조림,반찬/주재료,15600,5,18,90,3,270,577.78
[무적세트] 동원 리챔 DL 120g 6캔+양반죽 야채/전복 각6캔+아이스티 제로 복숭아 6병,햄/닭가슴살,가공육,반찬/주재료,43200,0,0,120,6,720,600
[무적세트] 동원 리챔 DL 120g 6캔+양반죽 야채/전복 각6캔+아이스티 제로 복숭아 6병,죽/스프,즉석조리식품,간편식사,43200,0,0,120,6,720,600
[1+1]동원 하루미 국물의신 멸치링 80g (20정),분말/액상조미료,조미료,조미료,9980,5,34,80,2,160,623.75
[1+1]동원 하루미 국물의신 참치링 80g (20정),분말/액상조미료,조미료,조미료,9980,5,4,80,2,160,623.75
[동원산업] 수산명가 동원 냉장 낙지젓갈 180g,젓갈,젓갈,반찬,13900,0,0,180,1,180,772.22
동원 하루미 국물의신 참치링 80g ( 20정),분말/액상조미료,조미료,조미료,6980,0,0,80,1,80,872.5
동원 하루미 국물의신 멸치링 80g (20정),분말/액상조미료,조미료,조미료,6980,0,0,80,1,80,872.5
"동원참치 85g 2종(LS12,고추8) 총20캔+(증정)콘참치 2캔",참치/연어통조림,통조림,반찬/주재료,32000,5,192,85,2,170,1882.35
[4%적립금] 동원 양반 진국 사골곰탕 500g x 20개입 x 5박스,국/탕/찌개,즉석조리식품,간편식사,109000,0,0,500,1,500,2180
[4%적립금] 동원 양반 수라 한우 사골곰탕 460g x 20개입 x 5박스,국/탕/찌개,즉석조리식품,간편식사,129000,0,0,460,1,460,2804.35
[4%적립금] 동원 양반 버섯 야채죽 420g x 20개입 x 3박스,죽/스프,즉석조리식품,간편식사,123800,5,2,420,1,420,2947.62
[4%적립금] 동원 양반 밤단팥죽 420g x 20개입 x 3박스,죽/스프,즉석조리식품,간편식사,123800,5,2,420,1,420,2947.62
[4%적립금] 동원 양반 호박죽 420g x 20개입 x 3박스,죽/스프,즉석조리식품,간편식사,123800,5,1,420,1,420,2947.62
[4%적립금] 동원 양반 백합죽 420g x 20개입 x 3박스,죽/스프,즉석조리식품,간편식사,123800,0,0,420,1,420,2947.62
[4%적립금] 동원 양반 나주식 곰탕 460g x 20개입 x 5박스,국/탕/찌개,즉석조리식품,간편식사,139000,5,1,460,1,460,3021.74
[4%적립금] 동원 양반 들깨닭죽 420g x 20개입 x 3박스,죽/스프,즉석조리식품,간편식사,130000,5,6,420,1,420,3095.24
[4%적립금] 동원 양반 참치죽 420g x 20개입 x 3박스,죽/스프,즉석조리식품,간편식사,130000,0,0,420,1,420,3095.24
[4%적립금] 동원 야채죽 287g 24개입 x 3박스,죽/스프,즉석조리식품,간편식사,102300,5,5,287,1,287,3564.46
[4%적립금] 동원 양반 참치죽 287g x 24개입 x 3박스,죽/스프,즉석조리식품,간편식사,102300,0,0,287,1,287,3564.46
[4%적립금] 동원 단호박죽 285g x 24개입 x 3박스,죽/스프,즉석조리식품,간편식사,102300,5,13,285,1,285,3589.47
[4%적립금] 동원 양반 밤단팥죽 285g x 24개입 x 3박스,죽/스프,즉석조리식품,간편식사,102300,5,1,285,1,285,3589.47
[4%적립금] 동원 양반 보양 삼계탕 900g x 15개입 x 3박스,국/탕/찌개,즉석조리식품,간편식사,339000,0,0,900,1,900,3766.67
[4%적립금] 동원 양반 영양닭죽 285g x 24개입 x 3박스,죽/스프,즉석조리식품,간편식사,116600,5,1,285,1,285,4091.23
[4%적립금] 동원 양반 전복죽 287g 24개입 x 3박스,죽/스프,즉석조리식품,간편식사,126900,5,5,287,1,287,4421.6
[4%적립금] 동원 양반 전통잣죽 285g x 24개입 x 3박스,죽/스프,즉석조리식품,간편식사,134400,0,0,285,1,285,4715.79
동원 라이트스탠다드 참치 150gx10캔+리챔 200gx10캔,참치/연어통조림,통조림,반찬/주재료,49200,4.9,1467,,10,,
"동원참치 85g 2종(라이트스탠다드15,고추5) 총20캔+리챔 200gx2캔",참치/연어통조림,통조림,반찬/주재료,33900,5,155,,2,,
"동원참치 85g 2종(라이트스탠다드15,고추5) 총20캔+리챔 200gx2캔",햄/닭가슴살,가공육,반찬/주재료,33900,5,155,,2,,
[치킨에 좋은] 비비드키친 저칼로리 양념치킨소스 290g+스위트칠리소스 280g+숯불매콤소스 290g,기타양념,양념,조미료,10900,5,112,,1,,
양반 용기죽 쇠고기죽 287g + 야채죽 287g+ 전복죽 287g (4개씩 총 12개),죽/스프,즉석조리식품,간편식사,22900,5,91,,12,,
동원라이트스탠다드참치 135gx12캔 +고추참치 85gx3캔,참치/연어통조림,통조림,반찬/주재료,25000,4.9,87,,12,,
동원참치 맛참 고소참기름 135gx10캔 + (증정)라이트스탠다드 참치 135gx2캔,참치/연어통조림,통조림,반찬/주재료,25000,4.9,29,,10,,
동원참치 살코기135gx8캔 + 맛참 고소참기름 135gx4캔,참치/연어통조림,통조림,반찬/주재료,26400,4.8,28,,8,,
[동원선물세트] 참치 T12호,참치/연어통조림,통조림,반찬/주재료,36900,5,28,,1,,
동원참치 맛참 매콤참기름 135gx10캔 + (증정)라이트스탠다드 참치 135gx2캔,참치/연어통조림,통조림,반찬/주재료,25000,4.8,28,,10,,
[참치24캔] 동원참치 살코기 85gx12캔+고추참치 100gx12캔,참치/연어통조림,통조림,반찬/주재료,30000,5,28,,12,,
[전통소스 강자] 비비드키친 저칼로리 토마토케첩 280g+머스타드소스 280g+바베큐소스 280g,기타양념,양념,조미료,9900,5,28,,1,,
동원참치 라이트스탠다드 85g x 15캔+150g x 5캔,참치/연어통조림,통조림,반찬/주재료,35000,5,24,,15,,
동원 양반 전복죽 420g+쇠고기죽 420g+밤단팥죽 420g 2개씩 총 6개,죽/스프,즉석조리식품,간편식사,20900,4.7,22,,6,,
"동원참치 맛참 매콤참기름 90gx10개 + 135gx4개, 총 14캔",참치/연어통조림,통조림,반찬/주재료,25000,4.9,21,,10,,
"동원참치 맛참 고소참기름 90gx10개 + 135gx4개, 총 14캔",참치/연어통조림,통조림,반찬/주재료,25000,4.9,19,,10,,
동원참치 튜나페 고소마요 129g(스프레드 100g+아이비 29g) x 5개,참치/연어통조림,통조림,반찬/주재료,16400,4.8,18,,5,,
[동원선물세트] 진호,참치/연어통조림,통조림,반찬/주재료,80300,4.9,17,,1,,
"동원 참치 85g 2종 (라이트스탠다드10,고추5)+리챔 200g x 3개",참치/연어통조림,통조림,반찬/주재료,28900,5,16,,3,,
동원참치 튜나페 고소마요 129g (스프레드 100g+아이비 29g),참치/연어통조림,통조림,반찬/주재료,3280,4.8,16,,1,,
"동원 참치 85g 2종 (라이트스탠다드10,고추5)+리챔 200g x 3개",햄/닭가슴살,가공육,반찬/주재료,28900,5,16,,3,,
동원 양반 호박죽 285g x 12개 + 밤단팥죽 285g x 12개,죽/스프,즉석조리식품,간편식사,37900,5,15,,12,,
동원 양반 전복죽 285g x 6개+쇠고기죽 287g x 6개,죽/스프,즉석조리식품,간편식사,23600,5,10,,6,,
동원 양반 쇠고기죽 287g 12개 + 야채죽 287g 12개,죽/스프,즉석조리식품,간편식사,40900,5,10,,12,,
[고기에 좋은] 비비드키친 저칼로리 데리야끼소스 285g+숯불매콤소스 290g+바베큐소스 280g,기타양념,양념,조미료,10500,5,10,,1,,
동원 양반 전복죽 420g x 6개 + 쇠고기죽 420g x 6개,죽/스프,즉석조리식품,간편식사,33900,4.7,9,,6,,
양반 전복죽 420g x 5개 +백합죽 420g x 5개,죽/스프,즉석조리식품,간편식사,28000,4.9,9,,5,,
양반 허니슈크림 붕어빵 300g x 2봉 + 앙버터 붕어빵 300g,생지/냉동반죽,냉동식품,요리재료,17900,4.6,7,,2,,
"동원 국물의신 100g(4gx25입) 2종 각 1개(멸치,참치)",분말/액상조미료,조미료,조미료,13500,5,7,,25,,
동원 양반 전복죽 287g x 12개 + 쇠고기죽 287g x 12개,죽/스프,즉석조리식품,간편식사,44900,5,6,,12,,
양반 전복죽 420g x 5개 + 쇠고기죽 420g x 5개,죽/스프,즉석조리식품,간편식사,28000,4.8,6,,5,,
양반 전복죽 420g+쇠고기죽 420g+단호박죽 420g 2개씩 총 6개,죽/스프,즉석조리식품,간편식사,20900,5,5,,6,,
양반 전복죽 420g x 5개 +들깨닭죽 420g x 5개,죽/스프,즉석조리식품,간편식사,28000,4.6,5,,5,,
동원 자연산골뱅이 300gx4개+면발의신 생쫄면 385g(2인분),골뱅이/수산통조림,통조림,안주/반찬,33500,5,4,,4,,
양반 쇠고기죽 420g x 5개 + 버섯야채죽 420g x 5개,죽/스프,즉석조리식품,간편식사,26000,5,4,,5,,
양반 전복죽 420g x 5개 +단호박죽 420g x 5개,죽/스프,즉석조리식품,간편식사,27000,5,4,,5,,
[중화요리소스] 비비드키친 저당 짜장소스 300g+짬뽕소스 280g+굴소스 310g,짜장,소스,요리재료,12900,5,3,,1,,
[중화요리소스] 비비드키친 저당 짜장소스 300g+짬뽕소스 280g+굴소스 310g,국/탕/찌개,즉석조리식품,간편식사,12900,5,3,,1,,
동원 양반 쇠고기죽 287g 12개 + 밤단팥죽 285g 12개,죽/스프,즉석조리식품,간편식사,40900,5,3,,12,,
동원 양반 쇠고기죽 287g 12개 + 참치죽 285g 12개,죽/스프,즉석조리식품,간편식사,40900,5,3,,12,,
동원 양반 쇠고기죽 287g 12개 + 영양닭죽 285g 12개,죽/스프,즉석조리식품,간편식사,42900,4.7,3,,12,,
동원 양반 전복죽 287g x 12개 + 전통잣죽 285g x 12개,죽/스프,즉석조리식품,간편식사,50000,5,3,,12,,
동원참치 튜나페 갈릭마요 129g (아이비29g+스프레드참치100g),참치/연어통조림,통조림,반찬/주재료,3280,5,2,,1,,
[국물매콤떡세트] 동원 양반 떡볶이떡 320g + 비셰프 국물떡볶이분말 500g,떡볶이/떡류,떡류,간식,8900,5,2,,1,,
양반 밤단팥죽 420g x 5개 + 양반 백합죽 420g x 5개,죽/스프,즉석조리식품,간편식사,25000,5,2,,5,,
양반 전복죽 420g+쇠고기죽 420g+단호박죽 420g 3개씩 총 9개,죽/스프,즉석조리식품,간편식사,26900,5,2,,9,,
양반 단호박죽 420g x 5개 + 들깨닭죽 420g x 5개,죽/스프,즉석조리식품,간편식사,26000,5,2,,5,,
양반 쇠고기죽 420g x 5개 + 밤단팥죽 420g x 5개,죽/스프,즉석조리식품,간편식사,25000,4,2,,5,,
동원 양반 영양닭죽 285g x 12개 + 야채죽 287g x 12개,죽/스프,즉석조리식품,간편식사,40900,5,2,,12,,
동원 양반 전통잣죽 285g x 12개 + 야채죽 287g x 12개,죽/스프,즉석조리식품,간편식사,44900,3.5,2,,12,,
동원 양반 밤단팥죽 285g x 12개 + 전통잣죽 285g x 12개,죽/스프,즉석조리식품,간편식사,44900,4.5,2,,12,,
양반 전복죽 420g x 5개 +버섯야채죽 420g x 5개,죽/스프,즉석조리식품,간편식사,27000,5,2,,5,,
양반 쇠고기죽 420g x 5개 + 단호박죽 420g x 5개,죽/스프,즉석조리식품,간편식사,25000,5,2,,5,,
[요리에 좋은] 비비드키친 저칼로리 굴소스 310g+비빔장 280g+숯불매콤소스 290g,간장/고추장/된장/쌈장,장류,조미료,12700,5,2,,1,,
[요리에 좋은] 비비드키친 저칼로리 굴소스 310g+비빔장 280g+숯불매콤소스 290g,기타양념,양념,조미료,12700,5,2,,1,,
[맛참비빔면] 동원참치 맛참 90g 2종(고소/매콤) 각 2개 + 농심 배홍동 비빔면 548g(137gx4입),참치/연어통조림,통조림,반찬/주재료,10900,5,1,,2,,
양반 전복죽 420g x 5개 +밤단팥죽 420g x 5개,죽/스프,즉석조리식품,간편식사,27000,5,1,,5,,
동원 양반 전복죽 287g x 10개 + 야채죽 287g x 10개,죽/스프,즉석조리식품,간편식사,38600,5,1,,10,,
동원 양반 전통잣죽 285g x 12개 + 영양닭죽 285g x 12개,죽/스프,즉석조리식품,간편식사,45900,5,1,,12,,
양반 쇠고기죽 420g x 5개 + 참치죽 420g x 5개,죽/스프,즉석조리식품,간편식사,25000,5,1,,5,,
양반 전복죽 420g x 5개 +참치죽 420g x 5개,죽/스프,즉석조리식품,간편식사,27000,5,1,,5,,
동원 양반 밤단팥죽 285g x 12개 + 참치죽 287g x 12개,죽/스프,즉석조리식품,간편식사,37900,5,1,,12,,
양반 백합죽 420g x 5개 + 양반 버섯 야채죽 420g x 5개,죽/스프,즉석조리식품,간편식사,25000,5,1,,5,,
양반 들깨닭죽 420g x 5개 + 양반 참치죽 420g x 5개,죽/스프,즉석조리식품,간편식사,24000,5,1,,5,,
양반 밤단팥죽 420g x 5개 + 양반 버섯야채죽 420g x 5개,죽/스프,즉석조리식품,간편식사,25000,5,1,,5,,
양반 단호박죽 420g x 5개 + 버섯 야채죽 420g x 5개,죽/스프,즉석조리식품,간편식사,24000,5,1,,5,,
동원 양반 전복죽 287g x 10개 + 단호박죽 285g x 10개,죽/스프,즉석조리식품,간편식사,38600,2,1,,10,,
[동원] 양반 100밥 현미밥 130g x 24개 + 동원맛참 매콤참기름 135g x 6캔,참치/연어통조림,통조림,반찬/주재료,34900,0,0,,24,,
동원참치 살코기 라이트스탠다드 150g x 10캔 + 양반 100밥 현미밥 130g x 12개,참치/연어통조림,통조림,반찬/주재료,33900,0,0,,10,,
[고소비빔면] 동원참치 맛참 고소참기름 135gx2개 + 농심 배홍동 비빔면 548g(137gx4입),참치/연어통조림,통조림,반찬/주재료,8900,0,0,,2,,
[맛참비빔면] 동원참치 맛참 135g 2종(고소/매콤) 각 1개 + 농심 배홍동 비빔면 548g(137gx4입),참치/연어통조림,통조림,반찬/주재료,8900,0,0,,1,,
[고소비빔면] 동원참치 맛참 고소참기름 90gx4개 + 농심 배홍동 비빔면 548g(137gx4입),참치/연어통조림,통조림,반찬/주재료,10900,0,0,,4,,
[동원] 양반 100밥 현미밥 130g x 24개 + 동원맛참 고소참기름 135g x 6캔,참치/연어통조림,통조림,반찬/주재료,34900,0,0,,24,,
동원참치 DHA 150g x 10캔 + 양반 100밥 현미밥 130g x 12개,참치/연어통조림,통조림,반찬/주재료,33900,0,0,,10,,
동원참치 튜나페 갈릭마요 129g(스프레드 100g+아이비 29g) x 5개,참치/연어통조림,통조림,반찬/주재료,16400,0,0,,5,,
[떡라면] 동원 양반 떡국떡 320g + 농심 신라면 (120g x 5개입),봉지라면,라면,간편식사,7900,0,0,,1,,
비비드그린 비건 짜장 + 비건 카레,카레,소스,요리재료,6900,0,0,,1,,
[짜장떡세트] 동원 양반 떡볶이떡 320g + 비비드그린 비건 짜장 180g,짜장,소스,요리재료,6500,0,0,,1,,
비비드그린 비건 짜장 + 비건 카레,짜장,소스,요리재료,6900,0,0,,1,,
[카레떡세트] 동원 양반 떡볶이떡 320g + 비비드그린 비건 카레 180g,떡볶이/떡류,떡류,간식,6500,0,0,,1,,
양반 단호박죽 420g x 5개 + 백합죽 420g x 5개,죽/스프,즉석조리식품,간편식사,25000,0,0,,5,,
동원 양반 밤단팥죽 285g x 12개 + 야채죽 287g x 12개,죽/스프,즉석조리식품,간편식사,37900,0,0,,12,,
동원 양반 밤단팥죽 285g x 12개 + 영양닭죽 285g x 12개,죽/스프,즉석조리식품,간편식사,40900,0,0,,12,,
동원 양반 전복죽 287g x 12개 + 밤단팥죽 285g x 12개,죽/스프,즉석조리식품,간편식사,43900,0,0,,12,,
양반 백합죽 420g x 5개 + 양반 참치죽 420g x 5개,죽/스프,즉석조리식품,간편식사,24000,0,0,,5,,
양반 들깨닭죽 420g x 5개 + 양반 버섯 야채죽 420g x 5개,죽/스프,즉석조리식품,간편식사,25000,0,0,,5,,
양반 밤단팥죽 420g x 5개 + 양반 참치죽 420g x 5개,죽/스프,즉석조리식품,간편식사,24000,0,0,,5,,
양반 단호박죽 420g x 5개 + 참치죽 420g x 5개,죽/스프,즉석조리식품,간편식사,24000,0,0,,5,,
양반 쇠고기죽 420g x 5개 + 들깨닭죽 420g x 5개,죽/스프,즉석조리식품,간편식사,26000,0,0,,5,,
동원 양반 전복죽 287g x 10개 + 참치죽 285g x 10개,죽/스프,즉석조리식품,간편식사,38600,0,0,,10,,
동원 양반 쇠고기죽 287g 12개 + 전통잣죽 285g 12개,죽/스프,즉석조리식품,간편식사,45900,0,0,,12,,
동원 양반 전복죽 287g x 12개 + 참치죽 285g x 12개,죽/스프,즉석조리식품,간편식사,43900,0,0,,12,,
동원 양반 전복죽 287g x 12개 + 야채죽 287g x 12개,죽/스프,즉석조리식품,간편식사,43900,0,0,,12,,
동원 양반 전복죽 287g x 12개 + 단호박죽 285g x 12개,죽/스프,즉석조리식품,간편식사,43900,0,0,,12,,
[10%적립] 양반 깍둑순살 갈비탕 700g + 차돌박이 육개장 700g + 대구곤이 지리탕 700g,한식,즉석조리식품,메인요리,38900,0,0,,1,,
[냉동] 동원 MSC 짜먹는 간편명란 300g(30g x 10ea),젓갈,젓갈,반찬,12900,0,0,,1,,
