상품명,3차 카테고리.1,식품유형,용도,추가방향,중량 수치,묶음수량,총중량,10g당 가격,Unnamed: 13,중량 수치.1,중량 단위,수량,수량 단위,가격,평점,리뷰 수,Unnamed: 21,Unnamed: 22,상품명.1
동원참치 살코기 라이트스탠다드 85g x 20캔,참치/연어통조림,통조림,,,,,,,,85,g,20,캔,31900,5,2304,,,동원참치 살코기 라이트스탠다드 85g x 20캔
동원 라이트스탠다드 참치 150gx10캔+리챔 200gx10캔,참치/연어통조림,통조림,,,,,,,,"150, 200","g, g","10, 10","캔, 캔",49200,4.9,1467,,,동원 라이트스탠다드 참치 150gx10캔+리챔 200gx10캔
동원참치 살코기 라이트스탠다드 250g x 10캔,참치/연어통조림,통조림,,,,,,,,250,g,10,캔,31490,4.9,984,,,동원참치 살코기 라이트스탠다드 150g x 5캔
동원참치 살코기 라이트스탠다드 85g x 10캔,참치/연어통조림,통조림,,,,,,,,85,g,10,캔,16600,4.9,905,,,동원참치 살코기 라이트스탠다드 150g x 20캔
동원참치 살코기 라이트스탠다드 150g x 20캔,참치/연어통조림,통조림,,,,,,,,150,g,20,캔,50000,4.9,899,,,동원참치 살코기 라이트스탠다드 85g x 10캔
동원참치 살코기 라이트스탠다드 150g x 5캔,참치/연어통조림,통조림,,,,,,,,150,g,5,캔,12300,4.9,845,,,동원참치 살코기 라이트스탠다드 100g x 10캔
동원 리챔 200g x 10캔,햄/닭가슴살,통조림,,,,,,,,200,g,10,캔,27900,5,837,,,동원참치 마일드참치 200g x 10캔
동원참치 살코기 라이트스탠다드 100g x 10캔,참치/연어통조림,통조림,,,,,,,,100,g,10,캔,18950,5,816,,,동원참치 살코기 라이트스탠다드 250g x 10캔
동원참치 마일드참치 200g x 10캔,참치/연어통조림,통조림,,,,,,,,200,g,10,캔,26490,4.9,791,,,동원참치 고추참치 85g x 20캔
동원참치 고추참치 85g x 20캔,참치/연어통조림,통조림,,,,,,,,85,g,20,캔,31900,5,741,,,동원참치 살코기 라이트스탠다드 150g x 10캔
동원참치 살코기 라이트스탠다드 150g x 10캔,참치/연어통조림,통조림,,,,,,,,150,g,10,캔,27000,4.9,645,,,동원참치 고추참치 85g x 10캔
동원 양반 수라 한우사골곰탕 460g (1~2인분) x 20개,국/탕/찌개,HMR,,,,,,,,460,g,,,39600,4.9,637,,,동원참치 고추참치 100g x 10캔
동원참치 고추참치 85g x 10캔,참치/연어통조림,통조림,,,,,,,,85,g,10,캔,17900,4.9,600,,,동원참치 살코기 라이트스탠다드 250g x 5캔
동원참치 고추참치 100g x 10캔,참치/연어통조림,,,,,,,,,100,g,10,캔,19000,4.9,461,,,"동원참치 맛참 90g(고소참기름,매콤참기름) 각 10개, 총 20캔"
동원 양반 전복죽 287g x 24개,죽/스프,,,,,,,,,287,g,24,개,48900,4.9,425,,,동원참치 살코기 라이트스탠다드 250g
동원 자연산골뱅이 230g x 5캔,골뱅이/수산통조림,,,,,,,,,230,g,5,캔,27400,5,419,,,동원참치 살코기 라이트스탠다드 150g
동원홈푸드 비비드키친 저당 굴소스 310g,기타양념,,,,,,,,,310,g,,,5200,5,393,,,동원참치 김치찌개용 150g x 10캔
동원 자연산골뱅이 300g x 2캔,골뱅이/수산통조림,,,,,,,,,300,g,2,캔,13400,4.9,353,,,동원참치 매운고추참치 150g x 10캔
동원 리챔 200g x 12캔,햄/닭가슴살,,,,,,,,,200,g,12,캔,33900,4.9,335,,,동원참치 고추참치 100g x 20캔
동원 양반 밤단팥죽 285g x 24개,죽/스프,,,,,,,,,285,g,24,개,37900,4.9,327,,,동원참치 야채참치 150g x 10캔
[4%적립금] 동원 자연산골뱅이 400g x 24개(1박스),골뱅이/수산통조림,,,,,,,,,400,g,24,개,179000,5,320,,,"동원참치 85g 2종(LS12,고추8) 총20캔+(증정)콘참치 2캔"
"동원참치 맛참 90g(고소참기름,매콤참기름) 각 10개, 총 20캔",참치/연어통조림,,,,,,,,,90,g,,,37000,4.9,317,,,동원참치 고추참치 100g
동원 리챔 200g,햄/닭가슴살,,,,,,,,,200,g,,,3000,5,317,,,동원참치 살코기 라이트스탠다드 250g x 15캔
동원참치 살코기 라이트스탠다드 250g x 5캔,참치/연어통조림,,,,,,,,,250,g,5,캔,18900,4.9,316,,,동원참치 살코기 라이트스탠다드 100g
동원참치 고추참치 150g x 5캔,참치/연어통조림,,,,,,,,,150,g,5,캔,13500,5,314,,,동원참치 살코기 라이트스탠다드 135gx10캔
[4%적립금] 동원 자연산골뱅이 300g x 24개(1박스),골뱅이/수산통조림,,,,,,,,,300,g,24,개,135000,5,302,,,동원참치 김치찌개용 250g x 10캔
동원참치 살코기 라이트스탠다드 250g x 15캔,참치/연어통조림,,,,,,,,,250,g,15,캔,47600,4.9,291,,,동원참치 살코기 라이트스탠다드 250g x 3캔
동원참치 살코기 라이트스탠다드 250g,참치/연어통조림,,,,,,,,,250,g,,,3700,4.9,282,,,동원참치 고추참치 150g
동원참치 고추참치 100g x 20캔,참치/연어통조림,,,,,,,,,100,g,20,캔,36000,5,271,,,동원참치 DHA 250g x 10캔
동원 자연산꽁치 400g x 3캔,고등어/꽁치통조림,,,,,,,,,400,g,3,캔,13000,4.9,271,,,동원참치 고추참치 250g x 10캔
동원참치 매운고추참치 150g x 10캔,참치/연어통조림,,,,,,,,,150,g,10,캔,27000,4.9,251,,,동원참치 고추참치 150g x 20캔
동원참치 살코기 라이트스탠다드 150g,참치/연어통조림,,,,,,,,,150,g,,,2800,5,250,,,동원참치 살코기 라이트스탠다드 85g x 60캔(1박스)
동원참치 김치찌개용 150g x 10캔,참치/연어통조림,,,,,,,,,150,g,10,캔,27000,4.9,245,,,동원참치 살코기 라이트스탠다드 100g x 3캔
동원 리챔 200g x 6캔,햄/닭가슴살,,,,,,,,,200,g,6,캔,17400,5,226,,,"동원참치 85g 2종(라이트스탠다드15,고추5) 총20캔+리챔 200gx2캔"
동원 Dole 파인애플 432g,과일/옥수수/팥,,,,,,,,,432,g,,,2800,4.9,226,,,동원참치 고추참치 85g
동원참치 야채참치 150g x 10캔,참치/연어통조림,,,,,,,,,150,g,10,캔,27000,4.9,216,,,동원참치 고추참치 150g x 10캔
동원 양반 야채죽 287g x 24개,죽/스프,,,,,,,,,287,g,24,개,37900,5,214,,,동원참치 DHA 150g x 48캔 (1박스)
동원 리챔 340g,햄/닭가슴살,,,,,,,,,340,g,,,4500,4.9,208,,,동원라이트스탠다드참치 135gx12캔 +고추참치 85gx3캔
동원 양반 차돌 육개장 460g (1~2인분),국/탕/찌개,,,,,,,,,460,g,,,4300,4.8,206,,,동원참치 살코기 라이트스탠다드 100g x 5캔
동원 양반 진국 사골곰탕 500g (1~2인분) x 20개,국/탕/찌개,,,,,,,,,500,g,,,26000,4.9,205,,,동원참치 고추참치 85g x 5캔
동원 Dole 후르츠칵테일 432g,과일/옥수수/팥,,,,,,,,,432,g,,,2800,4.8,198,,,동원참치 살코기 인 워터 100g x 20캔
"동원참치 85g 2종(LS12,고추8) 총20캔+(증정)콘참치 2캔",참치/연어통조림,,,,,,,,,85,g,2,,32000,5,192,,,동원참치 스프레드 고소마요 100g x 10캔
동원참치 고추참치 100g,참치/연어통조림,,,,,,,,,100,g,,,2100,5,185,,,동원참치 살코기 인 워터 100g x 10캔
동원참치 살코기 라이트스탠다드 135gx10캔,참치/연어통조림,,,,,,,,,135,g,10,캔,22500,4.9,184,,,[2%적립금] 동원참치 라이트스탠다드 1880g
동원 새콤달콤 도톰쫄깃 삼각유부초밥 340g (4인용),아이반찬,,,,,,,,,340,g,,,4800,4.9,182,,,동원참치 고추참치 100g x 3캔
동원참치 살코기 라이트스탠다드 100g,참치/연어통조림,,,,,,,,,100,g,,,2100,5,180,,,동원참치 고추참치 100g x 5캔
동원 고등어 400g,고등어/꽁치통조림,,,,,,,,,400,g,,,3200,4.9,172,,,동원참치 야채참치 150g x 3캔
동원 리챔 340g x 12캔,햄/닭가슴살,,,,,,,,,340,g,12,캔,49000,5,172,,,동원참치 맛참 고소참기름 90g x 20캔
동원참치 김치찌개용 250g x 10캔,참치/연어통조림,,,,,,,,,250,g,10,캔,35000,5,169,,,동원참치 고추참치 150g x 3캔
동원 양반 수라 도가니설렁탕 460g (1~2인분) x 5개,국/탕/찌개,,,,,,,,,460,g,,,22900,4.9,168,,,동원 마일드참치 150gx10캔
동원 양반 단호박죽 285g x 24개,죽/스프,,,,,,,,,285,g,24,개,37900,4.9,168,,,동원참치 야채참치 150g x 5캔
동원 자연산꽁치 400g x 12캔,고등어/꽁치통조림,,,,,,,,,400,g,12,캔,44400,5,167,,,동원참치 살코기 라이트스탠다드 85g x 3캔
동원참치 DHA 250g x 10캔,참치/연어통조림,,,,,,,,,250,g,10,캔,35000,4.9,165,,,동원참치 콘참치 85g x 10캔
동원 자연산꽁치 400g x 5캔,고등어/꽁치통조림,,,,,,,,,400,g,5,캔,20500,4.9,159,,,동원참치 김치찌개용 150g x 3캔
동원 양반 수라 왕갈비탕 460g (1~2인분),국/탕/찌개,,,,,,,,,460,g,,,4900,4.7,159,,,동원참치 매운고추참치 150g
동원참치 고추참치 150g x 20캔,참치/연어통조림,,,,,,,,,150,g,20,캔,49200,4.9,158,,,동원참치 김치찌개용 150g x 5캔
"동원참치 85g 2종(라이트스탠다드15,고추5) 총20캔+리챔 200gx2캔",참치/연어통조림,,,,,,,,,"85, 200","g, g","2, 2",", 캔",33900,5,155,,,동원참치 DHA 250g
"동원참치 85g 2종(라이트스탠다드15,고추5) 총20캔+리챔 200gx2캔",햄/닭가슴살,,,,,,,,,"85, 200","g, g","2, 2",", 캔",33900,5,155,,,동원참치 고추참치 250g x 20캔
동원 양반 진국 사골곰탕 500g (1~2인분),국/탕/찌개,,,,,,,,,500,g,,,1600,4.9,154,,,동원참치 고추참치 250g x 5캔
동원참치 고추참치 150g,참치/연어통조림,,,,,,,,,150,g,,,2800,5,150,,,동원참치 매운고추참치 150g x 3캔
동원참치 살코기 라이트스탠다드 250g x 3캔,참치/연어통조림,,,,,,,,,250,g,3,캔,10800,4.9,148,,,동원참치 동원맛참 고소참기름 135g x 10캔
동원 양반 수라 한우사골곰탕 460g (1~2인분),국/탕/찌개,,,,,,,,,460,g,,,2300,4.9,147,,,동원참치 김치찌개용 250g x 3캔
동원 양반 단호박죽 420g x 10개,죽/스프,,,,,,,,,420,g,10,개,23900,4.9,147,,,동원참치 뽀로로 키즈 100g x 10캔
동원참치 고추참치 250g x 10캔,참치/연어통조림,,,,,,,,,250,g,10,캔,35000,4.9,146,,,동원참치 DHA 150g x 10캔
[4%적립금] 동원 리챔 순닭가슴살 135g x 48개(1박스),햄/닭가슴살,,,,,,,,,135,g,48,개,75000,5,140,,,동원참치 김치찌개용 150g
동원 양반 전복죽 287g x 4개,죽/스프,,,,,,,,,287,g,4,개,8600,4.9,136,,,[4%적립금] 동원참치 라이트스탠다드 250g x 36개(1박스)
동원 고등어 400g x 12캔,고등어/꽁치통조림,,,,,,,,,400,g,12,캔,26000,4.9,135,,,동원참치 매운고추참치 150g x 5캔
동원 자연산골뱅이 400g,골뱅이/수산통조림,,,,,,,,,400,g,,,9280,4.9,133,,,동원참치 맛참 매콤참기름 90g x 20캔
동원 양반 들깨닭죽 420g x 4개,죽/스프,,,,,,,,,420,g,4,개,12900,4.9,129,,,동원참치 고추참치 250g x 3캔
동원 양반 밤단팥죽 420g x 10개,죽/스프,,,,,,,,,420,g,10,개,23900,5,129,,,동원참치 DHA 150g
동원참치 살코기 라이트스탠다드 100g x 3캔,참치/연어통조림,,,,,,,,,100,g,3,캔,5300,5,126,,,동원참치 김치찌개용 150g x 20캔
[4%적립금] 동원 자연산꽁치 400g x 24개(1박스),고등어/꽁치통조림,,,,,,,,,400,g,24,개,79000,5,126,,,동원참치 동원맛참 매콤참기름 135g
동원참치 살코기 라이트스탠다드 85g,참치/연어통조림,,,,,,,,,85,g,,,2200,4.9,125,,,동원참치 콘참치 85g
[4%적립금] 동원 저스트 노슈가 스위트콘 340g x 24캔(1박스),과일/옥수수/팥,,,,,,,,,340,g,24,캔,29500,5,125,,,동원참치 포도씨유 150g
동원 양반 밤단팥죽 420g x 4개,죽/스프,,,,,,,,,420,g,4,개,10900,4.9,123,,,동원참치 김치찌개용 250g x 20캔
동원참치 고추참치 150g x 10캔,참치/연어통조림,,,,,,,,,150,g,10,캔,27000,4.7,122,,,동원참치 맛참 고소참기름 135gx10캔 + (증정)라이트스탠다드 참치 135gx2캔
동원 고등어 400g x 9캔,고등어/꽁치통조림,,,,,,,,,400,g,9,캔,20000,5,122,,,동원참치 라이트스탠다드 85g x 15캔+150g x 5캔
동원 복숭아 백도 400g x 12캔(1/2박스),과일/옥수수/팥,,,,,,,,,400,g,12,캔,26000,4.9,122,,,동원참치 루피는 참치마요 100g x 10캔
[4%적립금] 동원 고등어 400g x 24개(1박스),고등어/꽁치통조림,,,,,,,,,400,g,24,개,45900,5,121,,,동원참치 DHA 250g x 15캔
동원참치 살코기 라이트스탠다드 85g x 60캔(1박스),참치/연어통조림,,,,,,,,,85,g,60,캔,91200,5,120,,,동원참치 DHA 150g x 5캔
동원 저스트 노슈가 스위트콘 340g,과일/옥수수/팥,,,,,,,,,340,g,,,1480,4.9,118,,,동원참치 루피는 참치마요 100g x 3캔
동원 자연산골뱅이 230g,골뱅이/수산통조림,,,,,,,,,230,g,,,6480,4.9,117,,,"동원참치 맛참 매콤참기름 90gx10개 + 135gx4개, 총 14캔"
동원 자연산꽁치 400g x 6캔,고등어/꽁치통조림,,,,,,,,,400,g,6,캔,25800,5,116,,,[4%적립금] 동원참치 DHA 250g x 36개(1박스)
동원참치 고추참치 85g x 5캔,참치/연어통조림,,,,,,,,,85,g,5,캔,9400,5,115,,,동원참치 고추참치 250g
동원 양반 쇠고기죽 420g x 10개,죽/스프,,,,,,,,,420,g,10,개,23900,5,114,,,동원참치 매운고추참치 150g x 20캔
동원 양반 수라 통다리 삼계탕 460g (1~2인분) x 3개,국/탕/찌개,,,,,,,,,460,g,,,15900,4.9,112,,,동원참치 마일드참치 200g
[치킨에 좋은] 비비드키친 저칼로리 양념치킨소스 290g+스위트칠리소스 280g+숯불매콤소스 290g,기타양념,,,,,,,,,"290, 280, 290","g, g, g",", , ",", , ",10900,5,112,,,동원참치 맛참 매콤참기름 135gx10캔 + (증정)라이트스탠다드 참치 135gx2캔
동원 양반 전복죽 287g,죽/스프,,,,,,,,,287,g,,,2500,4.9,111,,,"동원참치 맛참 고소참기름 90gx10개 + 135gx4개, 총 14캔"
동원 양반 한우사골시래기국 460g (1~2인분),국/탕/찌개,,,,,,,,,460,g,,,4300,4.9,110,,,동원참치 동원맛참 매콤참기름 135g x 10캔
동원참치 살코기 라이트스탠다드 85g x 5캔,참치/연어통조림,,,,,,,,,85,g,5,캔,9200,5,107,,,[동원선물세트] 진호
동원참치 고추참치 85g,참치/연어통조림,,,,,,,,,85,g,,,2200,5,105,,,[참치24캔] 동원참치 살코기 85gx12캔+고추참치 100gx12캔
동원참치 DHA 150g x 48캔 (1박스),참치/연어통조림,,,,,,,,,150,g,48,캔,103000,5,105,,,동원참치 튜나페 고소마요 129g(스프레드 100g+아이비 29g) x 5개
동원 양반 쇠고기죽 287g x 4개,죽/스프,,,,,,,,,287,g,4,개,7600,4.9,105,,,"[체험팩] 동원참치 가미참치 90g 3종(불/짜장/카레) 각 3개, 총 9개"
동원 양반 진국 소고기무국 460g (1~2인분),국/탕/찌개,,,,,,,,,460,g,,,4300,4.9,104,,,동원참치 야채참치 150g x 20캔
동원 양반 단호박죽 420g x 4개,죽/스프,,,,,,,,,420,g,4,개,10900,4.8,103,,,동원참치 동원맛참 고소참기름 135g
동원 양반 밤단팥죽 285g x 4개,죽/스프,,,,,,,,,285,g,4,개,7600,4.9,103,,,동원참치 스프레드 고소마요 100gx4입
동원 고등어 400g x 6캔,고등어/꽁치통조림,,,,,,,,,400,g,6,캔,13800,4.8,101,,,"동원 참치 85g 2종 (라이트스탠다드10,고추5)+리챔 200g x 3개"
동원 양반 소고기 미역국 460g (1~2인분) x 3개,국/탕/찌개,,,,,,,,,460,g,,,12000,4.9,101,,,동원참치 불참치 90g
동원 양반 수라 부대찌개 460g (1~2인분),국/탕/찌개,,,,,,,,,460,g,,,5500,4.8,100,,,동원 고추참치 90g x 20캔
동원 양반 단호박죽 285g x 12개,죽/스프,,,,,,,,,285,g,12,개,19900,4.9,99,,,동원참치 튜나페 고소마요 129g (스프레드 100g+아이비 29g)
동원 양반 차돌 육개장 460g (1~2인분) x 5개,국/탕/찌개,,,,,,,,,460,g,,,19300,4.9,98,,,동원참치 김치찌개용 250g x 15캔
동원참치 살코기 인 워터 100g x 20캔,참치/연어통조림,,,,,,,,,100,g,20,캔,34490,5,97,,,동원참치 DHA 150g x 3캔
동원참치 동원맛참 고소참기름 90g,참치/연어통조림,,,,,,,,,90,g,,,2000,4.9,95,,,동원참치 카레참치 90g
동원 양반 보양 삼계탕 900g (1~2인분) x 3개,국/탕/찌개,,,,,,,,,900,g,,,28400,4.8,95,,,[순진500] 동원 참치액 500g 순+진
동원참치 살코기 라이트스탠다드 100g x 5캔,참치/연어통조림,,,,,,,,,100,g,5,캔,9500,4.9,92,,,동원참치 살코기 인 워터 100g x 3캔
동원 양반 수라 왕갈비탕 460g (1~2인분) x 3개,국/탕/찌개,,,,,,,,,460,g,,,14600,4.8,92,,,동원참치 마일드참치 200g x 15캔
동원참치 동원맛참 매콤참기름 90g,참치/연어통조림,,,,,,,,,90,g,,,2200,4.9,91,,,동원참치 콘참치 85g x 5캔
양반 용기죽 쇠고기죽 287g + 야채죽 287g+ 전복죽 287g (4개씩 총 12개),죽/스프,,,,,,,,,"287, 287, 287","g, g, g",", , ",", , ",22900,5,91,,,동원참치 김치찌개용 250g x 5캔
동원참치 고추참치 85g x 3캔,참치/연어통조림,,,,,,,,,85,g,3,캔,6000,4.9,88,,,동원참치 스프레드 갈릭마요 100g
동원라이트스탠다드참치 135gx12캔 +고추참치 85gx3캔,참치/연어통조림,,,,,,,,,"135, 85","g, g","12, 3","캔, 캔",25000,4.9,87,,,동원참치 마일드참치 200gx5캔
동원참치 스프레드 고소마요 100g x 10캔,참치/연어통조림,,,,,,,,,100,g,10,캔,20000,5,83,,,동원참치 포도씨유 150gx10캔
동원 양반 수라 왕갈비탕 460g (1~2인분) x 5개,국/탕/찌개,,,,,,,,,460,g,,,23900,4.9,82,,,동원참치 야채참치 90gx10캔
동원 양반 백합 미역국 460g (1~2인분),국/탕/찌개,,,,,,,,,460,g,,,4300,4.9,81,,,동원참치 마일드참치 200g x 3캔
동원 양반 전통잣죽 285g x 24개,죽/스프,,,,,,,,,285,g,24,개,49800,4.9,81,,,동원참치 스프레드 체다치즈 100g
동원 양반 백합우거지된장국 460g (1~2인분) x 3개,국/탕/찌개,,,,,,,,,460,g,,,12000,4.8,80,,,동원참치 스프레드 갈릭마요 100gx10캔
동원 양반 단호박죽 285g x 4개,죽/스프,,,,,,,,,285,g,4,개,7600,4.9,80,,,동원 마일드참치 150g x 3캔
[1+1]동원 참치액 진 240g,동원참치액,,,,,,,,,240,g,,,3980,4.9,80,,,[사조] 마일드참치(안심따개) 85g X 10캔 /참치캔/통조림
동원맛참 마요참기름 135g,참치/연어통조림,,,,,,,,,135,g,,,2880,4.9,79,,,동원참치 루피는 참치마요 100g
동원 화끈한 골뱅이 400gx3캔,골뱅이/수산통조림,,,,,,,,,400,g,3,캔,26900,4.9,77,,,동원참치 살코기 라이트스탠다드 135gx3캔
동원 양반 쇠고기죽 287g,죽/스프,,,,,,,,,287,g,,,2200,5,77,,,동원참치 마이플랜트 레드고추 100g
동원참치 살코기 인 워터 100g x 10캔,참치/연어통조림,,,,,,,,,100,g,10,캔,19900,4.9,76,,,동원 고추참치 90g
동원 양반 영양닭죽 285g x 24개,죽/스프,,,,,,,,,285,g,24,개,42900,4.9,76,,,[사조] 고추참치(안심따개) 150g X 1캔 /참치캔/통조림
동원 양반 단호박죽 420g x 20개,죽/스프,,,,,,,,,420,g,20,개,45550,5,74,,,[사조] 고추참치(안심따개) 85g X 6캔 /참치캔/통조림
동원 양반 소고기 미역국 460g (1~2인분),국/탕/찌개,,,,,,,,,460,g,,,4300,5,73,,,동원참치 뽀로로 키즈 100g
동원 양반 수라 통다리 삼계탕 460g (1~2인분) x 5개,국/탕/찌개,,,,,,,,,460,g,,,25900,5,73,,,동원참치 튜나페 갈릭마요 129g (아이비29g+스프레드참치100g)
동원 떡볶이의신 신당동 즉석쫄볶이 397g (2인분),떡볶이/떡류,,,,,,,,,397,g,,,4980,4.9,73,,,[사조] 살코기플러스참치(안심따개) 100g X 6캔 /참치캔/통조림
동원참치 맛참 고소참기름 90g x 20캔,참치/연어통조림,,,,,,,,,90,g,20,캔,37000,5,72,,,[사조] 살코기참치(안심따개) 85g X 6캔 /참치캔/통조림
동원 양반 단호박죽 420g,죽/스프,,,,,,,,,420,g,,,3200,4.9,71,,,동원참치 살코기 인 워터 100g x 5캔
동원 양반 영양닭죽 285g x 4개,죽/스프,,,,,,,,,285,g,4,개,7600,4.9,71,,,동원참치 DHA 250g x 5캔
동원 고등어 400g x 3캔,고등어/꽁치통조림,,,,,,,,,400,g,3,캔,7500,4.8,70,,,동원참치 야채참치 90g
동원 리챔 340g x 9캔,햄/닭가슴살,,,,,,,,,340,g,9,캔,36900,5,70,,,[맛참비빔면] 동원참치 맛참 90g 2종(고소/매콤) 각 2개 + 농심 배홍동 비빔면 548g(137gx4입)
동원 양반 수라 부대찌개 460g (1~2인분) x 3개,국/탕/찌개,,,,,,,,,460,g,,,15000,4.8,70,,,[사조] 사조참치 간장버터 참치(안심따개) 100g X 6캔 /참치캔/통조림
동원 양반 쇠고기죽 420g,죽/스프,,,,,,,,,420,g,,,3300,4.9,70,,,[사조] 사조참치 토마토커리 참치(안심따개) 100g X 6캔 /참치캔/통조림
동원 양반 참치죽 287g x 24개,죽/스프,,,,,,,,,287,g,24,개,37900,4.9,70,,,[사조] 살코기플러스참치(안심따개) 150g X 1캔 /참치캔/통조림
동원 구운소금 210g,소금,,,,,,,,,210,g,,,2900,4.9,70,,,[사조] 고추참치(안심따개) 85g X 1캔 /참치캔/통조림
동원참치 고추참치 100g x 3캔,참치/연어통조림,,,,,,,,,100,g,3,캔,5300,4.9,67,,,[사조] 살코기참치(안심따개) 100g X 6캔 /참치캔/통조림
[4%적립금] 동원 자연산왕골뱅이 400g x 24개(1박스),골뱅이/수산통조림,,,,,,,,,400,g,24,개,179000,5,67,,,[사조] 찌개참치(안심따개) 85g X 6캔 /참치캔/통조림
동원 복숭아 백도 400g,과일/옥수수/팥,,,,,,,,,400,g,,,2800,4.9,67,,,[사조] 마일드참치(안심따개) 85g X 6캔 /참치캔/통조림
동원 리챔 200g x 3캔,햄/닭가슴살,,,,,,,,,200,g,3,캔,8900,4.9,66,,,동원참치 살코기 라이트스탠다드 135gx5개
동원참치 야채참치 150g x 5캔,참치/연어통조림,,,,,,,,,150,g,5,캔,13500,5,64,,,동원참치 살코기 라이트스탠다드 90g
동원참치 불참치 90g x 10개,참치/연어통조림,,,,,,,,,90,g,10,개,20000,5,64,,,[사조] 프리미엄 통살참치 트러플 100g X 4캔
[2%적립금] 동원참치 라이트스탠다드 1880g,참치/연어통조림,,,,,,,,,1880,g,,,19000,4.9,63,,,[동원] 양반 100밥 현미밥 130g x 24개 + 동원맛참 매콤참기름 135g x 6캔
동원참치 고추참치 100g x 5캔,참치/연어통조림,,,,,,,,,100,g,5,캔,9500,5,63,,,동원참치 살코기 라이트스탠다드 150g x 10캔 + 양반 100밥 현미밥 130g x 12개
동원 떡볶이의신 학교앞 국물떡볶이 372g (2인분),떡볶이/떡류,,,,,,,,,372,g,,,4980,4.5,63,,,[동원] 동원 참치뱃살 깊은간장맛 135gx10캔
동원참치 고추참치 150g x 3캔,참치/연어통조림,,,,,,,,,150,g,3,캔,8200,5,61,,,한성 참치 선물세트 한성7B호 설 추석 명절
동원 자연산골뱅이 매실청 140g x 10캔,골뱅이/수산통조림,,,,,,,,,140,g,10,캔,32800,5,61,,,동원참치 살코기 라이트스탠다드 90gx5캔
동원 양반 진국 소고기무국 460g (1~2인분) x 5개,국/탕/찌개,,,,,,,,,460,g,,,19300,4.9,60,,,동원 고추참치 90g x 3캔
동원참치 야채참치 150g x 3캔,참치/연어통조림,,,,,,,,,150,g,3,캔,8200,4.9,59,,,오늘좋은 살코기참치 기획 90Gx12입
동원참치 살코기 라이트스탠다드 85g x 3캔,참치/연어통조림,,,,,,,,,85,g,3,캔,5100,5,58,,,오늘좋은 살코기참치 90Gx4입
동원 리챔 순닭가슴살 135g x 24개(1/2박스),햄/닭가슴살,,,,,,,,,135,g,24,개,45600,5,58,,,[4%적립금] 동원참치 루피는 참치마요 100g x 60개(1박스)
동원 양반 수라 차돌육개장 460g (1~2인분) x 5개,국/탕/찌개,,,,,,,,,460,g,,,24000,4.9,58,,,[고소비빔면] 동원참치 맛참 고소참기름 135gx2개 + 농심 배홍동 비빔면 548g(137gx4입)
동원 초밥의달인 롤유부초밥(고소한맛) 254g x 2개,아이반찬,,,,,,,,,254,g,2,개,9900,4.9,58,,,[맛참비빔면] 동원참치 맛참 135g 2종(고소/매콤) 각 1개 + 농심 배홍동 비빔면 548g(137gx4입)
동원 마일드참치 150gx10캔,참치/연어통조림,,,,,,,,,150,g,10,캔,27000,4.9,56,,,[사조] 프리미엄 통살참치 알바코 100g X 4캔
동원참치 김치찌개용 250g,참치/연어통조림,,,,,,,,,250,g,,,3700,5,56,,,[사조] 프리미엄 통살참치 트러플 100g X 8캔
동원참치 콘참치 85g x 20캔,참치/연어통조림,,,,,,,,,85,g,20,캔,30800,5,56,,,[사조] 프리미엄 통살참치 마라 100g X 4캔
동원 양반 캔볶음김치 160g x 10캔,반찬/기타통조림,,,,,,,,,160,g,10,캔,18500,4.9,56,,,[사조] 프리미엄 통살참치 황다랑어 100g X 4캔
동원 양반 단호박죽 285g,죽/스프,,,,,,,,,285,g,,,2100,4.9,56,,,[사조] 생생참치 오리지널 115g X 12캔
동원 양반 버섯 야채죽 420g x 10개,죽/스프,,,,,,,,,420,g,10,개,23900,4.9,56,,,[사조] 사조참치 토마토커리 참치(안심따개) 100g X 1캔 /참치캔/통조림
동원참치 야채참치 150g,참치/연어통조림,,,,,,,,,150,g,,,2800,4.9,55,,,[사조] 사조참치 고추할라피뇨 참치(안심따개) 100g X 24캔 /참치캔/통조림
동원 양반 쇠고기죽 420g x 4개,죽/스프,,,,,,,,,420,g,4,개,11900,4.9,55,,,[사조] 사조참치 고추할라피뇨 참치(안심따개) 100g X 48캔 /참치캔/통조림
동원 초밥의달인 큰사각유부초밥 378g,아이반찬,,,,,,,,,378,g,,,6280,4.9,55,,,[사조] 사조참치 토마토커리 참치(안심따개) 100g X 12캔 /참치캔/통조림
동원참치 살코기 라이트스탠다드 135gx20캔,참치/연어통조림,,,,,,,,,135,g,20,캔,42000,4.9,54,,,[사조] 생생참치 오리지널 115g X 1캔
동원 고등어 300g x 3캔,고등어/꽁치통조림,,,,,,,,,300,g,3,캔,6900,4.8,54,,,[사조] 마일드참치 250g X 1캔 /참치캔/통조림
동원 양반 캔볶음김치 160g,반찬/기타통조림,,,,,,,,,160,g,,,1980,4.9,54,,,[사조] 프리미엄 통살참치 알바코 100g X 1캔
동원 양반 소고기 미역국 460g (1~2인분) x 5개,국/탕/찌개,,,,,,,,,460,g,,,19300,4.9,54,,,[사조] 야채참치(안심따개) 150g X 1캔 /참치캔/통조림
동원 양반 밤단팥죽 285g,죽/스프,,,,,,,,,285,g,,,2200,4.9,54,,,[사조] 마일드참치(안심따개) 150g X 1캔 /참치캔/통조림
동원 미니파인애플 234g x 24캔(1박스),과일/옥수수/팥,,,,,,,,,234,g,24,캔,37000,5,53,,,[사조] 찌개참치(안심따개) 100g X 1캔 /참치캔/통조림
동원 양반 전복죽 420g,죽/스프,,,,,,,,,420,g,,,3400,4.9,53,,,[사조] 야채참치(안심따개) 100g X 1캔 /참치캔/통조림
동원참치 콘참치 85g x 10캔,참치/연어통조림,,,,,,,,,85,g,10,캔,16600,5,52,,,[사조] 마일드참치 250g X 12캔 /참치캔/통조림
동원 꽁치 230g x 6캔,고등어/꽁치통조림,,,,,,,,,230,g,6,캔,18600,4.9,52,,,[사조] 마일드참치 250g X 6캔 /참치캔/통조림
동원 양반 수라 한우사골설렁탕 460g (1~2인분) x 3개,국/탕/찌개,,,,,,,,,460,g,,,15000,4.9,50,,,[사조] 야채참치(안심따개) 150g X 24캔 /참치캔/통조림
동원 양반 버섯 야채죽 420g x 4개,죽/스프,,,,,,,,,420,g,4,개,10900,4.9,50,,,[사조] 야채참치(안심따개) 150g X 10캔 /참치캔/통조림
동원 양반 수라 차돌육개장 460g (1~2인분) x 3개,국/탕/찌개,,,,,,,,,460,g,,,15000,4.9,49,,,[사조] 야채참치(안심따개) 150g X 6캔 /참치캔/통조림
동원 양반 백합죽 420g x 10개,죽/스프,,,,,,,,,420,g,10,개,23900,5,49,,,[사조] 마일드참치(안심따개) 150g X 10캔 /참치캔/통조림
동원참치 매운고추참치 150g,참치/연어통조림,,,,,,,,,150,g,,,2800,5,48,,,[사조] 고추참치(안심따개) 150g X 6캔 /참치캔/통조림
동원 양반 야채죽 287g,죽/스프,,,,,,,,,287,g,,,2100,4.9,48,,,[사조] 살코기플러스참치(안심따개) 150g X 48캔 /참치캔/통조림
동원 초밥의달인 큰사각유부초밥 378g x 2개,아이반찬,,,,,,,,,378,g,2,개,11900,5,48,,,[사조] 살코기플러스참치(안심따개) 150g X 12캔 /참치캔/통조림
동원참치 고추참치 250g x 20캔,참치/연어통조림,,,,,,,,,250,g,20,캔,66000,5,47,,,[사조] 살코기플러스참치(안심따개) 150g X 10캔 /참치캔/통조림
동원참치 맛참 매콤참기름 90g x 20캔,참치/연어통조림,,,,,,,,,90,g,20,캔,37000,4.9,47,,,[사조] 살코기참치(안심따개) 150g X 48캔 /참치캔/통조림
[4%적립금] 동원 복숭아 백도 400g x 24개(1박스),과일/옥수수/팥,,,,,,,,,400,g,24,개,48000,5,47,,,[사조] 살코기참치(안심따개) 150g X 24캔 /참치캔/통조림
동원참치 김치찌개용 150g x 5캔,참치/연어통조림,,,,,,,,,150,g,5,캔,13500,5,46,,,[사조] 찌개참치(안심따개) 100g X 6캔 /참치캔/통조림
동원 고등어 400g x 5캔,고등어/꽁치통조림,,,,,,,,,400,g,5,캔,12000,4.8,46,,,[사조] 야채참치(안심따개) 100g X 48캔 /참치캔/통조림
동원 고등어 300g x 5캔,고등어/꽁치통조림,,,,,,,,,300,g,5,캔,11500,4.9,46,,,[사조] 야채참치(안심따개) 100g X 10캔 /참치캔/통조림
[특가] 동원 자연산왕골뱅이 400g x 4캔,골뱅이/수산통조림,,,,,,,,,400,g,4,캔,33400,4.9,46,,,[사조] 야채참치(안심따개) 100g X 6캔 /참치캔/통조림
동원 양반 참치죽 285g x 4개,죽/스프,,,,,,,,,285,g,4,개,7200,4.8,46,,,[사조] 마일드참치(안심따개) 100g X 48캔 /참치캔/통조림
동원참치 김치찌개용 150g x 3캔,참치/연어통조림,,,,,,,,,150,g,3,캔,8200,5,45,,,[사조] 살코기플러스참치(안심따개) 100g X 24캔 /참치캔/통조림
동원참치 동원맛참 고소참기름 135g x 10캔,참치/연어통조림,,,,,,,,,135,g,10,캔,25000,5,45,,,[사조] 살코기플러스참치(안심따개) 100g X 10캔 /참치캔/통조림
동원 지중해 황도 복숭아 820g,과일/옥수수/팥,,,,,,,,,820,g,,,3700,4.9,45,,,[사조] 살코기참치(안심따개) 100g X 48캔 /참치캔/통조림
동원 양반 밤단팥죽 420g,죽/스프,,,,,,,,,420,g,,,3200,4.9,45,,,[사조] 살코기참치(안심따개) 100g X 10캔 /참치캔/통조림
동원참치 뽀로로 키즈 100g x 10캔,참치/연어통조림,,,,,,,,,100,g,10,캔,21000,4.9,44,,,[사조] 고추참치(안심따개) 85g X 12캔 /참치캔/통조림
동원 복숭아 백도 400g x 3캔,과일/옥수수/팥,,,,,,,,,400,g,3,캔,8400,4.8,44,,,[사조] 마일드참치(안심따개) 85g X 24캔 /참치캔/통조림
동원 양반 캔김치 160g x 10캔,반찬/기타통조림,,,,,,,,,160,g,10,캔,18500,4.6,44,,,[사조] 마일드참치(안심따개) 85g X 48캔 /참치캔/통조림
동원 양반 수라 부대찌개 460g (1~2인분) x 5개,국/탕/찌개,,,,,,,,,460,g,,,24000,4.8,44,,,[사조] 살코기참치(안심따개) 85g X 24캔 /참치캔/통조림
동원 떡볶이의신 고소한치즈 컵떡볶이 160g,떡볶이/떡류,,,,,,,,,160,g,,,2700,4.7,42,,,[동원] 양반 100밥 현미밥 130g x 24개 + 동원맛참 고소참기름 135g x 6캔
동원참치 매운고추참치 150g x 3캔,참치/연어통조림,,,,,,,,,150,g,3,캔,8200,5,41,,,동원맛참 마요참기름 135gX5캔
동원 양반 진국 소고기무국 460g (1~2인분) x 3개,국/탕/찌개,,,,,,,,,460,g,,,12000,4.7,41,,,[동원] 동원참치뱃살 깊은 간장맛 135g
동원 양반 백합우거지된장국 460g (1~2인분),국/탕/찌개,,,,,,,,,460,g,,,4300,4.8,41,,,[동원] 동원 참치뱃살 깊은간장맛 135gx3캔
동원 양반 백합 미역국 460g (1~2인분) x 5개,국/탕/찌개,,,,,,,,,460,g,,,19300,4.8,41,,,라이트스탠다드 참치 100gx13캔 + 고추참치 100g x12캔
동원 꽁치 230g x 3캔,고등어/꽁치통조림,,,,,,,,,230,g,3,캔,9900,4.9,40,,,[2%적립금] 동원 살코기 참치 라이트스탠다드 3kg
동원 양반 진국 사골곰탕 300g (1인분) x 20개,국/탕/찌개,,,,,,,,,300,g,,,22900,4.9,40,,,[4%적립금] 동원 고추참치(덕용) 1880gx6개 ( 박스 )
[1+1] 동원 참치액 진 900g,고춧가루/액젓,,,,,,,,,900,g,,,12980,4.9,40,,,[2%적립금] 동원 고추참치(덕용) 1880g
동원참치 DHA 150g x 10캔,참치/연어통조림,,,,,,,,,150,g,10,캔,27000,4.8,39,,,동원참치 살코기 라이트스탠다드 90gx20캔
동원참치 매운고추참치 150g x 5캔,참치/연어통조림,,,,,,,,,150,g,5,캔,13500,5,39,,,동원참치 살코기 라이트스탠다드 90gx10캔
동원 자연산골뱅이 230g x 10캔,골뱅이/수산통조림,,,,,,,,,230,g,10,캔,52800,5,39,,,동원 고추참치 90g x 10캔
동원 양반 캔볶음김치 160g x 5캔,반찬/기타통조림,,,,,,,,,160,g,5,캔,9500,4.9,39,,,[4%적립금] 동원참치 뽀로로 키즈 100g x 60개(1박스)
동원 양반 전통잣죽 285g x 4개,죽/스프,,,,,,,,,285,g,4,개,8600,4.8,39,,,동원 마일드참치 150gx20캔
동원 마일드참치 150g,참치/연어통조림,,,,,,,,,150,g,,,2800,4.9,38,,,[사조] 프리미엄 통살참치 마라 100g X 8캔
동원참치 DHA 250g,참치/연어통조림,,,,,,,,,250,g,,,3900,4.9,38,,,[사조] 프리미엄 통살참치 황다랑어 100g X 8캔
동원참치 고추참치 250g x 5캔,참치/연어통조림,,,,,,,,,250,g,5,캔,17800,5,38,,,[사조] 생생참치 오리지널 115g X 6캔
동원 지중해 황도 복숭아 820g x 12캔(1박스),과일/옥수수/팥,,,,,,,,,820,g,12,캔,42000,4.9,38,,,[사조] 사조참치 간장버터 참치(안심따개) 100g X 1캔 /참치캔/통조림
동원 양반 백합우거지된장국 460g (1~2인분) x 5개,국/탕/찌개,,,,,,,,,460,g,,,19300,4.7,38,,,[사조] 사조참치 고추할라피뇨 참치(안심따개) 100g X 1캔 /참치캔/통조림
[1+1] 동원 참치액 진 500g,고춧가루/액젓,,,,,,,,,500,g,,,7980,5,38,,,[사조] 사조참치 짜장 참치(안심따개) 100g X 1캔 /참치캔/통조림
동원참치 김치찌개용 250g x 3캔,참치/연어통조림,,,,,,,,,250,g,3,캔,11550,4.9,37,,,[사조] 사조참치 고추할라피뇨 참치(안심따개) 100g X 10캔 /참치캔/통조림
동원참치 김치찌개용 250g x 20캔,참치/연어통조림,,,,,,,,,250,g,20,캔,65990,4.9,37,,,[사조] 사조참치 짜장 참치(안심따개) 100g X 6캔 /참치캔/통조림
동원 번데기 130gx3캔,골뱅이/수산통조림,,,,,,,,,130,g,3,캔,4200,4.9,37,,,[사조] 사조참치 짜장 참치(안심따개) 100g X 10캔 /참치캔/통조림
동원 리챔 340g x 3캔,햄/닭가슴살,,,,,,,,,340,g,3,캔,12900,5,37,,,[사조] 사조참치 짜장 참치(안심따개) 100g X 12캔 /참치캔/통조림
동원 양반 수라 한우사골설렁탕 460g (1~2인분),국/탕/찌개,,,,,,,,,460,g,,,5500,4.8,37,,,[사조] 사조참치 짜장 참치(안심따개) 100g X 24캔 /참치캔/통조림
동원 양반 백합죽 420g x 4개,죽/스프,,,,,,,,,420,g,4,개,11900,5,37,,,[사조] 사조참치 짜장 참치(안심따개) 100g X 48캔 /참치캔/통조림
[4%적립금] 동원참치 라이트스탠다드 250g x 36개(1박스),참치/연어통조림,,,,,,,,,250,g,36,개,115000,4.9,36,,,[사조] 살코기참치(안심따개) 100g X 1캔 /참치캔/통조림
동원 리챔 더블라이트 120g x 20캔,햄/닭가슴살,,,,,,,,,120,g,20,캔,38000,4.9,36,,,[사조] 찌개참치(안심따개) 85g X 1캔 /참치캔/통조림
동원 떡볶이의신 매콤달콤 컵떡볶이 160g,떡볶이/떡류,,,,,,,,,160,g,,,2700,5,36,,,[사조] 마일드참치(안심따개) 85g X 1캔 /참치캔/통조림
동원 양반 버섯 야채죽 420g,죽/스프,,,,,,,,,420,g,,,3200,4.9,36,,,[사조] 마일드참치 250g X 10캔 /참치캔/통조림
동원참치 동원맛참 매콤참기름 135g,참치/연어통조림,,,,,,,,,135,g,,,2500,5,35,,,[사조] 마일드참치 250g X 3캔 /참치캔/통조림
동원 양반 참치죽 287g x 12개,죽/스프,,,,,,,,,287,g,12,개,19900,5,35,,,[사조] 살코기참치 250g X 10캔 /참치캔/통조림
동원참치 김치찌개용 150g,참치/연어통조림,,,,,,,,,150,g,,,2800,4.9,34,,,[사조] 마일드 참치 (안심 따개) 150g X 48캔 / 참치캔 / 통조림
동원 미니파인애플 234g x 3캔,과일/옥수수/팥,,,,,,,,,234,g,3,캔,5700,4.9,34,,,[사조] 마일드참치(안심따개) 150g X 24캔 /참치캔/통조림
동원 양반 전복죽 420g x 20개,죽/스프,,,,,,,,,420,g,20,개,51000,4.9,34,,,[사조] 고추참치(안심따개) 150g X 24캔 /참치캔/통조림
동원 초밥의달인 롤유부초밥(고소한맛) 254g,아이반찬,,,,,,,,,254,g,,,5200,4.8,34,,,[사조] 고추참치(안심따개) 150g X 10캔 /참치캔/통조림
동원홈푸드 비비드키친 저칼로리비빔장 280g,기타양념,,,,,,,,,280,g,,,3980,4.9,34,,,[사조] 살코기참치(안심따개) 150g X 10캔 /참치캔/통조림
[1+1]동원 하루미 국물의신 멸치링 80g (20정),분말/액상조미료,,,,,,,,,80,g,,,9980,5,34,,,[사조] 살코기참치(안심따개) 150g X 6캔 /참치캔/통조림
동원 자연산꽁치 400g x 9캔,고등어/꽁치통조림,,,,,,,,,400,g,9,캔,35100,4.9,33,,,[사조] 야채참치(안심따개) 100g X 24캔 /참치캔/통조림
동원 화끈한골뱅이 140g x 10캔,골뱅이/수산통조림,,,,,,,,,140,g,10,캔,32800,4.8,33,,,[사조] 야채참치(안심따개) 100g X 12캔 /참치캔/통조림
동원 자연산골뱅이 300g x 5캔,골뱅이/수산통조림,,,,,,,,,300,g,5,캔,33400,4.8,33,,,[사조] 마일드참치(안심따개) 100g X 6캔 /참치캔/통조림
동원 런천미트 200g,햄/닭가슴살,,,,,,,,,200,g,,,2500,5,33,,,[사조] 고추참치(안심따개) 100g X 48캔 /참치캔/통조림
동원 양반 수라 차돌육개장 460g (1~2인분),국/탕/찌개,,,,,,,,,460,g,,,5500,4.7,33,,,[사조] 고추참치(안심따개) 100g X 12캔 /참치캔/통조림
동원 떡볶이의신 매콤달콤 컵떡볶이 160g x 5개,떡볶이/떡류,,,,,,,,,160,g,5,개,12500,4.7,33,,,[사조] 살코기플러스참치(안심따개) 100g X 48캔 /참치캔/통조림
동원 양반 캔볶음김치 160g x 20캔,반찬/기타통조림,,,,,,,,,160,g,20,캔,36600,5,32,,,[사조] 살코기참치(안심따개) 100g X 24캔 /참치캔/통조림
동원 한입골뱅이 400g x 10캔,골뱅이/수산통조림,,,,,,,,,400,g,10,캔,84800,5,31,,,[사조] 고추참치(안심따개) 85g X 48캔 /참치캔/통조림
동원 떡볶이의신 짜장떡볶이 385g (2인분),떡볶이/떡류,,,,,,,,,385,g,,,4980,4.7,31,,,[사조] 마일드참치(안심따개) 85g X 12캔 /참치캔/통조림
동원 양반 야채죽 287g x 12개,죽/스프,,,,,,,,,287,g,12,개,19900,5,31,,,[사조대림] 안심특선 V63호
동원참치 DHA 150g,참치/연어통조림,,,,,,,,,150,g,,,2800,5,30,,,동원 자연산꽁치 400g x 5캔
동원참치 김치찌개용 150g x 20캔,참치/연어통조림,,,,,,,,,150,g,20,캔,50000,5,30,,,동원 고등어 400g x 9캔
동원 자연산골뱅이 230g x 3캔,골뱅이/수산통조림,,,,,,,,,230,g,3,캔,17940,5,30,,,동원 고등어 400g x 12캔
동원 저스트 노슈가 황도 슬라이스 400g,과일/옥수수/팥,,,,,,,,,400,g,,,2580,4.6,30,,,동원 자연산꽁치 400g x 6캔
동원참치 맛참 고소참기름 135gx10캔 + (증정)라이트스탠다드 참치 135gx2캔,참치/연어통조림,,,,,,,,,"135, 135","g, g","10, 2","캔, 캔",25000,4.9,29,,,동원 고등어 400g x 6캔
동원 김치찌개용 꽁치 300g x 3캔,고등어/꽁치통조림,,,,,,,,,300,g,3,캔,12600,4.7,29,,,[4%적립금] 동원 고등어 400g x 24개(1박스)
동원 화끈한 골뱅이 400g,골뱅이/수산통조림,,,,,,,,,400,g,,,9280,4.9,29,,,동원 고등어 400g x 3캔
동원 양반 나주식 곰탕 460g (1~2인분) x 20개,국/탕/찌개,,,,,,,,,460,g,,,38000,5,29,,,동원 꽁치 230g x 6캔
동원 양반 들깨닭죽 420g x 10개,죽/스프,,,,,,,,,420,g,10,개,28900,4.9,29,,,동원 고등어 400g x 5캔
동원 양반 들깨닭죽 420g,죽/스프,,,,,,,,,420,g,,,3400,4.7,29,,,동원 고등어 300g x 5캔
동원참치 살코기135gx8캔 + 맛참 고소참기름 135gx4캔,참치/연어통조림,,,,,,,,,"135, 135","g, g","8, 4","캔, 캔",26400,4.8,28,,,동원 김치찌개용 꽁치 300g x 6캔
동원참치 고추참치 250g x 3캔,참치/연어통조림,,,,,,,,,250,g,3,캔,10800,4.9,28,,,동원 꽁치 230g x 12캔
[동원선물세트] 참치 T12호,참치/연어통조림,,,,,,,,,,,,,36900,5,28,,,동원 자연산꽁치 300g
동원참치 DHA 250g x 15캔,참치/연어통조림,,,,,,,,,250,g,15,캔,49500,5,28,,,동원 자연산꽁치 300g x 6캔
동원참치 맛참 매콤참기름 135gx10캔 + (증정)라이트스탠다드 참치 135gx2캔,참치/연어통조림,,,,,,,,,"135, 135","g, g","10, 2","캔, 캔",25000,4.8,28,,,동원 김치찌개용 꽁치 300g x 12캔
동원참치 동원맛참 매콤참기름 135g x 10캔,참치/연어통조림,,,,,,,,,135,g,10,캔,25000,4.9,28,,,동원 김치찌개용 꽁치 300g x 9캔
[참치24캔] 동원참치 살코기 85gx12캔+고추참치 100gx12캔,참치/연어통조림,,,,,,,,,"85, 100","g, g","12, 12","캔, 캔",30000,5,28,,,동원 자연산꽁치 300g x 9캔
동원 꽁치 230g,고등어/꽁치통조림,,,,,,,,,230,g,,,4000,4.9,28,,,[4%적립금] 동원 꽁치 1.8kg x 6개(1박스)
동원 저스트 노슈가 파인애플 425g,과일/옥수수/팥,,,,,,,,,425,g,,,2980,4.8,28,,,동원 김치찌개용 꽁치 300g
동원 양반 진국 사골곰탕 500g (1~2인분) x 3개,국/탕/찌개,,,,,,,,,500,g,,,4450,5,28,,,[2%적립금] 동원 꽁치 1880g
동원 양반 참치죽 287g,죽/스프,,,,,,,,,287,g,,,2100,5,28,,,동원 자연산골뱅이 230g x 5캔
[전통소스 강자] 비비드키친 저칼로리 토마토케첩 280g+머스타드소스 280g+바베큐소스 280g,기타양념,,,,,,,,,"280, 280, 280","g, g, g",", , ",", , ",9900,5,28,,,[4%적립금] 동원 자연산골뱅이 300g x 24개(1박스)
동원참치 콘참치 85g,참치/연어통조림,,,,,,,,,85,g,,,1800,5,27,,,동원 자연산골뱅이 매실청 140g x 10캔
동원 런천미트 340g,햄/닭가슴살,,,,,,,,,340,g,,,3500,4.9,27,,,동원 자연산골뱅이 230g x 10캔
동원 떡볶이의신 더매운 컵떡볶이 160g,떡볶이/떡류,,,,,,,,,160,g,,,2700,4.7,27,,,[4%적립금] 동원 자연산왕골뱅이 400g x 24개(1박스)
동원참치 매운고추참치 150g x 20캔,참치/연어통조림,,,,,,,,,150,g,20,캔,50000,5,26,,,동원 화끈한 골뱅이 400g
동원 화끈한골뱅이 140g,골뱅이/수산통조림,,,,,,,,,140,g,,,3300,4.9,26,,,동원 한입골뱅이 400g x 10캔
동원 자연산왕골뱅이 400g x 5캔,골뱅이/수산통조림,,,,,,,,,400,g,5,캔,43900,5,26,,,동원 화끈한골뱅이 140g
동원참치 포도씨유 150g,참치/연어통조림,,,,,,,,,150,g,,,2800,4.9,25,,,동원 자연산골뱅이 300g x 5캔
동원참치 루피는 참치마요 100g x 10캔,참치/연어통조림,,,,,,,,,100,g,10,캔,20000,4.9,25,,,동원 자연산골뱅이 300g x 3캔
동원 자연산왕골뱅이 400g x 10캔,골뱅이/수산통조림,,,,,,,,,400,g,10,캔,84800,5,25,,,동원 한입 골뱅이 400g x 5캔
동원 양반 진국사골곰탕 300g (1인분),국/탕/찌개,,,,,,,,,300,g,,,1500,5,25,,,동원 화끈한골뱅이 140g x 5캔
동원참치 라이트스탠다드 85g x 15캔+150g x 5캔,참치/연어통조림,,,,,,,,,"85, 150","g, g","15, 5","캔, 캔",35000,5,24,,,동원 을지로골뱅이 & 진미채 300g x 10캔 / 특제간장소스
동원맛참 마요참기름 135gX5캔,참치/연어통조림,,,,,,,,,135,g,5,캔,12000,4.9,24,,,동원 번데기 130gx24캔(1/2박스)
[4%적립금] 동원 자연산골뱅이 230g x 24캔(1박스),골뱅이/수산통조림,,,,,,,,,230,g,24,캔,109000,5,24,,,동원 자연산골뱅이 매실청 140g
동원 리챔 더블라이트 200g x 3캔,햄/닭가슴살,,,,,,,,,200,g,3,캔,8900,4.9,24,,,동원 한입골뱅이 400g x 2캔
동원 양반 수라 도가니설렁탕 460g (1~2인분) x 3개,국/탕/찌개,,,,,,,,,460,g,,,14600,4.9,24,,,동원 자연산골뱅이 400g x 2캔
[1+1] 동원 프리미엄 동원참치액 900g,고춧가루/액젓,,,,,,,,,900,g,,,22980,5,24,,,동원 화끈한골뱅이 140g x 3캔
동원참치 DHA 150g x 5캔,참치/연어통조림,,,,,,,,,150,g,5,캔,13500,5,23,,,동원 을지로골뱅이 & 진미채 300g x 5캔 / 특제간장소스
동원참치 야채참치 150g x 20캔,참치/연어통조림,,,,,,,,,150,g,20,캔,50000,5,23,,,동원 을지로골뱅이 & 진미채 300g x 2캔 / 특제간장소스
동원참치 동원맛참 고소참기름 135g,참치/연어통조림,,,,,,,,,135,g,,,2500,4.9,23,,,동원 자연산골뱅이탕(얼큰한국물) 300g x 3캔
동원 양반 쇠고기죽 420g x 20개,죽/스프,,,,,,,,,420,g,20,개,46900,5,23,,,동원 자연산왕골뱅이 400g x 3캔
동원 초밥의달인 롤유부초밥(새콤한맛) 254g,아이반찬,,,,,,,,,254,g,,,5200,4.8,23,,,[4%적립금] 동원 화끈한골뱅이 400g x 24개(1박스)
[4%적립금] 동원참치 DHA 250g x 36개(1박스),참치/연어통조림,,,,,,,,,250,g,36,개,115000,5,22,,,동원 을지로 골뱅이 & 구운아귀채 300g x 5캔 / 참치액소스
동원참치 카레참치 90g,참치/연어통조림,,,,,,,,,90,g,,,2000,5,22,,,동원 을지로 골뱅이 & 구운아귀채 300g x 3캔 / 참치액소스
동원 한입골뱅이 400g,골뱅이/수산통조림,,,,,,,,,400,g,,,9280,4.9,22,,,동원 을지로 골뱅이 & 구운아귀채 300g x 2캔 / 참치액소스
[10%적립]동원 리챔 순닭가슴살 135g x 16개,햄/닭가슴살,,,,,,,,,135,g,16,개,33900,4.9,22,,,동원 을지로 골뱅이 & 구운아귀채 300g x 10캔 / 참치액소스
동원 양반 수라 통다리 삼계탕 460g (1~2인분),국/탕/찌개,,,,,,,,,460,g,,,5980,5,22,,,[사조] 고등어 300g X 1캔
동원 양반 전복죽 420g+쇠고기죽 420g+밤단팥죽 420g 2개씩 총 6개,죽/스프,,,,,,,,,"420, 420, 420","g, g, g",", , 2",", , 개",20900,4.7,22,,,알마스 캐비아 벨루가 15g x 3 국내산 캐비어 양식 철갑상어알 프리미엄 선물세트
동원 양반 참치죽 420g,죽/스프,,,,,,,,,420,g,,,3200,4.8,22,,,동원 화끈한 골뱅이 400gx2캔
동원홈푸드 비비드키친 저당 쌈장소스 300g,간장/고추장/된장/쌈장,,,,,,,,,300,g,,,5480,5,22,,,동원 자연산왕골뱅이 400g
동원참치 루피는 참치마요 100g x 3캔,참치/연어통조림,,,,,,,,,100,g,3,캔,5300,5,21,,,동원 리챔 340g
"동원참치 맛참 매콤참기름 90gx10개 + 135gx4개, 총 14캔",참치/연어통조림,,,,,,,,,"90, 135","g, g","10, 4","개, 개",25000,4.9,21,,,동원 리챔 340g x 12캔
동원 고등어 300g,고등어/꽁치통조림,,,,,,,,,300,g,,,2800,4.9,21,,,[4%적립금] 동원 리챔 순닭가슴살 135g x 48개(1박스)
동원 을지로골뱅이 & 진미채 300g / 특제간장소스,골뱅이/수산통조림,,,,,,,,,300,g,,,6980,5,21,,,동원 리챔 340g x 9캔
동원 자연산골뱅이 300g x 3캔,골뱅이/수산통조림,,,,,,,,,300,g,3,캔,19800,4.9,21,,,동원 리챔 200g x 3캔
동원 Dole 후르츠칵테일 432g x 12캔(1/2박스),과일/옥수수/팥,,,,,,,,,432,g,12,캔,30000,4.8,21,,,동원 리챔 순닭가슴살 135g x 24개(1/2박스)
동원 저스트 노슈가 스위트콘 340g x 6캔,과일/옥수수/팥,,,,,,,,,340,g,6,캔,10200,4.8,21,,,동원 리챔 340g x 3캔
동원 양반 보양 삼계탕 900g (1~2인분) x 5개,국/탕/찌개,,,,,,,,,900,g,,,45500,5,21,,,동원 런천미트 200g
동원 양반 한우사골시래기국 460g (1~2인분) x 5개,국/탕/찌개,,,,,,,,,460,g,,,19300,4.8,21,,,동원 리챔 더블라이트 120g x 20캔
동원참치 마일드참치 200g,참치/연어통조림,,,,,,,,,200,g,,,3200,4.9,20,,,동원 리챔 순살꼬꼬 200g x 12개 / 닭가슴살햄
"동원참치 맛참 고소참기름 90gx10개 + 135gx4개, 총 14캔",참치/연어통조림,,,,,,,,,"90, 135","g, g","10, 4","개, 개",25000,4.9,19,,,동원 리챔 340g x 6캔
동원 번데기 130g,골뱅이/수산통조림,,,,,,,,,130,g,,,1480,4.9,19,,,동원 리챔 더블라이트 120g x 6캔
동원 Dole 파인애플 432g x 3캔,과일/옥수수/팥,,,,,,,,,432,g,3,캔,8100,4.7,19,,,동원 리챔 더블라이트 200g
동원 새콤달콤 도톰쫄깃 삼각유부초밥 340g(4인용) x 2개,아이반찬,,,,,,,,,340,g,,,8900,4.9,19,,,동원 리챔 순닭가슴살 135g x 8개
동원참치 고추참치 250g,참치/연어통조림,,,,,,,,,250,g,,,3700,4.8,18,,,동원 리챔 200g x 9캔
동원참치 튜나페 고소마요 129g(스프레드 100g+아이비 29g) x 5개,참치/연어통조림,,,,,,,,,"129, 100, 29","g, g, g",", , ",", , ",16400,4.8,18,,,동원 런천미트 340g x 4캔
"[체험팩] 동원참치 가미참치 90g 3종(불/짜장/카레) 각 3개, 총 9개",참치/연어통조림,,,,,,,,,90,g,3,,15600,5,18,,,동원 리챔 더블라이트 300g x 6캔
동원참치 불참치 90g,참치/연어통조림,,,,,,,,,90,g,,,2380,4.9,18,,,동원 리챔 순살꼬꼬 200g x 6개 / 닭가슴살햄
동원참치 야채참치 90gx10캔,참치/연어통조림,,,,,,,,,90,g,10,캔,20000,5,18,,,동원 리챔 더블라이트 300g x 3캔
양반 나주식 곰탕 460g (1~2인분) x 3개,국/탕/찌개,,,,,,,,,460,g,,,6450,4.9,18,,,동원 리챔 순살꼬꼬 200g / 닭가슴살햄
동원 양반 영양닭죽 285g,죽/스프,,,,,,,,,285,g,,,2200,4.9,18,,,스팸 클래식 200g 3입(노캡형) x2개(총 6개)
[동원선물세트] 진호,참치/연어통조림,,,,,,,,,,,,,80300,4.9,17,,,스팸 클래식 340g x10개+스팸 클래식 200g x10개
동원 자연산꽁치 300g x 3캔,고등어/꽁치통조림,,,,,,,,,300,g,3,캔,11300,4.9,17,,,스팸 클래식 340g x12개+라이트 340g x7개+닭가슴살 340g x1개
동원 한입 골뱅이 400g x 5캔,골뱅이/수산통조림,,,,,,,,,400,g,5,캔,47900,4.9,17,,,스팸 클래식 200g x12개+라이트 200g x7개+닭가슴살 200g x1개
동원 양반 캔김치 160g x 20캔,반찬/기타통조림,,,,,,,,,160,g,20,캔,36600,5,17,,,스팸 클래식 200g x5개+라이트 200g x5개+닭가슴살 200g x1개
동원 떡볶이의신 우리쌀 국물떡볶이 422g(2인) x 2개,떡볶이/떡류,,,,,,,,,422,g,,,8900,4.8,17,,,스팸 클래식 200g x5개+라이트 200g x4개+닭가슴살 200g x1개
동원 양반 백합죽 420g,죽/스프,,,,,,,,,420,g,,,3300,4.8,17,,,[사조대림] 닭가슴살 직화그릴 핫바 오리지널 700G X 2개 (20개입)
동원참치 DHA 150g x 20캔,참치/연어통조림,,,,,,,,,150,g,20,캔,50000,4.9,16,,,한성 본햄 200g 10개 국내산 돼지고기 캔 햄 통조림 부대찌개
"동원 참치 85g 2종 (라이트스탠다드10,고추5)+리챔 200g x 3개",참치/연어통조림,,,,,,,,,"85, 200","g, g","2, 3",", 개",28900,5,16,,,하림 IFF 한입쏙 닭안심 블랙페퍼 800g 2봉
동원참치 튜나페 고소마요 129g (스프레드 100g+아이비 29g),참치/연어통조림,,,,,,,,,"129, 100, 29","g, g, g",", , ",", , ",3280,4.8,16,,,스팸 클래식 200g x5개+스팸 라이트 200g x5개
동원 자연산꽁치 300g x 12캔,고등어/꽁치통조림,,,,,,,,,300,g,12,캔,42000,5,16,,,[사조대림] 닭가슴살 네모나 블랙페퍼 80g X 20개
동원 런천미트 200g x 10캔,햄/닭가슴살,,,,,,,,,200,g,10,캔,20900,5,16,,,[사조대림] 닭가슴살 네모나 오리지널 80g X 20개
"동원 참치 85g 2종 (라이트스탠다드10,고추5)+리챔 200g x 3개",햄/닭가슴살,,,,,,,,,"85, 200","g, g","2, 3",", 개",28900,5,16,,,[사조대림] 사조 안심 닭가슴살 훈제 100g X 10개
동원 저스트 노슈가 후르츠칵테일 425g,과일/옥수수/팥,,,,,,,,,425,g,,,2980,4.9,16,,,[CJ 선물세트] 최고의선택 특호 쇼핑백포함
동원 양반 캔김치 160g x 5캔,반찬/기타통조림,,,,,,,,,160,g,5,캔,9500,5,16,,,[CJ 선물세트] 최고의선택 프리미엄호 2개 쇼핑백포함
동원 양반 수라 돼지고기 김치찌개 460g (1~2인분) x 5개,국/탕/찌개,,,,,,,,,460,g,,,24000,4.9,16,,,[CJ 선물세트] 최고의선택 특호 2개 쇼핑백포함
동원 양반 수라 돼지고기 김치찌개 460g (1~2인분) x 3개,국/탕/찌개,,,,,,,,,460,g,,,15000,4.8,16,,,[CJ 선물세트] 특별한선택 K-2호 3개 쇼핑백포함
동원 양반 참치죽 420g x 10개,죽/스프,,,,,,,,,420,g,10,개,24900,4.9,16,,,[CJ 선물세트] 특별한선택 Y호 2개 쇼핑백포함
동원 초밥의달인 큰사각유부초밥 189g,아이반찬,,,,,,,,,189,g,,,3300,5,16,,,[CJ 선물세트] 스팸6호 쇼핑백포함
동원 초밥의달인 롤유부초밥(새콤한맛) 254g x 2개,아이반찬,,,,,,,,,254,g,2,개,9900,4.9,16,,,[CJ 선물세트] 스팸6호 4개 1박스 쇼핑백포함
동원참치 스프레드 고소마요 100gx4입,참치/연어통조림,,,,,,,,,100,g,4,,6400,4.8,15,,,[CJ 선물세트] 스팸G호 3개 쇼핑백포함
동원 고추참치 90g x 20캔,참치/연어통조림,,,,,,,,,90,g,20,캔,32000,5,15,,,[CJ 선물세트] 스팸6호 3개 쇼핑백포함
[순진500] 동원 참치액 500g 순+진,참치/연어통조림,,,,,,,,,500,g,,,7980,4.9,15,,,[CJ 선물세트] 스팸 라이트 12호 쇼핑백포함
동원 고등어 300g x 9캔,고등어/꽁치통조림,,,,,,,,,300,g,9,캔,18900,5,15,,,[CJ 선물세트] 스팸 라이트 12호 2개 쇼핑백포함
동원 자연산왕골뱅이 400g x 2캔,골뱅이/수산통조림,,,,,,,,,400,g,2,캔,18200,4.5,15,,,[CJ 선물세트] 스팸 라이트 12호 5개 1박스 쇼핑백포함
동원 번데기 130gx6캔,골뱅이/수산통조림,,,,,,,,,130,g,6,캔,8300,4.9,15,,,스팸 싱글 닭가슴살 80g x10개
동원 리챔 더블라이트 200g x 12캔,햄/닭가슴살,,,,,,,,,200,g,12,캔,32400,4.9,15,,,오늘좋은 데일리팜 기획 340Gx3개
동원 지중해 황도 복숭아 820g x 3캔,과일/옥수수/팥,,,,,,,,,820,g,3,캔,10800,5,15,,,오늘좋은 런천미트 기획 340Gx3개
동원 미니파인애플 234g x 12캔(1/2박스),과일/옥수수/팥,,,,,,,,,234,g,12,캔,20000,5,15,,,스팸 마일드 200g x8개+스팸 닭가슴살 200g x2개
동원 국산고구마당면 400g,파스타/생면/건면/기타 면,,,,,,,,,400,g,,,5900,4.9,15,,,스팸 마일드 200g x18개+스팸 닭가슴살 200g x2개
동원 양반 수라 한우사골설렁탕 460g (1~2인분) x 5개,국/탕/찌개,,,,,,,,,460,g,,,24000,5,15,,,오늘좋은 런천미트 340G
동원 양반 보양 삼계탕 900g (1~2인분),국/탕/찌개,,,,,,,,,900,g,,,9980,4.8,15,,,오늘좋은 데일리팜 라이트 340G
동원 양반 참치죽 420g x 4개,죽/스프,,,,,,,,,420,g,4,개,10900,5,15,,,스팸 닭가슴살 340g x8개
동원 양반 호박죽 285g x 12개 + 밤단팥죽 285g x 12개,죽/스프,,,,,,,,,"285, 285","g, g","12, 12","개, 개",37900,5,15,,,스팸 닭가슴살 340g x4개
[순진900] 동원 참치액 900g 순+진,고춧가루/액젓,,,,,,,,,900,g,,,12980,4.9,15,,,스팸 싱글 라이트 80g 5+5개
동원참치 콘참치 85g x 3캔,참치/연어통조림,,,,,,,,,85,g,3,캔,5100,4.8,14,,,[사조] 리얼 닭가슴살 135g X 6캔
동원참치 김치찌개용 250g x 15캔,참치/연어통조림,,,,,,,,,250,g,15,캔,51000,5,14,,,[사조] 런천미트 340g X 12캔
동원 번데기 130gx12캔,골뱅이/수산통조림,,,,,,,,,130,g,12,캔,15400,4.9,14,,,[사조] 라이트팜 200g X 12캔
[4%적립금] 동원 런천미트 340g x 24개(1박스),햄/닭가슴살,,,,,,,,,340,g,24,개,56000,5,14,,,[사조] 라이트팜 200g X 6캔
동원 리챔 순살꼬꼬 200g x 12개 / 닭가슴살햄,햄/닭가슴살,,,,,,,,,200,g,12,개,32400,5,14,,,[사조] 안심팜 340g X 6캔
동원 미니파인애플 234g,과일/옥수수/팥,,,,,,,,,234,g,,,2000,4.6,14,,,[사조] 리얼 닭가슴살 135g X 1캔
동원 저스트 노슈가 스위트콘 340g x 12캔,과일/옥수수/팥,,,,,,,,,340,g,12,캔,19200,4.9,14,,,[사조] 라이트팜 200g X 1캔
동원 양반 캔갓김치 160g,반찬/기타통조림,,,,,,,,,160,g,,,2000,4.6,14,,,동원 리챔 프로틴 200g x 6캔
[1+1] 동원 프리미엄 동원참치액 500g,고춧가루/액젓,,,,,,,,,500,g,,,14980,4.7,14,,,닭가슴살 핫도그 5팩+닭가슴살 치즈핫도그 5팩
동원 화끈한골뱅이 140g x 5캔,골뱅이/수산통조림,,,,,,,,,140,g,5,캔,16900,4.9,13,,,[파워닭] 닭가슴살 스테이크 5팩(불고기맛)+5팩(고추맛)
[4%적립금] 동원 번데기 130gx48캔(1박스),골뱅이/수산통조림,,,,,,,,,130,g,48,캔,50000,4.7,13,,,스팸 클래식 340g x5개+라이트 340g x5개+닭가슴살 340g x1개
동원 떡볶이의신 우리쌀 국물떡볶이 422g(2인),떡볶이/떡류,,,,,,,,,422,g,,,4980,4.9,13,,,스팸 클래식 340g x5개+라이트 340g x4개+닭가슴살 340g x1개
[4%적립금] 동원 단호박죽 285g x 24개입 x 3박스,죽/스프,,,,,,,,,285,g,24,개,102300,5,13,,,스팸 닭가슴살 340g x10개
동원 리챔 순닭가슴살 135g x 4개,햄/닭가슴살,,,,,,,,,135,g,4,개,15900,4.8,12,,,[CJ 선물세트] 최고의선택 특호 3개 1박스 쇼핑백포함
동원 저스트 노슈가 황도 2절 400g,과일/옥수수/팥,,,,,,,,,400,g,,,2580,4.8,12,,,[CJ 선물세트] 특별한선택 K-2호 쇼핑백포함
동원 Dole 후르츠칵테일 432g x 3캔,과일/옥수수/팥,,,,,,,,,432,g,3,캔,8100,4.7,12,,,[CJ 선물세트] 특별한선택 K-2호 5개 1박스 쇼핑백포함
동원 양반 수라 통다리 닭볶음탕 490g (1~2인분) x 5개,국/탕/찌개,,,,,,,,,490,g,,,25900,4.8,12,,,[CJ 선물세트] 특별한선택 Y호 쇼핑백포함
동원 양반 수라 도가니설렁탕 460g (1~2인분),국/탕/찌개,,,,,,,,,460,g,,,4900,4.8,12,,,[CJ 선물세트] 특별한선택 Y호 4개 1박스 쇼핑백포함
동원 양반 백합죽 420g x 20개,죽/스프,,,,,,,,,420,g,20,개,46900,5,12,,,[CJ 선물세트] 특별한선택 K-2호 2개 쇼핑백포함
동원 양반 밤단팥죽 420g x 20개,죽/스프,,,,,,,,,420,g,20,개,46900,5,12,,,[CJ 선물세트] 스팸1호 쇼핑백포함
동원참치 DHA 150g x 3캔,참치/연어통조림,,,,,,,,,150,g,3,캔,8200,5,11,,,스팸 라이트 340g 3입(노캡형) x4개(총 12개)
동원참치 마일드참치 200g x 15캔,참치/연어통조림,,,,,,,,,200,g,15,캔,44250,5,11,,,스팸 라이트 340g 3입(노캡형) x2개(총 6개)
동원참치 콘참치 85g x 5캔,참치/연어통조림,,,,,,,,,85,g,5,캔,8250,4.8,11,,,스팸 클래식 340g 3입(노캡형) x2개(총 6개)
동원참치 김치찌개용 250g x 5캔,참치/연어통조림,,,,,,,,,250,g,5,캔,18900,5,11,,,스팸 라이트 200g 3입(노캡형) x4개(총 12개)
동원참치 살코기 인 워터 100g,참치/연어통조림,,,,,,,,,100,g,,,2400,4.9,11,,,스팸 라이트 200g 10+10개
동원참치 포도씨유 150gx10캔,참치/연어통조림,,,,,,,,,150,g,10,캔,27000,5,11,,,스팸 라이트 200g 5+5개
동원 자연산꽁치 300g x 9캔,고등어/꽁치통조림,,,,,,,,,300,g,9,캔,33400,5,11,,,스팸 클래식 200g 3입(노캡형) x4개(총 12개)
동원 양반 진국 사골곰탕 300g (1인분) x 10개,국/탕/찌개,,,,,,,,,300,g,,,13500,5,11,,,한성 런천미트 200g 24개 1박스 햄 통조림 부대찌개
동원 양반 수라 한우사골곰탕 460g (1~2인분) x 3개,국/탕/찌개,,,,,,,,,460,g,,,6540,4.9,11,,,[똑똑한식단] 닭가슴살 소시지바 4종(훈제/불갈비향/더블치즈/청양고추맛) 각5개(개당70g/20개)
동원 양반 수라 차돌된장찌개 460g (1~2인분) x 3개,국/탕/찌개,,,,,,,,,460,g,,,15000,5,11,,,[똑똑한식단] 닭가슴살 소시지바 4종(훈제/불갈비향/더블치즈/청양고추맛) 각3개(개당70g/12개)
동원 양반 수라 차돌된장찌개 460g (1~2인분),국/탕/찌개,,,,,,,,,460,g,,,5500,4.9,11,,,[똑똑한식단] 스모크향 훈제 닭가슴살 소시지바 10개(개당70g)
동원참치 살코기 인 워터 100g x 3캔,참치/연어통조림,,,,,,,,,100,g,3,캔,7200,5,10,,,하림 닭가슴살 오리지널 챔 200g 10캔
동원참치 고추참치 85g x 60캔(1박스),참치/연어통조림,,,,,,,,,85,g,60,캔,91200,5,10,,,[CJ] 특별한선택 BN호
동원참치 스프레드 갈릭마요 100g,참치/연어통조림,,,,,,,,,100,g,,,2000,4.8,10,,,[아침] 바로드숑 해동없이 바로먹는 실온보관 닭가슴살 BEST 10종 모음전 100g*10팩
동원 꽁치 230g x 9캔,고등어/꽁치통조림,,,,,,,,,230,g,9,캔,27000,4.8,10,,,현미로만든 닭가슴살소시지 치즈핫도그 20팩
동원 자연산골뱅이 매실청 140g x 5캔,골뱅이/수산통조림,,,,,,,,,140,g,5,캔,16900,5,10,,,현미로만든 닭가슴살소시지 치즈핫도그 10팩
동원 Dole 후르츠칵테일 432g x 6캔,과일/옥수수/팥,,,,,,,,,432,g,6,캔,16000,4.9,10,,,현미로만든 닭가슴살소시지 핫도그 20팩
동원 저스트 노슈가 황도 슬라이스 400g x 6캔,과일/옥수수/팥,,,,,,,,,400,g,6,캔,16200,4.5,10,,,현미로만든 닭가슴살소시지 핫도그 15팩
동원 저스트 노슈가 파인애플 822g,과일/옥수수/팥,,,,,,,,,822,g,,,5480,4.9,10,,,청양고추맛 닭가슴살 소시지 10개
동원 양반 캔갓김치 160g x 5캔,반찬/기타통조림,,,,,,,,,160,g,5,캔,9500,4.9,10,,,불갈비향 닭가슴살 소시지 20개
동원 양반 한우사골시래기국 460g x (1~2인분) 3개,국/탕/찌개,,,,,,,,,460,g,,,12000,5,10,,,훈제 닭가슴살 소시지 15개
동원 양반 수라 통다리 닭볶음탕 490g (1~2인분),국/탕/찌개,,,,,,,,,490,g,,,5900,4.8,10,,,치닭스 닭가슴살 스테이크 15팩
동원 양반 전복죽 285g x 6개+쇠고기죽 287g x 6개,죽/스프,,,,,,,,,"285, 287","g, g","6, 6","개, 개",23600,5,10,,,맛있게매운 핵불닭 닭가슴살 20팩
동원 양반 전통잣죽 285g,죽/스프,,,,,,,,,285,g,,,2500,4.7,10,,,맛있게매운 핵불닭 닭가슴살 5팩
동원 양반 버섯 야채죽 420g x 20개,죽/스프,,,,,,,,,420,g,20,개,46900,4,10,,,[똑똑한식단]THE부드러운 불갈비맛 닭가슴살 20팩
동원 양반 쇠고기죽 287g 12개 + 야채죽 287g 12개,죽/스프,,,,,,,,,"287, 287","g, g","12, 12","개, 개",40900,5,10,,,[똑똑한식단]THE부드러운 불갈비맛 닭가슴살 10팩
[고기에 좋은] 비비드키친 저칼로리 데리야끼소스 285g+숯불매콤소스 290g+바베큐소스 280g,기타양념,,,,,,,,,"285, 290, 280","g, g, g",", , ",", , ",10500,5,10,,,[파워닭]닭가슴살 소시지 4팩(맛별)＋닭가슴살 스테이크 2팩(맛별)
동원홈푸드 비비드키친 알룰로스 510g,올리고당/물엿/조청/꿀,,,,,,,,,510,g,,,8580,4.9,10,,,동원 Dole 파인애플 432g
[4%적립금] 동원 빵가루 1kg x 8개(1박스),부침가루/튀김가루/빵가루,,,,,,,,,1,kg,8,개,28000,5,10,,,동원 복숭아 백도 400g x 12캔(1/2박스)
동원참치 마일드참치 200gx5캔,참치/연어통조림,,,,,,,,,200,g,5,캔,15000,5,9,,,동원 저스트 노슈가 스위트콘 340g x 12캔
동원 리챔 더블라이트 120g x 12캔,햄/닭가슴살,,,,,,,,,120,g,12,캔,25200,4.7,9,,,동원 지중해 황도 복숭아 820g x 6캔(1/2박스)
동원 런천미트 340g x 10캔,햄/닭가슴살,,,,,,,,,340,g,10,캔,30900,5,9,,,[4%적립금] 동원 저스트 노슈가 황도 슬라이스 400g x 24캔(1박스)
동원 Dole 후르츠칵테일 432g x 24캔(1박스),과일/옥수수/팥,,,,,,,,,432,g,24,캔,55000,5,9,,,동원 저스트 노슈가 황도 2절 400g
동원 양반 수라 한우사골설렁탕 460g (1~2인분) x 10개,국/탕/찌개,,,,,,,,,460,g,,,44000,5,9,,,동원 Dole 파인애플 432g x 12캔(1/2박스)
동원 양반 전복죽 420g x 6개 + 쇠고기죽 420g x 6개,죽/스프,,,,,,,,,"420, 420","g, g","6, 6","개, 개",33900,4.7,9,,,[2%적립금] 동원 지중해 황도 복숭아 820g
양반 전복죽 420g x 5개 +백합죽 420g x 5개,죽/스프,,,,,,,,,"420, 420","g, g","5, 5","개, 개",28000,4.9,9,,,동원 Dole 후르츠칵테일 432g x 3캔
동원 재래식압착 참기름 160ml,간장/고추장/된장/쌈장,,,,,,,,,160,ml,,,4200,5,9,,,동원 저스트 노슈가 후르츠칵테일 425g
동원참치 뽀로로 키즈 100g x 3캔,참치/연어통조림,,,,,,,,,100,g,3,캔,6000,4.4,8,,,동원 저스트 노슈가 황도 2절 400g x 6캔
동원 리챔 더블라이트 200g x 6캔,햄/닭가슴살,,,,,,,,,200,g,6,캔,17400,5,8,,,동원 저스트 노슈가 황도 슬라이스 400g x 12캔
동원 지중해 황도 복숭아 820g x 6캔(1/2박스),과일/옥수수/팥,,,,,,,,,820,g,6,캔,21000,4.9,8,,,[동원] 미니 파인애플 234g x 5
[4%적립금] 동원 저스트 노슈가 황도 슬라이스 400g x 24캔(1박스),과일/옥수수/팥,,,,,,,,,400,g,24,캔,52000,4.9,8,,,[오뚜기] LIGHT&JOY_가벼운 황도 280g x 12개
동원 저스트 노슈가 파인애플 822gx6개,과일/옥수수/팥,,,,,,,,,822,g,6,개,26000,5,8,,,동원 저스트 노슈가 후르츠칵테일 822g x 2캔
양반 나주식 곰탕 460g (1~2인분),국/탕/찌개,,,,,,,,,460,g,,,2250,4.8,8,,,[4%적립금] 동원 저스트 노슈가 후르츠칵테일 425gx48개(2박스)
동원 재래식압착 참기름 160ml x 2병,간장/고추장/된장/쌈장,,,,,,,,,160,ml,2,병,8000,5,8,,,동원 미니파인코코 227g
동원 참치액 진 900g,고춧가루/액젓,,,,,,,,,900,g,,,9980,5,8,,,동서식품 리치스 홀 커널 스위트콘 2.95kg
[2+2] 동원 참치액 진 500g,고춧가루/액젓,,,,,,,,,500,g,,,15960,5,8,,,[오뚜기] LIGHT&JOY_가벼운 백도 280g x 12개
동원 참치액 순 500gx3개,고춧가루/액젓,,,,,,,,,500,g,3,개,17940,4.9,8,,,동원 저스트 노슈가 후르츠칵테일 425gx12개
동원 참치액 진 900g,동원참치액,,,,,,,,,900,g,,,9980,5,8,,,동원 저스트 노슈가 후르츠칵테일 425gx6개
동원 참치액 순 500gx3개,동원참치액,,,,,,,,,500,g,3,개,17940,4.9,8,,,오늘좋은 스위트콘 기획 340gx12개
동원참치 DHA 250g x 3캔,참치/연어통조림,,,,,,,,,250,g,3,캔,11700,5,7,,,[산줄리아노] 버터빈 400g X 1개
동원참치 마일드 150g x 5캔,참치/연어통조림,,,,,,,,,150,g,5,캔,13500,5,7,,,[산줄리아노] 까넬리니빈 400g X 4개
동원참치 마일드참치 200g x 3캔,참치/연어통조림,,,,,,,,,200,g,3,캔,9300,5,7,,,[산줄리아노] 까넬리니빈 400g X 6개
동원참치 스프레드 체다치즈 100g,참치/연어통조림,,,,,,,,,100,g,,,2000,5,7,,,[산줄리아노] 까넬리니빈 400g X 12개
동원참치 야채참치 90g,참치/연어통조림,,,,,,,,,90,g,,,2000,5,7,,,[산줄리아노] 버터빈 400g X 6개
동원 김치찌개용 꽁치 300g x 6캔,고등어/꽁치통조림,,,,,,,,,300,g,6,캔,25800,5,7,,,[산줄리아노] 버터빈 400g X 12개
동원 김치찌개용 꽁치 300g x 12캔,고등어/꽁치통조림,,,,,,,,,300,g,12,캔,44400,5,7,,,알마스 캐비아 벨루가 30g 국내산 캐비어 양식 철갑상어알 프리미엄 선물세트
동원 자연산골뱅이탕(얼큰한국물) 300g,골뱅이/수산통조림,,,,,,,,,300,g,,,4900,4.6,7,,,알마스 캐비아 오세트라 30g + 벨루가 30g 국내산 캐비어 양식 철갑상어알 프리미엄 선물세트
동원 을지로골뱅이 & 진미채 300g x 10캔 / 특제간장소스,골뱅이/수산통조림,,,,,,,,,300,g,10,캔,62800,5,7,,,알마스 캐비아 벨루가 30g x5 국내산 캐비어 양식 철갑상어알 프리미엄 선물세트
동원 번데기 130gx24캔(1/2박스),골뱅이/수산통조림,,,,,,,,,130,g,24,캔,30000,4.7,7,,,알마스 캐비아 오세트라 30g 국내산 캐비어 양식 철갑상어알 프리미엄 선물세트
동원 자연산골뱅이 매실청 140g,골뱅이/수산통조림,,,,,,,,,140,g,,,3880,4.6,7,,,알마스 캐비아 세브루가 15g 국내산 캐비어 양식 철갑상어알 프리미엄 선물세트
동원 을지로골뱅이 & 진미채 300g x 2캔 / 특제간장소스,골뱅이/수산통조림,,,,,,,,,300,g,2,캔,13400,4.7,7,,,알마스 캐비아 벨루가 15g 국내산 캐비어 양식 철갑상어알 프리미엄 선물세트
[4%적립금] 동원 화끈한골뱅이 400g x 24개(1박스),골뱅이/수산통조림,,,,,,,,,400,g,24,개,149000,5,7,,,알마스 캐비아 오세트라 15g x 3 국내산 캐비어 양식 철갑상어알 프리미엄 선물세트
동원 런천미트 200g x 4캔,햄/닭가슴살,,,,,,,,,200,g,4,캔,8900,5,7,,,알마스 캐비아 오세트라 120g 국내산 캐비어 양식 철갑상어알 프리미엄 선물세트
동원 리챔 더블라이트 200g x 9캔,햄/닭가슴살,,,,,,,,,200,g,9,캔,25600,5,7,,,알마스 캐비아 세브루가 120g 국내산 캐비어 양식 철갑상어알 프리미엄 선물세트
동원 리챔 순닭가슴살 135g x 8개,햄/닭가슴살,,,,,,,,,135,g,8,개,16800,4.9,7,,,알마스 캐비아 벨루가 120g 국내산 캐비어 양식 철갑상어알 프리미엄 선물세트
동원 미니파인코코 227g x 24캔(1박스),과일/옥수수/팥,,,,,,,,,227,g,24,캔,37000,5,7,,,[4%적립금] 동원 양반 캔볶음김치 160g x 96캔
동원 저스트 노슈가 파인애플 425gx24개(1박스),과일/옥수수/팥,,,,,,,,,425,g,24,개,55000,4.9,7,,,동원 양반 캔갓김치 160g x 48캔
동원 저스트 노슈가 후르츠칵테일 822g,과일/옥수수/팥,,,,,,,,,822,g,,,3980,4.9,7,,,식자재 아울렛 통조림 부대햄 튜립A
동원 저스트 노슈가 파인애플 425gx12개,과일/옥수수/팥,,,,,,,,,425,g,12,개,33900,5,7,,,식자재 아울렛 통조림 화풍양송이 슬 2.84kg
동원 양반 캔갓김치 160g x 10캔,반찬/기타통조림,,,,,,,,,160,g,10,캔,18500,4.6,7,,,식자재 아울렛 통조림 델솔나쵸할라피뇨 2.83Kg
양반 나주식 곰탕 460g (1~2인분) x 10개,국/탕/찌개,,,,,,,,,460,g,,,20000,4.9,7,,,식자재 아울렛 통조림 화풍 죽순 채 2.8kg
동원 양반 수라 차돌된장찌개 460g (1~2인분) x 5개,국/탕/찌개,,,,,,,,,460,g,,,24000,4.1,7,,,식자재 아울렛 통조림 화풍 양송이 특편 2.8kg
동원 떡볶이의신 우리쌀 국물떡볶이 422g(2인) x 5개,떡볶이/떡류,,,,,,,,,422,g,,,19900,5,7,,,식자재 아울렛 통조림 화풍 표고버섯 채 2.8kg
동원 떡볶이의신 더매운 컵떡볶이 160g x 10개,떡볶이/떡류,,,,,,,,,160,g,10,개,23900,5,7,,,식자재 아울렛 통조림 화풍 표고버섯 홀 2.8kg
양반 허니슈크림 붕어빵 300g x 2봉 + 앙버터 붕어빵 300g,생지/냉동반죽,,,,,,,,,"300, 300","g, g","2, ","봉, ",17900,4.6,7,,,동원 양반 캔갓김치 160g x 20캔
[2+2] 동원 참치액 진 900g,고춧가루/액젓,,,,,,,,,900,g,,,25960,5,7,,,[쥬카토] 그린 올리브 690g
동원 참치액 순 900g,동원참치액,,,,,,,,,900,g,,,9980,5,7,,,[리졸리] 앤쵸비(올리브오일) 720g-캔
"동원 국물의신 100g(4gx25입) 2종 각 1개(멸치,참치)",분말/액상조미료,,,,,,,,,"100, 4","g, g",", 25",", ",13500,5,7,,,[리졸리] 참치 185g
동원 참치액 순 900g,분말/액상조미료,,,,,,,,,900,g,,,9980,5,7,,,[오뚜기] 3분 쇠고기 간짜장 S.P 200G x 24개
동원 고추참치 90g,참치/연어통조림,,,,,,,,,90,g,,,1900,5,6,,,알마스 캐비아 세브루가 15g x 3 국내산 캐비어 양식 철갑상어알 프리미엄 선물세트
동원맛참 마요참기름 135g 10캔,참치/연어통조림,,,,,,,,,135,g,10,캔,27900,5,6,,,알마스 캐비아 세브루가 15g + 오세트라 15g + 벨루가 15g 국내산 캐비어 양식 철갑상어알 프리미엄 선물세트
동원 한입골뱅이 400g x 2캔,골뱅이/수산통조림,,,,,,,,,400,g,2,캔,18200,4.8,6,,,동서 리치스 오이피클(컵) 80gx168개/1BOX
동원 자연산골뱅이 400g x 2캔,골뱅이/수산통조림,,,,,,,,,400,g,2,캔,18200,4.7,6,,,동서 산베니토 토마토 페이스트 3.15kg
동원 리챔 순닭가슴살 135g x 12개,햄/닭가슴살,,,,,,,,,135,g,12,개,24000,5,6,,,동서 산베니토 홀 필드 토마토 2.89kg
동원 리챔 340g x 6캔,햄/닭가슴살,,,,,,,,,340,g,6,캔,25500,4.8,6,,,[마다마 올리바] 냉장 블랙노첼라라벨리체 올리브 250g x 2개 (소비기한 2025-07-16까지)
동원 리챔 더블라이트 120g x 6캔,햄/닭가슴살,,,,,,,,,120,g,6,캔,13200,4.7,6,,,[마다마 올리바] 냉장 블랙노첼라라벨리체 올리브 250g x 4개 (소비기한 2025-07-16까지)
동원 리챔 더블라이트 200g,햄/닭가슴살,,,,,,,,,200,g,,,3000,5,6,,,식자재 아울렛 통조림 라리 베이키드빈스 420g
동원 리챔 더블라이트 120g x 3캔,햄/닭가슴살,,,,,,,,,120,g,3,캔,6900,5,6,,,식자재 아울렛 통조림 죽순 홀 화풍 2.84kg
[2%적립금] 동원 지중해 황도 복숭아 820g,과일/옥수수/팥,,,,,,,,,820,g,,,3400,4.2,6,,,식자재 아울렛 통조림 이츠웰 파인애플 슬라이스 836g
동원 저스트 노슈가 후르츠칵테일 822gx6개,과일/옥수수/팥,,,,,,,,,822,g,6,개,22900,5,6,,,식자재 아울렛 통조림 이츠웰 후르츠칵테일 3.062kg
[4%적립금] 동원 저스트 노슈가 파인애플 425gx48개(2박스),과일/옥수수/팥,,,,,,,,,425,g,48,개,95000,5,6,,,식자재 아울렛 통조림 화풍 죽순편 2.8kg
동원 양반 수라 통다리 닭볶음탕 490g (1~2인분) x 3개,국/탕/찌개,,,,,,,,,490,g,,,15900,4.7,6,,,식자재 아울렛 통조림 델몬트 파인애플 슬라이스 836g
동원 떡볶이의신 우리쌀 로제떡볶이 360g(2인),떡볶이/떡류,,,,,,,,,360,g,,,4980,4.3,6,,,리치스 그린올리브 홀 피티드 405g
[4%적립금] 동원 양반 들깨닭죽 420g x 20개입 x 3박스,죽/스프,,,,,,,,,420,g,20,개,130000,5,6,,,[마다마 올리바] 냉장 블랙노첼라라벨리체올리브 250g x 3개 (소비기한 2025-07-16까지)
동원 양반 전복죽 287g x 12개 + 쇠고기죽 287g x 12개,죽/스프,,,,,,,,,"287, 287","g, g","12, 12","개, 개",44900,5,6,,,"밥지을때 바로넣는 유기농 감자,곤드레나물 12인분(18gx6봉)"
양반 전복죽 420g x 5개 + 쇠고기죽 420g x 5개,죽/스프,,,,,,,,,"420, 420","g, g","5, 5","개, 개",28000,4.8,6,,,"밥지을때 바로넣는 유기농 더덕,곤드레나물 12인분(15gx6봉)"
동원참치 스프레드 갈릭마요 100gx10캔,참치/연어통조림,,,,,,,,,100,g,10,캔,20000,3.6,5,,,오뚜기 팔도 진새라면세트 총 20봉 (진매10+틈새빨계10) / 봉지라면
동원참치 살코기 라이트스탠다드 135gx3캔,참치/연어통조림,,,,,,,,,135,g,3,캔,7000,5,5,,,[농심] 너구리 순한맛 5개
동원 꽁치 230g x 12캔,고등어/꽁치통조림,,,,,,,,,230,g,12,캔,33600,5,5,,,농심 감자면 40봉 감자라면 봉지라면
동원 자연산꽁치 300g,고등어/꽁치통조림,,,,,,,,,300,g,,,4700,5,5,,,농심)신라면 봉지(30개입)
동원 자연산왕골뱅이 400g x 3캔,골뱅이/수산통조림,,,,,,,,,400,g,3,캔,26900,5,5,,,열라면(오뚜기 멀티팩 120g x5입)
동원 리챔 프로틴 200g,햄/닭가슴살,,,,,,,,,200,g,,,3000,5,5,,,너구리(농심 30봉)
동원 리챔 순살꼬꼬 200g x 3개 / 닭가슴살햄,햄/닭가슴살,,,,,,,,,200,g,3,개,8900,5,5,,,신라면 멀티(농신 40봉)
동원 리챔 더블라이트 300g x 9캔,햄/닭가슴살,,,,,,,,,300,g,9,캔,35100,4.6,5,,,오뚜기 열라면 120gx20봉지
동원 리챔 더블라이트 300g x 6캔,햄/닭가슴살,,,,,,,,,300,g,6,캔,24000,5,5,,,신라면 120gx40봉지
동원 리챔 더블라이트 300g x 3캔,햄/닭가슴살,,,,,,,,,300,g,3,캔,12300,4.8,5,,,농심 라면왕 김통깨 100gx32봉지
동원 Dole 파인애플 432g x 12캔(1/2박스),과일/옥수수/팥,,,,,,,,,432,g,12,캔,30000,4.6,5,,,농심 신라면 블랙 두부김치 127gx16봉지
동원 미니파인애플 234g x 6캔,과일/옥수수/팥,,,,,,,,,234,g,6,캔,11000,5,5,,,농심 신라면 블랙 두부김치 127gx32봉지
동원 양반 진국 사골곰탕 300g (1인분) x 3개,국/탕/찌개,,,,,,,,,300,g,,,4400,5,5,,,팔도 꼬꼬면 115gx20봉지
양반 전복죽 420g+쇠고기죽 420g+단호박죽 420g 2개씩 총 6개,죽/스프,,,,,,,,,"420, 420, 420","g, g, g",", , 2",", , 개",20900,5,5,,,무파마탕면 122gx16봉지
양반 전복죽 420g x 5개 +들깨닭죽 420g x 5개,죽/스프,,,,,,,,,"420, 420","g, g","5, 5","개, 개",28000,4.6,5,,,삼양라면 120gx20봉지
[4%적립금] 동원 야채죽 287g 24개입 x 3박스,죽/스프,,,,,,,,,287,g,24,개,102300,5,5,,,신라면 블랙 32봉지
[4%적립금] 동원 양반 전복죽 287g 24개입 x 3박스,죽/스프,,,,,,,,,287,g,24,개,126900,5,5,,,짜파게티10봉지+얼큰 너구리10봉지
동원 초밥의달인 큰사각유부초밥 189g x 2개,아이반찬,,,,,,,,,189,g,2,개,6200,5,5,,,한끼라면 얼큰면 농심 짜왕 134g 4입
[1+1] 동원 참치액 순 500g,고춧가루/액젓,,,,,,,,,500,g,,,7980,5,5,,,한끼라면 얼큰면 농심 얼큰한너구리 120g
동원 마일드참치 150g x 3캔,참치/연어통조림,,,,,,,,,150,g,3,캔,8200,5,4,,,진라면(덕용 매운맛 오뚜기 120gx30)
동원참치 루피는 참치마요 100g,참치/연어통조림,,,,,,,,,100,g,,,2100,5,4,,,오뚜기 쇠고기 미역국라면 115gx32봉지
동원참치 DHA 250g x 5캔,참치/연어통조림,,,,,,,,,250,g,5,캔,18900,4.8,4,,,팔도 꼬꼬면 115gx40봉지
[4%적립금] 동원참치 라이트스탠다드 1.88kg x 6개(1박스),참치/연어통조림,,,,,,,,,88,kg,6,개,99000,4.5,4,,,농심 라면왕 김통깨 100gx16봉지(반박스)
동원 자연산꽁치 300g x 6캔,고등어/꽁치통조림,,,,,,,,,300,g,6,캔,23100,4,4,,,농심 신라면 건면 97gx20봉지(반박스)
동원 자연산골뱅이 300gx4개+면발의신 생쫄면 385g(2인분),골뱅이/수산통조림,,,,,,,,,"300, 385","g, g","4, ","개, ",33500,5,4,,,농심 앵그리 너구리 121gx20봉지(반박스)
동원 한입골뱅이 400g x 3캔,골뱅이/수산통조림,,,,,,,,,400,g,3,캔,26900,4.8,4,,,삼양라면 120gx10봉지(반박스)
동원 자연산골뱅이 230g x 2캔,골뱅이/수산통조림,,,,,,,,,230,g,2,캔,12000,5,4,,,팔도 틈새라면 빨계떡 120gx20봉지(반박스)
동원 리챔 200g x 9캔,햄/닭가슴살,,,,,,,,,200,g,9,캔,25600,5,4,,,진라면 매운맛 120gx40개
동원 런천미트 340g x 4캔,햄/닭가슴살,,,,,,,,,340,g,4,캔,12900,4.8,4,,,팔도 틈새라면 매운김치 16봉지
동원 리챔 더블라이트 300g,햄/닭가슴살,,,,,,,,,300,g,,,4300,4.8,4,,,팔도 틈새라면 매운김치 32봉지
동원 미니파인코코 227g x 12캔(1/2박스),과일/옥수수/팥,,,,,,,,,227,g,12,캔,21500,5,4,,,삼양 콩나물 김치라면 115gx16봉지
동원 Dole 파인애플 432g x 24캔(1박스),과일/옥수수/팥,,,,,,,,,432,g,24,캔,55000,5,4,,,삼양 콩나물 김치라면 115gx32봉지
동원 지중해 황도 복숭아 820g x 3캔,과일/옥수수/팥,,,,,,,,,820,g,3,캔,14100,5,4,,,신라면 120gx20봉지
동원 저스트 노슈가 황도 슬라이스 400g x 12캔,과일/옥수수/팥,,,,,,,,,400,g,12,캔,33900,3.8,4,,,팔도 일품 해물라면 120gx20봉지
동원 저스트 노슈가 후르츠칵테일 822g x 2캔,과일/옥수수/팥,,,,,,,,,822,g,2,캔,7980,5,4,,,농심 안성탕면 125gx40봉지
동원 양반 떡국떡 700g / 실온,떡볶이/떡류,,,,,,,,,700,g,,,5980,4.8,4,,,오뚜기 스낵면 108gx20봉지
동원 떡볶이의신 우리쌀 로제떡볶이 360g(2인) x 2개,떡볶이/떡류,,,,,,,,,360,g,,,8900,5,4,,,농심 얼큰한 너구리 120gx20봉지
동원 양반 떡국떡 700gx2개 / 실온,떡볶이/떡류,,,,,,,,,700,g,2,개,11500,5,4,,,농심 얼큰한 너구리 120gx40봉지
양반 쇠고기죽 420g x 5개 + 버섯야채죽 420g x 5개,죽/스프,,,,,,,,,"420, 420","g, g","5, 5","개, 개",26000,5,4,,,무파마탕면 122gx32봉지
양반 전복죽 420g x 5개 +단호박죽 420g x 5개,죽/스프,,,,,,,,,"420, 420","g, g","5, 5","개, 개",27000,5,4,,,진라면 순한맛 120gx40개
동원 초밥의달인 국산콩 유부초밥(고소한맛) 330g x 2개,아이반찬,,,,,,,,,330,g,2,개,12400,5,4,,,한끼라면 얼큰면 농심 모듬해물탕면 125g
[2+2] 동원 프리미엄 동원참치액 500g,고춧가루/액젓,,,,,,,,,500,g,,,29960,5,4,,,한끼라면 얼큰면 팔도 틈새라면 매운김치 120g 4입
동원 참치액 진 500g,고춧가루/액젓,,,,,,,,,500,g,,,5980,5,4,,,한끼라면 얼큰면 농심 사리곰탕면 110g 5입
동원 참치액 진 500g,동원참치액,,,,,,,,,500,g,,,5980,5,4,,,한끼라면 얼큰면 오뚜기 쇠고기미역국라면 115g
[1+1]동원 하루미 국물의신 참치링 80g (20정),분말/액상조미료,,,,,,,,,80,g,,,9980,5,4,,,한끼라면 얼큰면 오뚜기 열라면 120g 40입
동원참치 마이플랜트 레드고추 100g,참치/연어통조림,,,,,,,,,100,g,,,2500,5,3,,,오뚜기 굴진짬뽕 32봉 박스 해장라면 굴라면 봉지라면
동원참치 살코기 라이트스탠다드 135gx5개,참치/연어통조림,,,,,,,,,135,g,5,개,11500,5,3,,,오징어 짬뽕 124gx40봉지
동원참치 살코기 라이트스탠다드 90g,참치/연어통조림,,,,,,,,,90,g,,,1900,5,3,,,삼양 간짬뽕 140gx20봉지
동원 화끈한골뱅이 140g x 3캔,골뱅이/수산통조림,,,,,,,,,140,g,3,캔,10800,5,3,,,한끼라면 얼큰면 농심 짜파게티범벅70g 6입
동원 을지로골뱅이 & 진미채 300g x 5캔 / 특제간장소스,골뱅이/수산통조림,,,,,,,,,300,g,5,캔,33400,5,3,,,한끼라면 얼큰면 농심 올리브짜파게티 140g 5입
동원 자연산골뱅이탕(얼큰한국물) 300g x 3캔,골뱅이/수산통조림,,,,,,,,,300,g,3,캔,13500,4.7,3,,,한끼라면 얼큰면 농심 올리브짜파게티 140g 40입
동원 을지로골뱅이 & 진미채 300g x 3캔 / 특제간장소스,골뱅이/수산통조림,,,,,,,,,300,g,3,캔,19800,5,3,,,한끼라면 얼큰면 삼양 볶음짜짜로니 140g
동원 을지로 골뱅이 & 구운아귀채 300g / 참치액소스,골뱅이/수산통조림,,,,,,,,,300,g,,,6980,5,3,,,한끼라면 얼큰면 농심 오징어짬뽕 124g 5입
동원 리챔 순살꼬꼬 200g x 6개 / 닭가슴살햄,햄/닭가슴살,,,,,,,,,200,g,6,개,17400,5,3,,,한끼라면 얼큰면 농심 사천짜파게티 137g
동원 리챔 순살꼬꼬 200g / 닭가슴살햄,햄/닭가슴살,,,,,,,,,200,g,,,4280,4.7,3,,,한끼라면 얼큰면 삼양 간짬뽕 140g 40입
동원 리챔 더블라이트 120g,햄/닭가슴살,,,,,,,,,120,g,,,2400,5,3,,,한끼라면 얼큰면 오뚜기 진짜장 135g 32입
동원 리챔 더블라이트 300g x 12캔,햄/닭가슴살,,,,,,,,,300,g,12,캔,45600,5,3,,,한끼라면 얼큰면 농심 사천백짬뽕 94g 32입
동원 리챔 프로틴 200g x 12캔,햄/닭가슴살,,,,,,,,,200,g,12,캔,32400,5,3,,,한끼라면 얼큰면 오뚜기 진짬뽕 130g 4입
동원 지중해 황도 복숭아 820g x 12캔(1박스),과일/옥수수/팥,,,,,,,,,820,g,12,캔,48000,5,3,,,한끼라면 얼큰면 오뚜기 진짬뽕 130g
동원 저스트 노슈가 황도 2절 400g x 12캔,과일/옥수수/팥,,,,,,,,,400,g,12,캔,31200,4.7,3,,,한끼라면 얼큰면 오뚜기 굴진짬뽕 130g
동원 저스트 노슈가 황도 2절 400g x 6캔,과일/옥수수/팥,,,,,,,,,400,g,6,캔,16200,4.7,3,,,한끼라면 얼큰면 농심 사천백짬뽕 94g
동원 저스트 노슈가 후르츠칵테일 425gx24개(1박스),과일/옥수수/팥,,,,,,,,,425,g,24,개,55000,5,3,,,팔도 봉지라면 틈새라면 고기짬뽕 16입(4입x4개)
동원 저스트 노슈가 파인애플 425gx6개,과일/옥수수/팥,,,,,,,,,425,g,6,개,17500,5,3,,,미스타셰프 차돌된장찌개 6팩
동원 양반 캔볶음김치 160g x 48캔,반찬/기타통조림,,,,,,,,,160,g,48,캔,78000,5,3,,,[군산짬뽕맛집] 짬뽕라면 20입
[중화요리소스] 비비드키친 저당 짜장소스 300g+짬뽕소스 280g+굴소스 310g,짜장,,,,,,,,,"300, 280, 310","g, g, g",", , ",", , ",12900,5,3,,,농심 튀김우동 소컵 1박스 (62g x 6개입)
[중화요리소스] 비비드키친 저당 짜장소스 300g+짬뽕소스 280g+굴소스 310g,국/탕/찌개,,,,,,,,,"300, 280, 310","g, g, g",", , ",", , ",12900,5,3,,,농심 오징어짬뽕 소컵 1박스 (67g x 6개입)
비비드그린 저당 단호박죽 280g x 2개,죽/스프,,,,,,,,,280,g,2,개,7200,5,3,,,팔도 우동왕뚜껑 18개 / 컵라면
동원 양반 참치죽 420g x 20개,죽/스프,,,,,,,,,420,g,20,개,45900,5,3,,,한끼라면 얼큰면 농심 튀김우동 컵 62g 6입
양반 영양닭죽 285g x 5개,죽/스프,,,,,,,,,285,g,5,개,9900,5,3,,,한끼라면 얼큰면 오뚜기 진짬뽕 소컵 75g
동원 양반 쇠고기죽 287g 12개 + 밤단팥죽 285g 12개,죽/스프,,,,,,,,,"287, 285","g, g","12, 12","개, 개",40900,5,3,,,오뚜기 컵누들 매콤한맛 37.8gx18개입
동원 양반 쇠고기죽 287g 12개 + 참치죽 285g 12개,죽/스프,,,,,,,,,"287, 285","g, g","12, 12","개, 개",40900,5,3,,,농심 컵라면 너구리 62gx6개입
동원 양반 쇠고기죽 287g 12개 + 영양닭죽 285g 12개,죽/스프,,,,,,,,,"287, 285","g, g","12, 12","개, 개",42900,4.7,3,,,농심 컵라면 김치사발면 86gx24개입/BOX
동원 양반 전복죽 287g x 12개 + 전통잣죽 285g x 12개,죽/스프,,,,,,,,,"287, 285","g, g","12, 12","개, 개",50000,5,3,,,농심 컵라면 김치사발면 86gx12개입
비비드그린 저당 단호박죽 280g x 2개,메인요리,,,,,,,,,280,g,2,개,7200,5,3,,,농심 오징어짬뽕컵 x 12개
동원홈푸드 비비드키친 저당 볶음고추장 300g,간장/고추장/된장/쌈장,,,,,,,,,300,g,,,6500,5,3,,,오뚜기 컵누들 15개 (2종 택1) / 로제 마라탕맛
[동원] 동원 쯔유 500gx3개,간장/고추장/된장/쌈장,,,,,,,,,500,g,3,개,14900,5,3,,,오뚜기 컵라면 참깨라면 65gx18개입
동원 하루미 소불고기양념 500g,고기/찌개양념,,,,,,,,,500,g,,,3980,5,3,,,오뚜기 컵누들 우동맛 38.1gx12개입
동원홈푸드 비비드키친 저당 불고기양념 240g,고기/찌개양념,,,,,,,,,240,g,,,5280,5,3,,,오뚜기 컵누들 우동맛 38.1gx6개입
동원 하루미 돼지불고기양념 500g,고기/찌개양념,,,,,,,,,500,g,,,3980,5,3,,,농심 신라면 건면 77gx16컵
동원 참치액 순 500g,고춧가루/액젓,,,,,,,,,500,g,,,5980,4.3,3,,,팔도 컵라면 김치 왕뚜껑 110gx18개입/BOX
동원홈푸드 비비드키친 저당 불고기양념 240g,기타양념,,,,,,,,,240,g,,,5280,5,3,,,팔도 컵라면 왕뚜껑 110gx18개입/BOX
동원 하루미 마라 떡볶이양념 130g,기타양념,,,,,,,,,130,g,,,1980,4.7,3,,,오뚜기 컵라면 진라면 65gx18개입/매운맛
동원 참치액 순 500g,동원참치액,,,,,,,,,500,g,,,5980,4.3,3,,,오뚜기 컵라면 진라면 65gx6개입/매운맛
동원 히말라야 핑크솔트 100g,소금,,,,,,,,,100,g,,,3900,5,3,,,농심 컵라면 너구리 62gx12개입
[1+1]동원 참치다시 2kg,분말/액상조미료,,,,,,,,,2,kg,,,30480,5,3,,,농심 컵라면 신라면 114gx16개입/BOX
[1+1] 동원 참치액 순 900g,분말/액상조미료,,,,,,,,,900,g,,,12980,4.7,3,,,농심 컵라면 새우탕면 67gx6개입
동원 요리 올리고당 700ml,올리고당/물엿/조청/꿀,,,,,,,,,700,ml,,,3900,5,3,,,농심 컵라면 오징어짬뽕 67gx18개입
동원홈푸드 비비드키친 알룰로스 510g x 2개,올리고당/물엿/조청/꿀,,,,,,,,,510,g,2,개,15900,4,3,,,농심 컵라면 오징어짬뽕 67gx12개입
동원참치 뽀로로 키즈 100g,참치/연어통조림,,,,,,,,,100,g,,,2100,5,2,,,한끼라면 얼큰면 팔도 왕뚜껑 110g 18입
동원참치 튜나페 갈릭마요 129g (아이비29g+스프레드참치100g),참치/연어통조림,,,,,,,,,"129, 29, 100","g, g, g",", , ",", , ",3280,5,2,,,한끼라면 얼큰면 팔도 짬뽕왕뚜껑 110g 18입
동원참치 살코기 인 워터 100g x 5캔,참치/연어통조림,,,,,,,,,100,g,5,캔,10000,5,2,,,한끼라면 얼큰면 오뚜기 진짬뽕 소컵 75g 15입
동원참치 살코기 라이트스탠다드 90gx5캔,참치/연어통조림,,,,,,,,,90,g,5,캔,8500,5,2,,,한끼라면 얼큰면 오뚜기 컵누들 우동맛 38.1g 15입
동원 김치찌개용 꽁치 300g x 9캔,고등어/꽁치통조림,,,,,,,,,300,g,9,캔,35100,5,2,,,한끼라면 얼큰면 오뚜기 열라면 소컵 62g 15입
동원 자연산골뱅이 매실청 140g x 3캔,골뱅이/수산통조림,,,,,,,,,140,g,3,캔,10800,5,2,,,한끼라면 얼큰면 오뚜기 참깨라면 큰컵 110g 12입
동원 자연산골뱅이탕(얼큰한국물) 300g x 5캔,골뱅이/수산통조림,,,,,,,,,300,g,5,캔,21500,5,2,,,한끼라면 얼큰면 오뚜기 스파게티 큰컵 120g 12입
동원 화끈한 골뱅이 140gx2개,골뱅이/수산통조림,,,,,,,,,140,g,2,개,7400,5,2,,,한끼라면 얼큰면 오뚜기 진짬뽕 큰컵 115g 12입
동원 자연산골뱅이탕(얼큰한국물) 300g x 10캔,골뱅이/수산통조림,,,,,,,,,300,g,10,캔,40000,5,2,,,한끼라면 얼큰면 오뚜기 치즈볶이 큰컵 95g 12입
동원 리챔 순닭가슴살 135g,햄/닭가슴살,,,,,,,,,135,g,,,2680,5,2,,,한끼라면 얼큰면 오뚜기 진짬뽕 큰컵 115g
동원 복숭아 백도 400g x 6캔,과일/옥수수/팥,,,,,,,,,400,g,6,캔,14000,5,2,,,한끼라면 얼큰면 오뚜기 쇠고기미역국라면 큰컵 100g 12입
동원 미니파인코코 227g x 3캔,과일/옥수수/팥,,,,,,,,,227,g,3,캔,5700,4,2,,,한끼라면 얼큰면 농심 신라면 컵 65g
동원 Dole 파인애플 432g x 6캔,과일/옥수수/팥,,,,,,,,,432,g,6,캔,16000,4.5,2,,,한끼라면 얼큰면 농심 새우탕 컵 67g
비비드그린 비건 짜장 180g,짜장,,,,,,,,,180,g,,,3500,5,2,,,한끼라면 얼큰면 농심 사리곰탕큰사발 111g 16입
[국물매콤떡세트] 동원 양반 떡볶이떡 320g + 비셰프 국물떡볶이분말 500g,떡볶이/떡류,,,,,,,,,"320, 500","g, g",", ",", ",8900,5,2,,,한끼라면 얼큰면 농심 앵그리 짜파구리 큰사발면 108g 16입
동원 떡볶이의신 짜장떡볶이 385g (2인분) x 3개,떡볶이/떡류,,,,,,,,,385,g,,,12900,5,2,,,한끼라면 얼큰면 농심 앵그리 짜파구리 큰사발면 108g
[4% 적립금] 동원 양반 떡국떡 700gx10개(1박스) / 실온,떡볶이/떡류,,,,,,,,,700,g,10,개,44000,5,2,,,팔도 짬뽕 왕뚜껑 컵라면 18개
[4%적립금] 동원 양반 버섯 야채죽 420g x 20개입 x 3박스,죽/스프,,,,,,,,,420,g,20,개,123800,5,2,,,팔도 왕뚜껑 기획팩 110g x 6개
양반 밤단팥죽 420g x 5개 + 양반 백합죽 420g x 5개,죽/스프,,,,,,,,,"420, 420","g, g","5, 5","개, 개",25000,5,2,,,팔도 왕뚜껑 기획팩 110g x 18개
동원 양반 들깨닭죽 420g x 20개,죽/스프,,,,,,,,,420,g,20,개,51000,5,2,,,[군산짬뽕맛집] 불짬뽕컵면12입+짬뽕라면10입
비비드그린 저당 단호박죽 280g,죽/스프,,,,,,,,,280,g,,,3500,5,2,,,[군산짬뽕맛집] 불짬뽕컵면 24개
양반 전복죽 420g+쇠고기죽 420g+단호박죽 420g 3개씩 총 9개,죽/스프,,,,,,,,,"420, 420, 420","g, g, g",", , 3",", , 개",26900,5,2,,,팔도 비빔면왕컵 / 115g x 8개
[4%적립금] 동원 양반 밤단팥죽 420g x 20개입 x 3박스,죽/스프,,,,,,,,,420,g,20,개,123800,5,2,,,[오뚜기] 진라면 순한맛 미니컵 6입 (65g x 6개)
양반 단호박죽 420g x 5개 + 들깨닭죽 420g x 5개,죽/스프,,,,,,,,,"420, 420","g, g","5, 5","개, 개",26000,5,2,,,[오뚜기] 참깨라면 미니컵 6입(65g x 6개)
양반 쇠고기죽 420g x 5개 + 밤단팥죽 420g x 5개,죽/스프,,,,,,,,,"420, 420","g, g","5, 5","개, 개",25000,4,2,,,사조대림 동치미 냉면 육수 320g x 30개입
동원 양반 영양닭죽 285g x 12개 + 야채죽 287g x 12개,죽/스프,,,,,,,,,"285, 287","g, g","12, 12","개, 개",40900,5,2,,,한끼라면 얼큰면 팔도 비빔면 130g 4입
동원 양반 전통잣죽 285g x 12개 + 야채죽 287g x 12개,죽/스프,,,,,,,,,"285, 287","g, g","12, 12","개, 개",44900,3.5,2,,,팔도 봉지라면 팔도비빔면 20입(5입x4개)
동원 양반 밤단팥죽 285g x 12개 + 전통잣죽 285g x 12개,죽/스프,,,,,,,,,"285, 285","g, g","12, 12","개, 개",44900,4.5,2,,,팔도 봉지라면 팔도비빔면 40입(5입x8개)
양반 전복죽 420g x 5개 +버섯야채죽 420g x 5개,죽/스프,,,,,,,,,"420, 420","g, g","5, 5","개, 개",27000,5,2,,,팔도 비빔면 매운맛 20개입 (5개입번들 x 4개) / 봉지라면
양반 쇠고기죽 420g x 5개 + 단호박죽 420g x 5개,죽/스프,,,,,,,,,"420, 420","g, g","5, 5","개, 개",25000,5,2,,,CJ 생쫄면 2인분(454g) x2개+비비고 김치 왕교자 1.05kg x1개
비비드그린 비건 짜장 180g,메인요리,,,,,,,,,180,g,,,3500,5,2,,,한끼라면 얼큰면 농심 배홍동 쫄쫄면 129g 4입
비비드그린 저당 단호박죽 280g,메인요리,,,,,,,,,280,g,,,3500,5,2,,,한끼라면 얼큰면 농심 배홍동 쫄쫄면 129g
비비드그린 비건 짜장 180g,밑반찬,,,,,,,,,180,g,,,3500,5,2,,,한끼라면 얼큰면 삼양 까르보 불닭볶음면 130g
[요리에 좋은] 비비드키친 저칼로리 굴소스 310g+비빔장 280g+숯불매콤소스 290g,간장/고추장/된장/쌈장,,,,,,,,,"310, 280, 290","g, g, g",", , ",", , ",12700,5,2,,,팔도 비빔면 제로슈거 16개입 (4개입번들 x 4개) / 봉지라면
[요리에 좋은] 비비드키친 저칼로리 굴소스 310g+비빔장 280g+숯불매콤소스 290g,기타양념,,,,,,,,,"310, 280, 290","g, g, g",", , ",", , ",12700,5,2,,,CJ 평양 물냉면 2인분(900g) x2개+바싹불고기 460g x1개 증정
동원홈푸드 비비드키친 저당 멸치볶음양념 250g,기타양념,,,,,,,,,250,g,,,5280,5,2,,,CJ 동치미 물냉면 2인분(908g) x2개+바싹불고기 460g x1개 증정
하루미 불닭로제 떡볶이 양념 2개 + 매콤달콤 떡볶이 양념 1개 + 마라 떡볶이양념 1개 + 양반 떡볶이떡 320g,기타양념,,,,,,,,,320,g,,,9900,4.5,2,,,삼양라면 까르보 불닭볶음면 80gx24개입
동원 하루미 매콤달콤 떡볶이양념 130g,기타양념,,,,,,,,,130,g,,,1980,5,2,,,삼양라면 까르보 불닭볶음면 80gx12개입
동원홈푸드 비비드키친 저당 제육볶음양념 250g,기타양념,,,,,,,,,250,g,,,5280,5,2,,,삼양라면 불닭볶음면 70gx18개입
동원홈푸드 비비드키친 저당 진미채볶음양념 240g,기타양념,,,,,,,,,240,g,,,5280,5,2,,,삼양라면 불닭볶음면 70gx12개입
[맛참비빔면] 동원참치 맛참 90g 2종(고소/매콤) 각 2개 + 농심 배홍동 비빔면 548g(137gx4입),참치/연어통조림,,,,,,,,,"90, 548, 137","g, g, g","2, , 4",", , ",10900,5,1,,,비비고 소고기 듬뿍 미역국 460g x9개+소고기 듬뿍 설렁탕 460g x9개
동원참치 루피는 참치마요 100g x 5캔,참치/연어통조림,,,,,,,,,100,g,5,캔,9500,5,1,,,비비고 설렁탕 500g x3개+닭곰탕 500g x3개
[동원] 동원 참치뱃살 깊은간장맛 135gx10캔,참치/연어통조림,,,,,,,,,135,g,10,캔,32800,5,1,,,비비고 두부된장찌개 460g x9개+차돌된장찌개 460g x9개
동원 고추참치 90g x 5캔,참치/연어통조림,,,,,,,,,90,g,5,캔,10020,5,1,,,비비고 두부된장찌개 460g x6개+차돌된장찌개 460g x6개
[동원] 동원참치뱃살 깊은 간장맛 135g,참치/연어통조림,,,,,,,,,135,g,,,3480,5,1,,,비비고 두부김치찌개 460g x6개+돼지고기김치찌개 460g x6개
[4%적립금] 동원 고추참치(덕용) 1880gx6개 ( 박스 ),참치/연어통조림,,,,,,,,,1880,g,6,개,109000,5,1,,,비비고 두부김치찌개 460g x3개+돼지고기김치찌개 460g x3개
동원 고추참치 90g x 10캔,참치/연어통조림,,,,,,,,,90,g,10,캔,16500,5,1,,,비비고 두부김치찌개 460g x9개+두부된장찌개 460g x9개
[4%적립금] 동원 꽁치 1.8kg x 6개(1박스),고등어/꽁치통조림,,,,,,,,,8,kg,6,개,92400,5,1,,,비비고 육개장 500g x6개+감자탕 460g x6개
동원 김치찌개용 꽁치 300g,고등어/꽁치통조림,,,,,,,,,300,g,,,5000,5,1,,,비비고 소고기미역국 500g x6개+닭곰탕 500g x6개
[2%적립금] 동원 꽁치 1880g,고등어/꽁치통조림,,,,,,,,,1880,g,,,16000,5,1,,,비비고 소고기미역국 500g x9개+설렁탕 500g x9개
동원 을지로 골뱅이 & 구운아귀채 300g x 5캔 / 참치액소스,골뱅이/수산통조림,,,,,,,,,300,g,5,캔,32500,5,1,,,비비고 소고기미역국 500g x9개+소고기장터국 500g x9개
동원 을지로 골뱅이 & 구운아귀채 300g x 3캔 / 참치액소스,골뱅이/수산통조림,,,,,,,,,300,g,3,캔,19800,4,1,,,비비고 소고기미역국 500g x3개+소고기장터국 500g x3개
동원 을지로 골뱅이 & 구운아귀채 300g x 2캔 / 참치액소스,골뱅이/수산통조림,,,,,,,,,300,g,2,캔,13400,5,1,,,비비고 소고기미역국 500g x9개+육개장 500g x9개
동원 자연산왕골뱅이 400g,골뱅이/수산통조림,,,,,,,,,400,g,,,9980,5,1,,,비비고 소고기미역국 500g x6개+육개장 500g x6개
동원 리챔 프로틴 200g x 3캔,햄/닭가슴살,,,,,,,,,200,g,3,캔,8900,5,1,,,샘표 생생듬뿍 국탕찌개 4종 450g 6팩 세트 /육개장/곰탕/부대찌개/미역국
동원 미니파인코코 227g x 6캔,과일/옥수수/팥,,,,,,,,,227,g,6,캔,11000,5,1,,,[강창구찹쌀진순대]가마솥 뼈 해장국 800g×4팩
[4%적립금] 동원 저스트 노슈가 황도 2절 400g x 24캔(1박스),과일/옥수수/팥,,,,,,,,,400,g,24,캔,52000,5,1,,,[사리원] 뼈 없는 갈비탕 600g x 4팩
[동원] 미니 파인애플 234g x 5,과일/옥수수/팥,,,,,,,,,234,g,5,,12000,5,1,,,(냉동)비비고 순살감자탕 700g x2개+양지육개장 700g x2개
[4%적립금] 동원 저스트 노슈가 후르츠칵테일 425gx48개(2박스),과일/옥수수/팥,,,,,,,,,425,g,48,개,95000,5,1,,,(냉동)비비고 고기순대국 700g x2개+양지육개장 700g x2개
동원 저스트 노슈가 후르츠칵테일 425gx12개,과일/옥수수/팥,,,,,,,,,425,g,12,개,30000,5,1,,,(냉동)비비고 본갈비탕 700g x1개+양지곰탕 700g x1개+양지설렁탕 700g x1개
동원 저스트 노슈가 후르츠칵테일 425gx6개,과일/옥수수/팥,,,,,,,,,425,g,6,개,17500,5,1,,,[담짜] 새우몽땅 감바스 알아히요 밀키트(2인분/630g)
동원 양반 캔김치 160g x 48캔,반찬/기타통조림,,,,,,,,,160,g,48,캔,78000,5,1,,,비비고 소고기 듬뿍 무국 500g x18개
양반 캔볶음김치 160g x 4개,반찬/기타통조림,,,,,,,,,160,g,4,개,7700,5,1,,,[고삼농협] 착한들 한우 듬뿍 한마리 곰탕 700g x 3팩
[쫄깃한 떡라면 한상] 동원 양반 떡국떡 320g + 농심 안성탕면 5개입,봉지라면,,,,,,,,,320,g,,,7900,5,1,,,[마음심은] 푸짐한 양평 해장국 x3팩 (팩당 650g)
[4%적립금] 동원 양반 나주식 곰탕 460g x 20개입 x 5박스,국/탕/찌개,,,,,,,,,460,g,20,개,139000,5,1,,,비비고 갈비탕 400g 9+9개
[4% 적립금] 동원 양반 떡국떡 320g x 12개(1박스) / 실온,떡볶이/떡류,,,,,,,,,320,g,12,개,33000,5,1,,,비비고 소고기 듬뿍 미역국 460g x3개
[4%적립금] 동원 양반 호박죽 420g x 20개입 x 3박스,죽/스프,,,,,,,,,420,g,20,개,123800,5,1,,,비비고 소고기 듬뿍 설렁탕 460g x6개
[4%적립금] 동원 양반 영양닭죽 285g x 24개입 x 3박스,죽/스프,,,,,,,,,285,g,24,개,116600,5,1,,,비비고 소고기 듬뿍 설렁탕 460g x3개
양반 전복죽 420g x 5개 +밤단팥죽 420g x 5개,죽/스프,,,,,,,,,"420, 420","g, g","5, 5","개, 개",27000,5,1,,,비비고 소고기 듬뿍 육개장 460g x6개
동원 양반 전복죽 287g x 10개 + 야채죽 287g x 10개,죽/스프,,,,,,,,,"287, 287","g, g","10, 10","개, 개",38600,5,1,,,비비고 소고기 듬뿍 육개장 460g x3개
동원 양반 전통잣죽 285g x 12개 + 영양닭죽 285g x 12개,죽/스프,,,,,,,,,"285, 285","g, g","12, 12","개, 개",45900,5,1,,,유귀열의 The귀한 소한마리탕 800g 10팩 소갈비양지스지사골을 한팩가득 상온보관
[4%적립금] 동원 양반 밤단팥죽 285g x 24개입 x 3박스,죽/스프,,,,,,,,,285,g,24,개,102300,5,1,,,40년전통 양평서울 장터국밥 400g x 10팩
양반 쇠고기죽 420g x 5개 + 참치죽 420g x 5개,죽/스프,,,,,,,,,"420, 420","g, g","5, 5","개, 개",25000,5,1,,,빅마마이혜정 꽃게 해물팩 150g 2팩
양반 전복죽 420g x 5개 +참치죽 420g x 5개,죽/스프,,,,,,,,,"420, 420","g, g","5, 5","개, 개",27000,5,1,,,빅마마이혜정 꽃게 해물팩 150g 1팩
동원 양반 밤단팥죽 285g x 12개 + 참치죽 287g x 12개,죽/스프,,,,,,,,,"285, 287","g, g","12, 12","개, 개",37900,5,1,,,빅마마이혜정 멸치 해물팩 150g 5팩
양반 1등비법 듬뿍 밤단팥죽 285g x 6개,죽/스프,,,,,,,,,285,g,6,개,13900,5,1,,,빅마마이혜정 일품 우거지 소한마리탕 750g 5팩
양반 1등비법 듬뿍 밤단팥죽 285g x 3개,죽/스프,,,,,,,,,285,g,3,개,7900,5,1,,,빅마마이혜정 일품 우거지 소한마리탕 750g 3팩
양반 백합죽 420g x 5개 + 양반 버섯 야채죽 420g x 5개,죽/스프,,,,,,,,,"420, 420","g, g","5, 5","개, 개",25000,5,1,,,빅마마이혜정 일품 우거지 소한마리탕 750g 1팩
양반 들깨닭죽 420g x 5개 + 양반 참치죽 420g x 5개,죽/스프,,,,,,,,,"420, 420","g, g","5, 5","개, 개",24000,5,1,,,빅마마 이혜정의 사태듬뿍 맑은국 800g 3팩
양반 밤단팥죽 420g x 5개 + 양반 버섯야채죽 420g x 5개,죽/스프,,,,,,,,,"420, 420","g, g","5, 5","개, 개",25000,5,1,,,빅마마 이혜정의 사태듬뿍 맑은국 800g 1팩
양반 단호박죽 420g x 5개 + 버섯 야채죽 420g x 5개,죽/스프,,,,,,,,,"420, 420","g, g","5, 5","개, 개",24000,5,1,,,이프웰 맛있는 순대 국밥 600g 4팩 총 2.4kg
동원 양반 전복죽 287g x 10개 + 단호박죽 285g x 10개,죽/스프,,,,,,,,,"287, 285","g, g","10, 10","개, 개",38600,2,1,,,삼삼한 맛있는 햇살 랍스타볼(10g100개)총1kg
양반 대구곤이 지리탕 700g,한식,,,,,,,,,700,g,,,15900,5,1,,,오뚜기 의정부식 부대찌개 500g X 3개
[동원] 동원 쯔유 500g,간장/고추장/된장/쌈장,,,,,,,,,500,g,,,5980,5,1,,,비비고 설렁탕 500g x9개+한우사골곰탕 500g x9개
동원 하루미 소갈비양념 500g,고기/찌개양념,,,,,,,,,500,g,,,3980,5,1,,,(냉동)비비고 뼈없는 갈비탕 700g x3개
[2+2] 동원 참치액 순 500g,고춧가루/액젓,,,,,,,,,500,g,,,15960,5,1,,,[담짜] 대구식 매운 곱창볶음 밀키트(2인분/620g)
★시식코너특가★동원홈푸드 비비드키친 저칼로리 데리야끼소스 285g x 2개,기타양념,,,,,,,,,285,g,2,개,6900,5,1,,,동원 떡볶이의신 매콤달콤 컵떡볶이 160g
동원홈푸드 비비드키친 저당 잡채양념 240g,기타양념,,,,,,,,,240,g,,,5280,5,1,,,동원 떡볶이의신 우리쌀 로제떡볶이 360g(2인)
동원 하루미 불닭로제맛 떡볶이양념 130g,기타양념,,,,,,,,,130,g,,,1980,5,1,,,동원 양반 떡국떡 700g / 실온
[2% 적립금] 동원 참치액 진 2kgx6개 ( 1box),동원참치액,,,,,,,,,2,kg,6,개,69900,5,1,,,동원 양반 떡국떡 700gx2개 / 실온
동원 참치액 진 2kg,동원참치액,,,,,,,,,2,kg,,,18900,5,1,,,[떡국레시피] 떡국떡 320g x 2개 + 진국 사골곰탕 500g x 3개
[1+1]동원 참치다시 300g,분말/액상조미료,,,,,,,,,300,g,,,8980,5,1,,,비비고 쌀 떡볶이 x2개+김말이 x1개+오징어튀김 x1개+슈크림 붕어빵 x1개+단팥 붕어빵 x1개
동원 참치다시 1kg,분말/액상조미료,,,,,,,,,1,kg,,,15980,5,1,,,CJ 미정당 어묵 떡볶이 346g x2개
[1+1]동원 참치다시 1kg,분말/액상조미료,,,,,,,,,1,kg,,,19980,5,1,,,CJ 즐거운동행 미정당 방앗간 가래떡 떡볶이 2인분(400g) x4개
[동원] 양반 100밥 현미밥 130g x 24개 + 동원맛참 매콤참기름 135g x 6캔,참치/연어통조림,,,,,,,,,"130, 135","g, g","24, 6","개, 캔",34900,0,0,,,[플라하반] 퀵 오트밀 드럼 500g
동원참치 살코기 라이트스탠다드 150g x 10캔 + 양반 100밥 현미밥 130g x 12개,참치/연어통조림,,,,,,,,,"150, 130","g, g","10, 12","캔, 개",33900,0,0,,,[곡물이야기] 현미 누룽지 (230gx3팩)
동원참치 살코기 라이트스탠다드 90gx3캔,참치/연어통조림,,,,,,,,,90,g,3,캔,5400,0,0,,,오리온 에너지바 저당 1P (50g) x 48개
동원 고추참치 90g x 3캔,참치/연어통조림,,,,,,,,,90,g,3,캔,5400,0,0,,,오리온 에너지바 저당 1P (50g) x 12개 + 에너지바 1P (40g) 15개
[4%적립금] 동원참치 루피는 참치마요 100g x 60개(1박스),참치/연어통조림,,,,,,,,,100,g,60,개,102000,0,0,,,[영월농협] 동강마루 제대로 만든 구운쌀 그래놀라 270gx3통
[고소비빔면] 동원참치 맛참 고소참기름 135gx2개 + 농심 배홍동 비빔면 548g(137gx4입),참치/연어통조림,,,,,,,,,"135, 548, 137","g, g, g","2, , 4","개, , ",8900,0,0,,,[영월농협] 동강마루 제대로 만든 구운쌀 그래놀라 70gx8봉
[맛참비빔면] 동원참치 맛참 135g 2종(고소/매콤) 각 1개 + 농심 배홍동 비빔면 548g(137gx4입),참치/연어통조림,,,,,,,,,"135, 548, 137","g, g, g","2, , 4",", , ",8900,0,0,,,[영월농협] 동강마루 제대로 만든 구운쌀 그래놀라 70gx3봉
[고소비빔면] 동원참치 맛참 고소참기름 90gx4개 + 농심 배홍동 비빔면 548g(137gx4입),참치/연어통조림,,,,,,,,,"90, 548, 137","g, g, g","4, , 4","개, , ",10900,0,0,,,켈로그 프로틴 그래놀라 제로슈거 350g 2개
[동원] 양반 100밥 현미밥 130g x 24개 + 동원맛참 고소참기름 135g x 6캔,참치/연어통조림,,,,,,,,,"130, 135","g, g","24, 6","개, 캔",34900,0,0,,,"열무비빔밥재료(381g, 2인분)"
동원참치 DHA 150g x 10캔 + 양반 100밥 현미밥 130g x 12개,참치/연어통조림,,,,,,,,,"150, 130","g, g","10, 12","캔, 개",33900,0,0,,,양반 깍둑순살 갈비탕 700g
[동원] 동원 참치뱃살 깊은간장맛 135gx3캔,참치/연어통조림,,,,,,,,,135,g,3,캔,9900,0,0,,,얼큰 뼈해장국 900g×4팩
[2%적립금] 동원 살코기 참치 라이트스탠다드 3kg,참치/연어통조림,,,,,,,,,3,kg,,,28000,0,0,,,[강창구찹쌀진순대] 진 찹쌀순대 1kg
[2%적립금] 동원 고추참치(덕용) 1880g,참치/연어통조림,,,,,,,,,1880,g,,,24000,0,0,,,[강창구찹쌀진순대] 찰 순대 1kg
동원참치 살코기 라이트스탠다드 90gx20캔,참치/연어통조림,,,,,,,,,90,g,20,캔,32000,0,0,,,Fresh 30년 전통 엄마손 수제 전 반죽세트 (깻잎전 250g + 해물파전 반죽 500g)
동원참치 살코기 라이트스탠다드 90gx10캔,참치/연어통조림,,,,,,,,,90,g,10,캔,16500,0,0,,,Fresh 30년 전통 엄마손 수제 전 반죽세트 (소고기 육전 250g + 해물파전 반죽 500g)
[4%적립금] 동원참치 뽀로로 키즈 100g x 60개(1박스),참치/연어통조림,,,,,,,,,100,g,60,개,102000,0,0,,,Fresh 30년 전통 엄마손 수제 전 세트 (동그랑땡 250g + 깻잎전 250g + 소고기 육전 250g)
동원 마일드참치 150gx20캔,참치/연어통조림,,,,,,,,,150,g,20,캔,50000,0,0,,,Fresh 30년 전통 엄마손 수제 전 세트 (동그랑땡 250g + 새우전 250g)
동원참치 스프레드 체다치즈 100gx10캔,참치/연어통조림,,,,,,,,,100,g,10,캔,20000,0,0,,,Fresh 30년 전통 엄마손 수제 해물파전 반죽 500g
동원참치 튜나페 갈릭마요 129g(스프레드 100g+아이비 29g) x 5개,참치/연어통조림,,,,,,,,,"129, 100, 29","g, g, g",", , ",", , ",16400,0,0,,,Fresh 30년 전통 엄마손 수제 고기녹두 반죽 500g
동원 을지로 골뱅이 & 구운아귀채 300g x 10캔 / 참치액소스,골뱅이/수산통조림,,,,,,,,,300,g,10,캔,62800,0,0,,,시원한 메밀소바 메밀국수 냉모밀 소바 5인분
동원 화끈한 골뱅이 400gx2캔,골뱅이/수산통조림,,,,,,,,,400,g,2,캔,18200,0,0,,,메밀 물 막국수 2개 (4인)
동원 자연산골뱅이 매실청 140gx2캔,골뱅이/수산통조림,,,,,,,,,140,g,2,캔,7400,0,0,,,[명가] 순메밀 냉면 6인분/메밀면500gx2팩+냉면육수x6팩
동원 화끈한 골뱅이 400gx5캔,골뱅이/수산통조림,,,,,,,,,400,g,5,캔,43900,0,0,,,[더반찬쿨밴드] 메밀 비빔막국수 1개 (2인)
동원 화끈한 골뱅이 400g x 10캔,골뱅이/수산통조림,,,,,,,,,400,g,10,캔,84800,0,0,,,[더반찬쿨밴드] 메밀 물 막국수 1개 (2인)
동원 자연산골뱅이탕(얼큰한국물) 300g x 2캔,골뱅이/수산통조림,,,,,,,,,300,g,2,캔,9600,0,0,,,강릉 엄지네 꼬막무침 333g 1개 꼬막 무침 가정식 반찬
동원 리챔 프로틴 200g x 6캔,햄/닭가슴살,,,,,,,,,200,g,6,캔,17400,0,0,,,[부산어묵]밀가루 없는 어묵 전골 400g×4봉
동원 리챔 더블라이트 120g x 9캔,햄/닭가슴살,,,,,,,,,120,g,9,캔,19800,0,0,,,[강창구찹쌀진순대] 직화구이 매콤 양념 곱창 200g×6팩
동원 리챔 순살꼬꼬 200g x 8개 / 닭가슴살햄,햄/닭가슴살,,,,,,,,,200,g,8,개,22400,0,0,,,하림 삼계탕 800g 5봉
동원 마이플랜트 오리지널 200g,햄/닭가슴살,,,,,,,,,200,g,,,4280,0,0,,,하회당 정통 안동찜닭 (밀키트) 600g (2-3인분)
[무적세트] 동원 리챔 DL 120g 6캔+양반죽 야채/전복 각6캔+아이스티 제로 복숭아 6병,햄/닭가슴살,,,,,,,,,120,g,6,캔,43200,0,0,,,[더반찬] 한돈 제육볶음 (400g)
동원 리챔 프로틴 200g x 9캔,햄/닭가슴살,,,,,,,,,200,g,9,캔,25600,0,0,,,사조대림 가마솥 직화방식으로 만든 야채 볶음밥 180g x 10개
동원 미니파인코코 227g,과일/옥수수/팥,,,,,,,,,227,g,,,2000,0,0,,,[간편렌지2분] 영광 찜보리굴비 4팩(1팩당 150g)
[4%적립금] 동원 양반 캔볶음김치 160g x 96캔,반찬/기타통조림,,,,,,,,,160,g,96,캔,153000,0,0,,,[더반찬쿨밴드] 쫀득치킨텐더
동원 양반 캔갓김치 160g x 48캔,반찬/기타통조림,,,,,,,,,160,g,48,캔,83000,0,0,,,더반찬 무청시래기된장지짐 (120g)
동원 양반 캔갓김치 160g x 20캔,반찬/기타통조림,,,,,,,,,160,g,20,캔,36600,0,0,,,[단짠예찬] 맛있게 볶은 볶음김치 1kg(1팩)
[라밥세트] 동원 양반 오미밥 130g x 4개 + 농심 얼큰한 너구리 5개입,봉지라면,,,,,,,,,130,g,4,개,10200,0,0,,,반찬단지 백명란젓 500g 젓갈 밑반찬 반찬
[라밥세트] 동원 양반 현미밥 130g x 4개 + 농심 얼큰한 너구리 5개입,봉지라면,,,,,,,,,130,g,4,개,9900,0,0,,,반찬단지 땅콩조림 1Kg 밑반찬 반찬
[떡라면] 동원 양반 떡국떡 320g + 농심 신라면 (120g x 5개입),봉지라면,,,,,,,,,"320, 120","g, g",", 5",", 개",7900,0,0,,,반찬단지 고추무침 1Kg 밑반찬 반찬
[라밥세트] 동원 양반 흑미밥 130g x 4개 + 농심 얼큰한 너구리 5개입,봉지라면,,,,,,,,,130,g,4,개,10200,0,0,,,흑임자연근무침(100g)
[라밥세트] 동원 양반 흑미밥 130g x 4개 + 농심 신라면 5개입,봉지라면,,,,,,,,,130,g,4,개,10100,0,0,,,부추오이무침(100g)
[라밥세트] 동원 양반 오미밥 130g x 4개 + 농심 신라면 5개입,봉지라면,,,,,,,,,130,g,4,개,10100,0,0,,,쪽파김무침(100g)
[라밥세트] 동원 양반 현미밥 130g x 4개 + 농심 신라면 5개입,봉지라면,,,,,,,,,130,g,4,개,9800,0,0,,,[밥도둑푸드] 전라도 수제 만능양념파장 600g(300g X2통)
비비드그린 비건 카레 180g,카레,,,,,,,,,180,g,,,3600,0,0,,,강경 맛깔젓 새우젓(추젓)1kg
비비드그린 비건 짜장 + 비건 카레,카레,,,,,,,,,,,,,6900,0,0,,,[연안식당] 부추꼬막장 150g
비비드그린 비건 카레 180g x 2개입,카레,,,,,,,,,180,g,2,개,6900,0,0,,,강경 맛깔젓 새우젓 500g
[짜장떡세트] 동원 양반 떡볶이떡 320g + 비비드그린 비건 짜장 180g,짜장,,,,,,,,,"320, 180","g, g",", ",", ",6500,0,0,,,[밥도둑푸드] 가정식 완도 수제 전복장 실속형 1kg 9-10미
비비드그린 비건 짜장 + 비건 카레,짜장,,,,,,,,,,,,,6900,0,0,,,2대 비법으로 만든 돌게장(간장게장) 2kg
비비드그린 비건 짜장 180g x 2개,짜장,,,,,,,,,180,g,2,개,6900,0,0,,,더반찬 북창동순두부찌개
[4%적립금] 동원 양반 진국 사골곰탕 500g x 20개입 x 5박스,국/탕/찌개,,,,,,,,,500,g,20,개,109000,0,0,,,테라오카 계란간장 150ml
[4%적립금] 동원 양반 수라 한우 사골곰탕 460g x 20개입 x 5박스,국/탕/찌개,,,,,,,,,460,g,20,개,129000,0,0,,,"삼화 맑은 국간장 1.8L, 3개"
[4%적립금] 동원 양반 보양 삼계탕 900g x 15개입 x 3박스,국/탕/찌개,,,,,,,,,900,g,15,개,339000,0,0,,,[영월농협] 동강마루 영월콩된장 250g/1병
[카레떡세트] 동원 양반 떡볶이떡 320g + 비비드그린 비건 카레 180g,떡볶이/떡류,,,,,,,,,"320, 180","g, g",", ",", ",6500,0,0,,,[영월농협] 동강마루 조선간장 900ml(1병)
동원 양반 떡국떡 700gx5개 / 실온,떡볶이/떡류,,,,,,,,,700,g,5,개,27400,0,0,,,동원 하루미 소갈비양념 500g
[4% 적립금] 동원 양반 떡볶이떡 320g x 12개(1박스) / 실온,떡볶이/떡류,,,,,,,,,320,g,12,개,33000,0,0,,,(새한) 오뎅국물믹스 500g
양반 1등비법 듬뿍 밤단팥죽 285g,죽/스프,,,,,,,,,285,g,,,3500,0,0,,,다담 순두부찌개 양념 140g x2개
[4%적립금] 동원 양반 참치죽 287g x 24개입 x 3박스,죽/스프,,,,,,,,,287,g,24,개,102300,0,0,,,다담 안동찜닭 양념 220g x16개
양반 단호박죽 420g x 5개 + 백합죽 420g x 5개,죽/스프,,,,,,,,,"420, 420","g, g","5, 5","개, 개",25000,0,0,,,다담 안동찜닭 양념 220g x10개
동원 양반 밤단팥죽 285g x 12개 + 야채죽 287g x 12개,죽/스프,,,,,,,,,"285, 287","g, g","12, 12","개, 개",37900,0,0,,,다담 강된장찌개 양념 130g x2개
동원 양반 밤단팥죽 285g x 12개 + 영양닭죽 285g x 12개,죽/스프,,,,,,,,,"285, 285","g, g","12, 12","개, 개",40900,0,0,,,다담 바지락순두부 찌개 양념 130g x20개
동원 양반 전복죽 287g x 12개 + 밤단팥죽 285g x 12개,죽/스프,,,,,,,,,"287, 285","g, g","12, 12","개, 개",43900,0,0,,,다담 바지락순두부 찌개 양념 130g x5개
[4%적립금] 동원 양반 백합죽 420g x 20개입 x 3박스,죽/스프,,,,,,,,,420,g,20,개,123800,0,0,,,다담 고깃집 된장찌개 양념 130g x20개
[4%적립금] 동원 양반 참치죽 420g x 20개입 x 3박스,죽/스프,,,,,,,,,420,g,20,개,130000,0,0,,,다담 고깃집 된장찌개 양념 130g x5개
[4%적립금] 동원 양반 전통잣죽 285g x 24개입 x 3박스,죽/스프,,,,,,,,,285,g,24,개,134400,0,0,,,다담 사골 부대찌개 양념 130g x20개
양반 백합죽 420g x 5개 + 양반 참치죽 420g x 5개,죽/스프,,,,,,,,,"420, 420","g, g","5, 5","개, 개",24000,0,0,,,다담 사골 부대찌개 양념 130g x5개
양반 들깨닭죽 420g x 5개 + 양반 버섯 야채죽 420g x 5개,죽/스프,,,,,,,,,"420, 420","g, g","5, 5","개, 개",25000,0,0,,,백설 소불고기양념 840g x4개
양반 밤단팥죽 420g x 5개 + 양반 참치죽 420g x 5개,죽/스프,,,,,,,,,"420, 420","g, g","5, 5","개, 개",24000,0,0,,,백설 소불고기양념 840g x2개
양반 단호박죽 420g x 5개 + 참치죽 420g x 5개,죽/스프,,,,,,,,,"420, 420","g, g","5, 5","개, 개",24000,0,0,,,백설 돼지갈비양념 840g x4개
양반 쇠고기죽 420g x 5개 + 들깨닭죽 420g x 5개,죽/스프,,,,,,,,,"420, 420","g, g","5, 5","개, 개",26000,0,0,,,백설 매운 갈비양념 490g x4개
동원 양반 전복죽 287g x 10개 + 참치죽 285g x 10개,죽/스프,,,,,,,,,"287, 285","g, g","10, 10","개, 개",38600,0,0,,,백설 바로먹는 갈비양념 490g x4개
동원 양반 쇠고기죽 287g 12개 + 전통잣죽 285g 12개,죽/스프,,,,,,,,,"287, 285","g, g","12, 12","개, 개",45900,0,0,,,백설 바로먹는 갈비양념 490g x2개
동원 양반 전복죽 287g x 12개 + 참치죽 285g x 12개,죽/스프,,,,,,,,,"287, 285","g, g","12, 12","개, 개",43900,0,0,,,백설 소불고기양념 500g x4개
동원 양반 전복죽 287g x 12개 + 야채죽 287g x 12개,죽/스프,,,,,,,,,"287, 287","g, g","12, 12","개, 개",43900,0,0,,,백설 소갈비양념 500g x4개
동원 양반 전복죽 287g x 12개 + 단호박죽 285g x 12개,죽/스프,,,,,,,,,"287, 285","g, g","12, 12","개, 개",43900,0,0,,,백설 매콤한 돼지불고기양념 500g x4개
[무적세트] 동원 리챔 DL 120g 6캔+양반죽 야채/전복 각6캔+아이스티 제로 복숭아 6병,죽/스프,,,,,,,,,120,g,6,캔,43200,0,0,,,백설 매콤한 돼지불고기양념 500g x2개
양반 깍둑순살 갈비탕 700g,한식,,,,,,,,,700,g,,,15900,0,0,,,동원 요리 올리고당 700ml
[10%적립] 양반 깍둑순살 갈비탕 700g + 차돌박이 육개장 700g + 대구곤이 지리탕 700g,한식,,,,,,,,,"700, 700, 700","g, g, g",", , ",", , ",38900,0,0,,,CJ이츠웰 인델리커리 1kg 12개 (2종 택1) / 데미 파니르 / 대용량 카레가루
양반 차돌박이 육개장 700g,한식,,,,,,,,,700,g,,,15900,0,0,,,CJ이츠웰 인델리커리 1kg 1개 (2종 택1) / 데미 파니르 / 인도풍 정통커리
비비드그린 비건 짜장 180g x 2개,메인요리,,,,,,,,,180,g,2,개,6900,0,0,,,[농협] 우리밀 참백밀가루 1kgx5봉
비비드그린 비건 짜장 180g x 2개,밑반찬,,,,,,,,,180,g,2,개,6900,0,0,,,식자재 아울렛 미담채 감자시즈닝 직화불고기 500g
[동원산업] 수산명가 동원 냉장 낙지젓갈 180g,젓갈,,,,,,,,,180,g,,,13900,0,0,,,구운아몬드 400g
[냉동] 동원 MSC 짜먹는 간편명란 300g(30g x 10ea),젓갈,,,,,,,,,"300, 30","g, g",", 10",", ",12900,0,0,,,[그린너트] 오색매일채움견과 20g 25입 2세트
[2% 적립금] 동원 쯔유 2kgx6개 ( 1box),간장/고추장/된장/쌈장,,,,,,,,,2,kg,6,개,69900,0,0,,,[그린너트] 에브리데이넛츠 25g 30봉입
동원 쯔유 2kgx3개,간장/고추장/된장/쌈장,,,,,,,,,2,kg,3,개,49900,0,0,,,JW중외제약 포에버 저분자 먹는 어류 피쉬 콜라겐 트리펩타이드 6통 (300포)
동원 쯔유 2kg,간장/고추장/된장/쌈장,,,,,,,,,2,kg,,,18900,0,0,,,JW중외제약 포에버 저분자 먹는 어류 피쉬 콜라겐 트리펩타이드 2통 (100포)
[2% 적립금] 동원 쯔유 500gx16개 (1box),간장/고추장/된장/쌈장,,,,,,,,,500,g,16,개,48000,0,0,,,JW중외제약 포에버 저분자 먹는 어류 피쉬 콜라겐 트리펩타이드 1통 (50포)
동원홈푸드 비비드키친 저당 볶음고추장 300g x 4개,간장/고추장/된장/쌈장,,,,,,,,,300,g,4,개,24000,0,0,,,비비아나 한비나 그린캔 노니파우더2개/노니가루/염증
[4% 적립금] 동원 하루미 소불고기양념 500g15개 (1박스),고기/찌개양념,,,,,,,,,500,g,15,개,45000,0,0,,,먹거리 맛있는거 구운참진미 오징어 40g
[4% 적립금]동원 하루미 소갈비양념 500gx15개 (1박스),고기/찌개양념,,,,,,,,,500,g,15,개,45000,0,0,,,먹거리 맛있는거 아귀살로만 구이 40g 10입
[4% 적립금] 동원 하루미 돼지갈비양념 500gx15개 (1박스),고기/찌개양념,,,,,,,,,500,g,15,개,45000,0,0,,,추석 명절 설 설날선물 견과류 선물세트 솔직담백2호
동원 하루미 돼지갈비양념 500g,고기/찌개양념,,,,,,,,,500,g,,,3980,0,0,,,추석 명절 설 설날선물 견과류 선물세트 솔직담백1호
동원 프리미엄 동원참치액 500g,고춧가루/액젓,,,,,,,,,500,g,,,11480,0,0,,,[산과들에] 하루견과 모닝너츠블랙에디션 60봉 선물세트
동원 프리미엄 동원참치액 500gx3개,고춧가루/액젓,,,,,,,,,500,g,3,개,34440,0,0,,,[산과들에] 하루견과 브런치오리지널 20입 선물세트
동원 프리미엄 동원참치액 900g,고춧가루/액젓,,,,,,,,,900,g,,,17980,0,0,,,[그린너트] 오색매일채움견과 20g 25입 4세트
동원 참치액 진 900gx3개,고춧가루/액젓,,,,,,,,,900,g,3,개,29940,0,0,,,[그린너트] 리얼넛츠 오리진 25g 25입 4세트
동원 참치액 진 500gx3개,고춧가루/액젓,,,,,,,,,500,g,3,개,17940,0,0,,,[대명상사]임산물세트 3호 (호두/잣) (호두살 190g× 2상자 )+ (잣 200g x 2상자)
하루미 불닭로제 떡볶이 양념 4개 + 양반 떡볶이떡 320g,기타양념,,,,,,,,,320,g,,,9900,0,0,,,햇살 담은 초록사과 가정용 1.5kg이내/소과 [D]
비비드키친 저칼로리 데리야끼소스 285g x 4개,기타양념,,,,,,,,,285,g,4,개,13600,0,0,,,[GB] 국내산 아오리사과 가정용 5kg/17-22과내외/중
동원홈푸드 비비드키친 저당 제육볶음양념 250g x 2개,기타양념,,,,,,,,,250,g,2,개,9900,0,0,,,[더조은] 알뜰 꿀사과 부사사과 5kg 흠과 29-31과
동원 하루미 닭볶음탕양념 500g,기타양념,,,,,,,,,500,g,,,4480,0,0,,,[더조은] 경북 부사 꿀사과 가정용 3kg 15-18과
동원 참치액 진 240g,동원참치액,,,,,,,,,240,g,,,3980,0,0,,,[푸른들] 경북 사과 소과 4kg (22-25과)
동원 참치액 진 2kgx3개,동원참치액,,,,,,,,,2,kg,3,개,49900,0,0,,,[푸른들] 경북 사과 소과 3kg (16-21과)
동원 참치액 진 240gx3병,동원참치액,,,,,,,,,240,g,3,병,11940,0,0,,,[푸른들] 경북 사과 소과 2kg (11-13과)
동원 참치액 순 900gx3개,동원참치액,,,,,,,,,900,g,3,개,27000,0,0,,,[푸른들] 경북 사과 중과 2kg (9-11과)
동원 참치액 진 900gx3개,동원참치액,,,,,,,,,900,g,3,개,29940,0,0,,,[푸른들] 경북 사과 중대과 10kg (34-38과)
동원 참치액 진 500gx3개,동원참치액,,,,,,,,,500,g,3,개,17940,0,0,,,[푸른들] 경북 사과 중대과 5kg (17-19과)
[4% 적립금] 동원 참치다시 1kgx10개(1박스),분말/액상조미료,,,,,,,,,1,kg,10,개,66000,0,0,,,[농협] 한아름드린 달콤한 꿀 수박 6-7kg(특품)
[4%적립금] 동원 참치다시 2kg x 5개 ( 1박스 ),분말/액상조미료,,,,,,,,,2,kg,5,개,65000,0,0,,,[희망농장] 국내산 머스크 멜론 8kg내외
동원 참치다시 300g,분말/액상조미료,,,,,,,,,300,g,,,6980,0,0,,,[희망농장] 국내산 머스크 멜론 4kg(박스포함중량)
동원 하루미 국물의신 참치링 80g ( 20정),분말/액상조미료,,,,,,,,,80,g,,,6980,0,0,,,[24년 추석] 더 기다림 자연맛집 청도초당곶감 햇 반건시 프리미엄 명품4호 선물세트 [40개 2.2kg이내]
동원 하루미 국물의신 멸치링 80g (20정),분말/액상조미료,,,,,,,,,80,g,,,6980,0,0,,,[24년 추석] 더 기다림 자연맛집 청도초당곶감 햇 반건시 프리미엄 명품12호 선물세트 [20개 1.5kg이내]
[4% 적립금] 동원 참치다시 300gx30개 ( 1박스),분말/액상조미료,,,,,,,,,300,g,30,개,89000,0,0,,,[해울림] 곶감 선물세트 7호_곶감20과_과당45~50g+아몬드300g+호두200g+캐슈넛300g
동원 참치다시 2kg,분말/액상조미료,,,,,,,,,2,kg,,,26980,0,0,,,[해울림] 곶감 선물세트 실속 2호
[2+2] 동원 참치액 순 900g,분말/액상조미료,,,,,,,,,900,g,,,25960,0,0,,,이음곶감 반건시 명품 7호 선물세트[반건시 65g~75g내외 30입 2.2kg미만]
동원 참치액 순 900gx3개,분말/액상조미료,,,,,,,,,900,g,3,개,27000,0,0,,,이음곶감 반건시 명품 4호 선물세트[반건시 40g~45g내외 40입 1.8kg미만]
식자재 아울렛 동원홈푸드 파마산블렌드 227g,찹쌀가루/전분/기타가루,,,,,,,,,227,g,,,7190,0,0,,,[하늘농가]순수국산 건도라지 50gX2팩
